id,titulo,precio_usd,dormitorios,banos,m2,m2_construidos,zona,latitud,longitud,anio_construccion,antiguedad_anos,es_proyecto,estado,link,imagen
192940548,"Apartamento en Rincón del Indio, Playa Brava",530000.0,3.0,3.0,192.0,129.0,Rincón del Indio,-34.9281905,-54.8917978,,,False,1,https://www.infocasas.com.uy/apartamento-en-rincon-del-indio-playa-brava/192940548,https://cdn1.infocasas.com.uy/web/68de9e30cccb4_infocdn.jpg
193166591,Venta Apto 2D Brava Punta prox mar con Amenities,220000.0,2.0,1.0,51.0,55.0,Playa Brava,-34.9490957,-54.9311706,,,False,1,https://www.infocasas.com.uy/venta-apto-2d-brava-punta-prox-mar-con-amenities/193166591,https://cdn1.infocasas.com.uy/repo/img/974465_TRU-778-TRA_805.jpg
193412054,Venetian Luxury Residences de 3 dormitorios en venta,1590000.0,3.0,4.0,189.0,254.0,Playa Mansa,-34.928953297746304,-54.959819366531406,2021.0,,False,1,https://www.infocasas.com.uy/venetian-luxury-residences-de-3-dormitorios-en-venta/193412054,https://cdn1.infocasas.com.uy/repo/img/405_CCP-39730-TRA_458.jpg
193483596,Venta apartamento de 2 dormitorios con gran terraza en Punta del Este,230000.0,2.0,2.0,132.0,0.0,Aidy Grill,-34.9482204,-54.9295258,,,False,1,https://www.infocasas.com.uy/venta-apartamento-de-2-dormitorios-con-gran-terraza-en-punta-del-este/193483596,https://cdn1.infocasas.com.uy/web/69b015b3173db_infocdn.jpg
192111065,"Venta Apartamento de Cuatro Dormitorio en Playa Mansa, Punta del Este",1000000.0,4.0,2.0,344.0,170.0,Playa Mansa,-34.9264249,-54.959136,,,False,1,https://www.infocasas.com.uy/venta-apartamento-de-cuatro-dormitorio-en-playa-mansa-punta-del-este/192111065,https://cdn1.infocasas.com.uy/web/67ca9da5c185c_infocdn.jpg
192741510,Venta de Apartamento de 3 Dormitorios en Laguna del Diario,850000.0,3.0,3.0,266.0,266.0,Laguna del Diario,-34.9084837,-55.0187062,,,False,1,https://www.infocasas.com.uy/venta-de-apartamento-de-3-dormitorios-en-laguna-del-diario/192741510,https://cdn1.infocasas.com.uy/web/689ae9e0eb217_infocdn.jpg
193497007,"(BPV-BPV-11030)  Venta de apartamento 1 dormitorio La Cañada, Punta del Este, Maldonado",135000.0,1.0,1.0,60.0,50.0,Playa Mansa,-34.916725,-54.962884,2026.0,,False,1,https://www.infocasas.com.uy/bpvbpv11030-venta-de-apartamento-1-dormitorio-la-cañada-punta-del-este-maldonado/193497007,https://cdn1.infocasas.com.uy/repo/img/279_BPV-BPV-11030_396.jpg
193541207,TRUMP TOWER DE TRES DORMITORIOS Y SERVICIO EN VENTA PUNTA DEL ESTE,1550000.0,3.0,3.0,227.0,310.0,Playa Brava,-34.94620020251199,-54.921649112103275,,,False,1,https://www.infocasas.com.uy/trump-tower-de-tres-dormitorios-y-servicio-en-venta-punta-del-este/193541207,https://cdn1.infocasas.com.uy/repo/img/405_CCP-39868-TRA_127.jpg
193625800,Venta Departamento a estrenar 3 dormitorios  Aidy Grill Punta del Este,340000.0,3.0,2.0,94.0,75.0,Aidy Grill,-34.9440548,-54.9300551,,,False,1,https://www.infocasas.com.uy/venta-departamento-a-estrenar-3-dormitorios-aidy-grill-punta-del-este/193625800,https://cdn1.infocasas.com.uy/web/69df362aae42c_infocdn.jpg
193360550,Venta apartamento 3 Dormitorios con parrillero Propio Playa Brava,650000.0,3.0,3.0,131.0,199.0,Playa Brava,-34.9439419825529,-54.92169816773683,2018.0,,False,1,https://www.infocasas.com.uy/venta-apartamento-3-dormitorios-con-parrillero-propio-playa-brava/193360550,https://cdn1.infocasas.com.uy/repo/img/192_AIXA-1576-TRA_131.jpg
193189030,Venta Departamento  3 dormitorios Pent House Playa Mansa  Punta del Este,510000.0,3.0,3.0,210.0,114.0,Playa Mansa,-34.918002,-54.9765911,,,False,1,https://www.infocasas.com.uy/venta-departamento-3-dormitorios-pent-house-playa-mansa-punta-del-este/193189030,https://cdn1.infocasas.com.uy/web/693a6b8711971_infocdn.jpg
192123672,Vento de Apartamento 1 Dormitorio - Playa Brava,195872.0,1.0,1.0,52.0,41.0,Playa Brava,-34.949147,-54.924279,,,False,1,https://www.infocasas.com.uy/vento-de-apartamento-1-dormitorio-playa-brava/192123672,https://cdn1.infocasas.com.uy/web/67cfdfd331fe2_infocdn.jpg
190960859,"Venta apartamento de 3 dormitorios y terraza frente al mar, Punta del Este",700000.0,3.0,3.0,120.0,100.0,Punta del Este,-34.9420527,-54.9456815,,,False,1,https://www.infocasas.com.uy/venta-apartamento-de-3-dormitorios-y-terraza-frente-al-mar-punta-del-este/190960859,https://cdn1.infocasas.com.uy/web/661d382775767_infocdn.jpg
192966981,Departamento en  Le Parc III,1350000.0,4.0,3.0,267.0,201.0,Playa Brava,-34.945441,-54.9215562,,,False,1,https://www.infocasas.com.uy/departamento-en-le-parc-iii/192966981,https://cdn1.infocasas.com.uy/web/68e7e9780f5d9_infocdn.jpg
193625857,Departamento en Punta del este ,1750000.0,4.0,3.0,180.0,180.0,Punta del Este,-34.916691152,-54.8549574804,,,False,1,https://www.infocasas.com.uy/departamento-en-punta-del-este-/193625857,https://cdn1.infocasas.com.uy/web/69dde9f7ee49f_infocdn.jpg
193185274,Penthouse Dúplex en Rincón del Indio ,3400000.0,5.0,3.0,571.0,332.0,Rincón del Indio,-34.9219063,-54.8937531,,,False,1,https://www.infocasas.com.uy/penthouse-duplex-en-rincon-del-indio-/193185274,https://cdn1.infocasas.com.uy/web/693919ebc9cfc_infocdn.jpg
193391667,Apartamento de dos dormitorios en suites en Paramount Smart Tower en  Venta,595000.0,2.0,2.0,82.0,90.0,Playa Mansa,-34.9423846197398,-54.94465135505065,2021.0,,,1,https://www.infocasas.com.uy/apartamento-de-dos-dormitorios-en-suites-en-paramount-smart-tower-en-venta/193391667,https://cdn1.infocasas.com.uy/repo/img/405_CCP-35707-TRA_881.jpg
193589947,"Venta Apartamento de 2 Dormitorios y medio,  A Estrenar Playa Mansa, Punta del Este",205000.0,2.0,1.0,78.0,63.0,Playa Mansa,-34.918002,-54.9765911,,,False,1,https://www.infocasas.com.uy/venta-apartamento-de-2-dormitorios-y-medio-a-estrenar-playa-mansa-punta-del-este/193589947,https://cdn1.infocasas.com.uy/web/69ce93ac65b50_infocdn.jpg
193377782,"Apartamento en venta en Playa Mansa, Punta del Este. - Genova - Ref : PBI14832",255000.0,2.0,2.0,68.0,102.0,Aidy Grill,-34.94722965673966,-54.93531157199706,2025.0,,False,1,https://www.infocasas.com.uy/apartamento-en-venta-en-playa-mansa-punta-del-este-genova-ref-pbi14832/193377782,https://cdn1.infocasas.com.uy/repo/img/148805_PBI-14832-TRA_830.jpg
193589929,"Venta Apartamento 4 dormitorios, Lincoln Center, Playa Mansa, Punta del Este",370000.0,4.0,3.0,150.0,142.0,Playa Mansa,-34.918002,-54.9765911,,,False,1,https://www.infocasas.com.uy/venta-apartamento-4-dormitorios-lincoln-center-playa-mansa-punta-del-este/193589929,https://cdn1.infocasas.com.uy/web/69ce8d37ef792_infocdn.jpg
193538839,EXCLUSIVA PLANTA EN VENTA EN LE PARC IV,1250000.0,3.0,3.0,156.0,197.0,Playa Brava,0,0,,,False,1,https://www.infocasas.com.uy/exclusiva-planta-en-venta-en-le-parc-iv/193538839,https://cdn1.infocasas.com.uy/repo/img/176807675_RHS-1948-TRA_6.jpg
193158837,Venta Departamento 4 suites mas dependencia  Playa Brava Punta del Este,1998000.0,4.0,3.0,420.0,344.0,Playa Brava,-34.9445152,-54.9164532,,,False,1,https://www.infocasas.com.uy/venta-departamento-4-suites-mas-dependencia-playa-brava-punta-del-este/193158837,https://cdn1.infocasas.com.uy/web/692e8ff3d186e_infocdn.jpg
192129434,Venta  Apartamento 1 Dormitorio Playa Mansa,203714.0,1.0,1.0,59.0,49.0,Playa Mansa,-34.918002,-54.9765911,,,False,1,https://www.infocasas.com.uy/venta-apartamento-1-dormitorio-playa-mansa/192129434,https://cdn1.infocasas.com.uy/web/67d13b052c00c_infocdn.jpg
190710380,Espectacular departamento de 3 dormitorios frente al mar. Walmer Lagoon,670000.0,3.0,3.0,109.0,164.0,Playa Mansa,0,0,,,False,1,https://www.infocasas.com.uy/espectacular-departamento-de-3-dormitorios-frente-al-mar-walmer-lagoon/190710380,https://cdn1.infocasas.com.uy/repo/img/173012432_NDM-18775-TRA_134.jpg
15018268,See Bosque,133480.0,1.0,1.0,45.0,37.0,Punta del Este,-34.91809776009817,-54.95770185487824,,,True,1,https://www.infocasas.com.uy/proyectos/see-bosque/15018268,https://cdn1.infocasas.com.uy/repo/img/39320_695_151.jpg
193067662,Venetian de dos dormitorios en venta 3 ambientes,890000.0,2.0,2.0,125.0,171.0,Playa Mansa,-34.928953297746304,-54.959819366531406,2021.0,,,1,https://www.infocasas.com.uy/venetian-de-dos-dormitorios-en-venta-3-ambientes/193067662,https://cdn1.infocasas.com.uy/repo/img/405_CCP-39174-TRA_479.jpg
193608556,EXCLUSIVO APARTAMENTO EN VENTA DE 3 DORMITORIOS,850000.0,3.0,3.0,80.0,100.0,Maldonado,0,0,2025.0,,False,1,https://www.infocasas.com.uy/exclusivo-apartamento-en-venta-de-3-dormitorios/193608556,https://cdn1.infocasas.com.uy/repo/img/599524_PAR-11912-TRA_578.jpg
193554852,Piso alto con hermosas vistas! Frente al mar,469000.0,2.0,2.0,102.0,127.0,Playa Mansa,0,0,2022.0,,False,1,https://www.infocasas.com.uy/piso-alto-con-hermosas-vistas-frente-al-mar/193554852,https://cdn1.infocasas.com.uy/repo/img/261_GII-3645-TRA_626.jpg
191071711,Apartamento en Cruceros 3,275000.0,2.0,2.0,78.0,72.0,Playa Mansa,-34.910311,-54.9955932,,,False,1,https://www.infocasas.com.uy/apartamento-en-cruceros-3/191071711,https://cdn1.infocasas.com.uy/web/66a49edf5f64c_infocdn.jpg
190629631,"Piso alto en venta con increible vista - Torre Le Parc III, departamento de 3 dormitorios",1400000.0,3.0,3.0,141.0,194.0,Playa Brava,0,0,2024.0,,False,1,https://www.infocasas.com.uy/piso-alto-en-venta-con-increible-vista-torre-le-parc-iii-departamento-de-3-dormitorios/190629631,https://cdn1.infocasas.com.uy/repo/img/173012432_NDM-17815-TRA_973.jpg
193625803,Venta Departamento 1 dormitorio Aidy Grill Punta del Este,190000.0,1.0,1.0,56.0,39.0,Aidy Grill,-34.9440548,-54.9300551,,,False,1,https://www.infocasas.com.uy/venta-departamento-1-dormitorio-aidy-grill-punta-del-este/193625803,https://cdn1.infocasas.com.uy/web/69df3664bc3a9_infocdn.jpg
193230494,VENTA APARTAMENTO 3 DORMITORIOS JOSE IGNACIO A ESTRENAR,820000.0,3.0,3.0,107.0,139.0,La Juanita,-34.83491830024927,-54.650099020593274,,,False,1,https://www.infocasas.com.uy/venta-apartamento-3-dormitorios-jose-ignacio-a-estrenar/193230494,https://cdn1.infocasas.com.uy/repo/img/175664160_ASZ-3096-TRA_89.jpg
193470384,Apartamento de 2 dormitorios en venta Maldonado,114000.0,2.0,1.0,52.0,55.0,Maldonado,0,0,,,False,1,https://www.infocasas.com.uy/apartamento-de-2-dormitorios-en-venta-maldonado/193470384,https://cdn1.infocasas.com.uy/repo/img/203121_SIP-14064-TRA_684.jpg
193625802,Venta Departamento  2 dormitorios 2 baños  Aidy Grill Punta del Este,280000.0,2.0,2.0,76.0,59.0,Aidy Grill,-34.9440548,-54.9300551,,,False,1,https://www.infocasas.com.uy/venta-departamento-2-dormitorios-2-baños-aidy-grill-punta-del-este/193625802,https://cdn1.infocasas.com.uy/web/69df3650e4007_infocdn.jpg
193625804,Venta Departamento 3 dormitorios  Aidy Grill Punta del Este,370000.0,3.0,2.0,93.0,75.0,Aidy Grill,-34.9482204,-54.9295258,,,False,1,https://www.infocasas.com.uy/venta-departamento-3-dormitorios-aidy-grill-punta-del-este/193625804,https://cdn1.infocasas.com.uy/web/69df3677dffe0_infocdn.jpg
193650414,"Espectacular apartamento en venta en Trump Tower, Punta del este",510000.0,1.0,2.0,112.0,112.0,Playa Brava,-34.947924,-54.92697649999999,,,False,1,https://www.infocasas.com.uy/espectacular-apartamento-en-venta-en-trump-tower-punta-del-este/193650414,https://cdn1.infocasas.com.uy/repo/img/176512310_MIL-197-TRA_457.jpg
192650070,Venetian Tower Punta del Este en Venta de 2 Suites Frente al Mar de Playa Mansa,770000.0,2.0,2.0,120.0,168.0,Playa Mansa,-34.928953297746304,-54.959819366531406,2021.0,,False,1,https://www.infocasas.com.uy/venetian-tower-punta-del-este-en-venta-de-2-suites-frente-al-mar-de-playa-mansa/192650070,https://cdn1.infocasas.com.uy/repo/img/405_CCP-34655-TRA_162.jpg
193638143,SE VENDE APARTAMENTO EN PUNTA DEL ESTE,349000.0,3.0,2.0,120.0,120.0,Punta del Este,0,0,2024.0,,False,1,https://www.infocasas.com.uy/se-vende-apartamento-en-punta-del-este/193638143,https://cdn1.infocasas.com.uy/repo/img/173592118_ONE-4387-TRA_691.jpg
193582196,"Apartamento a estrenar, 1 dorm y medio, excelente ubicación, terraza y cochera.",187000.0,1.0,1.0,49.0,0.0,Punta del Este,0,0,2026.0,,False,1,https://www.infocasas.com.uy/apartamento-a-estrenar-1-dorm-y-medio-excelente-ubicacion-terraza-y-cochera/193582196,https://cdn1.infocasas.com.uy/repo/img/37506_PPT-9680-TRA_759.jpg
193553661,Departamento 1 dormitorio en Playa Brava ,380000.0,1.0,1.0,93.0,72.0,Playa Brava,-34.9174549,-54.8744445,,,False,1,https://www.infocasas.com.uy/departamento-1-dormitorio-en-playa-brava-/193553661,https://cdn1.infocasas.com.uy/web/69c179c5785a0_infocdn.jpg
193134228,POSEIDON LAGUNA BLOCK 2 - 3 SUITE,599000.0,3.0,3.0,138.0,178.0,Pinares,-34.90769003995745,-55.0093098583496,,,False,1,https://www.infocasas.com.uy/poseidon-laguna-block-2-3-suite/193134228,https://cdn1.infocasas.com.uy/repo/img/256162_MKT-7749-TRA_813.jpg
193152101,LE PARC 3 - CENTRAL PISO ALTO 02,1050000.0,3.0,4.0,161.0,194.0,Playa Brava,-34.947924,-54.92697649999999,,,False,1,https://www.infocasas.com.uy/le-parc-3-central-piso-alto-02/193152101,https://cdn1.infocasas.com.uy/repo/img/256162_MKT-7771-TRA_64.jpg
193697019,Mansa Tower Apto 2 dormitorios y 2 baños,180250.0,2.0,2.0,72.0,96.0,Roosevelt,-34.9220435,-54.9528764,2026.0,,False,1,https://www.infocasas.com.uy/mansa-tower-apto-2-dormitorios-y-2-baños/193697019,https://cdn1.infocasas.com.uy/repo/img/176810136_GYC-473-TRA_476.jpg
190930232,Venta apartamento 2 dormitorios Punta del Este,330000.0,2.0,2.0,105.0,85.0,Playa Mansa,-34.948639,-54.9385715,,,False,1,https://www.infocasas.com.uy/venta-apartamento-2-dormitorios-punta-del-este/190930232,https://cdn1.infocasas.com.uy/web/6617c584c9f7e_infocdn.jpg
193521161,En venta departamento en Cipriani Punta del Este,21060000.0,6.0,8.0,1260.0,1620.0,Playa Brava,0,0,2028.0,,False,1,https://www.infocasas.com.uy/en-venta-departamento-en-cipriani-punta-del-este/193521161,https://cdn1.infocasas.com.uy/repo/img/176030818_CDV-1031-TRA_229.jpg
192867897,Venta Apartamento a Estrenar con Vista al Mar en Piriápolis,190000.0,1.0,1.0,551.0,57.0,Piriápolis,-34.86534799508497,-55.276583104510486,2025.0,,False,1,https://www.infocasas.com.uy/venta-apartamento-a-estrenar-con-vista-al-mar-en-piriapolis/192867897,https://cdn1.infocasas.com.uy/repo/img/173245385_NEF-2526-TRA_53.jpg
190625909,"Departamento en venta frente al mar. Torre Le Parc III, de 3 dormitorios",959000.0,3.0,3.0,141.0,194.0,Playa Brava,0,0,2024.0,,False,1,https://www.infocasas.com.uy/departamento-en-venta-frente-al-mar-torre-le-parc-iii-de-3-dormitorios/190625909,https://cdn1.infocasas.com.uy/repo/img/173012432_NDM-12290-TRA_841.jpg
193319461,Venta Apto 2D a estrenar Brava Punta con Amenities,300000.0,2.0,2.0,63.0,75.0,Playa Brava,-34.9490957,-54.9311706,,,False,1,https://www.infocasas.com.uy/venta-apto-2d-a-estrenar-brava-punta-con-amenities/193319461,https://cdn1.infocasas.com.uy/repo/img/974465_TRU-1519-TRA_16.jpg
193416502,Venta Apartamento 3 Dormitorios con Servicio en Manantiales,1590000.0,3.0,3.0,385.0,183.0,Manantiales,-34.8878991,-54.823307,,,False,1,https://www.infocasas.com.uy/venta-apartamento-3-dormitorios-con-servicio-en-manantiales/193416502,https://cdn1.infocasas.com.uy/web/6998090e65041_infocdn.jpg
190302964,"Apartamento de 1 dormitorio en venta, con vista a agradable entorno",210000.0,1.0,1.0,45.0,61.0,Playa Brava,0,0,,,False,1,https://www.infocasas.com.uy/apartamento-de-1-dormitorio-en-venta-con-vista-a-agradable-entorno/190302964,https://cdn1.infocasas.com.uy/repo/img/173012432_NDM-8774-TRA_421.jpg
191293516,Venta Apartamento 3 dormitorios Península Punta del Este Vista al Mar,340000.0,3.0,2.0,120.0,106.0,Península,-34.9600745,-54.9396022,,,False,1,https://www.infocasas.com.uy/venta-apartamento-3-dormitorios-peninsula-punta-del-este-vista-al-mar/191293516,https://cdn1.infocasas.com.uy/web/66d411612a97e_infocdn.jpg
190900759,Apartamento - Punta del Este. Piso 14. 2 dormitorios y garaje,289000.0,2.0,2.0,97.0,90.0,Punta del Este,-34.9516377,-54.9349786,,,False,1,https://www.infocasas.com.uy/apartamento-punta-del-este-piso-14-2-dormitorios-y-garaje/190900759,https://cdn1.infocasas.com.uy/web/65eff75db9539_infocdn.jpg
193139846,Venta Apartamento 1 Dormitorio A Estrenar  Maldonado,99000.0,1.0,1.0,39.0,36.0,Maldonado,-34.887763,-54.9815689,,,False,1,https://www.infocasas.com.uy/venta-apartamento-1-dormitorio-a-estrenar-maldonado/193139846,https://cdn1.infocasas.com.uy/web/6926a8b9562fe_infocdn.jpg
193086073,"En venta apartamentos de 1,2 y 3 dormitorios a estrenar Maldonado",108500.0,2.0,1.0,82.0,82.0,Maldonado,0,0,,,False,1,https://www.infocasas.com.uy/en-venta-apartamentos-de-12-y-3-dormitorios-a-estrenar-maldonado/193086073,https://cdn1.infocasas.com.uy/repo/img/176030818_CDV-197-TRA_175.jpg
193063187,Venta de Apartamento de 1 Dormitorio en Punta del Este,159000.0,1.0,1.0,53.0,44.0,Roosevelt,-34.9233807,-54.9515521,,,False,1,https://www.infocasas.com.uy/venta-de-apartamento-de-1-dormitorio-en-punta-del-este/193063187,https://cdn1.infocasas.com.uy/web/690af8ea29c22_infocdn.jpg
193613283,"Penthouse duplex en Venetian, Punta del Este",2770920.0,4.0,3.0,385.0,300.0,Playa Mansa,-34.918002,-54.9765911,,,False,1,https://www.infocasas.com.uy/penthouse-duplex-en-venetian-punta-del-este/193613283,https://cdn1.infocasas.com.uy/web/69d8abce238ad_infocdn.jpg
193244561,Exclusivo Apartamento de Lujo en Le Parc IV – Punta del Este,1250000.0,3.0,4.0,212.0,212.0,Playa Brava,-34.9453213,-54.9204397,,2.0,False,1,https://www.infocasas.com.uy/exclusivo-apartamento-de-lujo-en-le-parc-iv-–-punta-del-este/193244561,https://cdn2.infocasas.com.uy/repo/img/695a4c383b5de_infocdn__lswjke7xalvahrm3mltrfah5sapditv1m0xumwzljpg.jpg
193461918,Departamento en venta  Playa Brava Punta Del Este- Uruguay,612000.0,2.0,2.0,139.0,117.0,Playa Brava,-34.9445152,-54.9164532,,,False,1,https://www.infocasas.com.uy/departamento-en-venta-playa-brava-punta-del-este-uruguay/193461918,https://cdn1.infocasas.com.uy/web/69a83c6be497a_infocdn.jpg
190970106,Surfside 3 dormitorios en venta,1200000.0,3.0,3.0,230.0,262.0,Playa Brava,0,0,,,False,1,https://www.infocasas.com.uy/surfside-3-dormitorios-en-venta/190970106,https://cdn1.infocasas.com.uy/repo/img/203121_SIP-10657-TRA_132.jpg
192726982,Apartamento primera linea con terraza,390000.0,3.0,3.0,98.0,98.0,Península,-34.9624337,-54.9432886,,,False,1,https://www.infocasas.com.uy/apartamento-primera-linea-con-terraza/192726982,https://cdn1.infocasas.com.uy/web/689451579955d_infocdn.jpg
193747174,Departamento a estrenar en El Golf - Entorno residencial en Playa Brava.,190000.0,2.0,1.0,62.0,62.0,Golf,-34.925632,-54.8996317,,3.0,False,1,https://www.infocasas.com.uy/departamento-a-estrenar-en-el-golf-entorno-residencial-en-playa-brava/193747174,https://cdn2.infocasas.com.uy/repo/img/6a04dcd6edbe9_infocdn__rmy5j2c7udrxxkksejslamwe8uran5rwncxawmlmjpg.jpg
190512973,"Hermoso Departamento en venta de 3 dormitorios, piso alto en Torre One",720000.0,3.0,3.0,160.0,212.0,Playa Brava,0,0,,,False,1,https://www.infocasas.com.uy/hermoso-departamento-en-venta-de-3-dormitorios-piso-alto-en-torre-one/190512973,https://cdn1.infocasas.com.uy/repo/img/173012432_NDM-3523-TRA_174.jpg
192005962,Apartamento en venta de dos dormitorios con servicios en Playa Brava Punta del Este 2 Garages,360000.0,2.0,2.0,128.0,86.0,Playa Brava,-34.9535363,-54.9353657,,,False,1,https://www.infocasas.com.uy/apartamento-en-venta-de-dos-dormitorios-con-servicios-en-playa-brava-punta-del-este-2-garages/192005962,https://cdn1.infocasas.com.uy/web/67ac44b890139_infocdn.jpg
193591964,VIEW II PUNTA DEL ESTE A ESTRENAR VENTA APARTAMENTO 2 DORMITORIOS AIDY GRILL,280000.0,2.0,2.0,69.0,75.0,Aidy Grill,0,0,,,False,1,https://www.infocasas.com.uy/view-ii-punta-del-este-a-estrenar-venta-apartamento-2-dormitorios-aidy-grill/193591964,https://cdn1.infocasas.com.uy/repo/img/5226_NLV-225113-TRA_26.jpg
189213792,"Espectacular apartamento Playa Mansa , Walmer Lagoon",235000.0,2.0,2.0,69.0,93.0,Playa Mansa,0,0,,,False,1,https://www.infocasas.com.uy/espectacular-apartamento-playa-mansa-walmer-lagoon/189213792,https://cdn1.infocasas.com.uy/repo/img/173012432_NDM-3228-TRA_1000.jpg
193234632,"SURFSIDE esquinero, finamente decorado, 2 garajes",1100000.0,2.0,2.0,177.0,226.0,Playa Brava,-34.9189289382084,-54.87300786251845,2021.0,,False,1,https://www.infocasas.com.uy/surfside-esquinero-finamente-decorado-2-garajes/193234632,https://cdn1.infocasas.com.uy/repo/img/243_NYP-28426-TRA_584.jpg
193676203,"Apartamento de dos dormitorios en venta, Playa Brava, Punta del Este.",300000.0,2.0,2.0,86.0,86.0,Aidy Grill,0,0,2020.0,,,1,https://www.infocasas.com.uy/apartamento-de-dos-dormitorios-en-venta-playa-brava-punta-del-este/193676203,https://cdn1.infocasas.com.uy/repo/img/405_CCP-40078-TRA_214.jpg
192806937,Apartamento en Punta del Este. 1 dormitorio,169000.0,1.0,1.0,37.0,37.0,Aidy Grill,-34.9455836,-54.9318481,,,False,1,https://www.infocasas.com.uy/apartamento-en-punta-del-este-1-dormitorio/192806937,https://cdn1.infocasas.com.uy/web/68b1e68609e60_infocdn.jpg
193697035,Frente al mar y laguna - Este apartamento puede ser tuyo,448000.0,2.0,2.0,132.0,132.0,Playa Mansa,0,0,2022.0,,False,1,https://www.infocasas.com.uy/frente-al-mar-y-laguna-este-apartamento-puede-ser-tuyo/193697035,https://cdn1.infocasas.com.uy/repo/img/261_GII-3776-TRA_578.jpg
191873210,Apartamento en La Barra con terraza,195300.0,1.0,1.0,61.0,49.0,La Barra,-34.9154695,-54.853907,,,False,1,https://www.infocasas.com.uy/apartamento-en-la-barra-con-terraza/191873210,https://cdn1.infocasas.com.uy/web/67861b5ec1175_infocdn.jpg
191738280,Apartamento en venta en Playa Mansa,124000.0,0.0,1.0,36.0,36.0,Playa Mansa,-34.93466491004393,-54.942772457034266,2026.0,,False,1,https://www.infocasas.com.uy/apartamento-en-venta-en-playa-mansa/191738280,https://cdn1.infocasas.com.uy/repo/img/53_48568_488.jpg
193167003,Apartamento en venta - 3 dorm - Primera linea - Playa Mansa,550000.0,3.0,3.0,145.0,125.0,Pinares,-34.918002,-54.9765911,,,False,1,https://www.infocasas.com.uy/apartamento-en-venta-3-dorm-primera-linea-playa-mansa/193167003,https://cdn1.infocasas.com.uy/web/69313102e6f59_infocdn.jpg
193158853,Apartamento en venta - Aidy Grill - 3 dormitorios,329000.0,0.0,0.0,95.0,80.0,Aidy Grill,-34.9511751663,-54.9239253476,,,False,1,https://www.infocasas.com.uy/apartamento-en-venta-aidy-grill-3-dormitorios/193158853,https://cdn1.infocasas.com.uy/web/692e90bb6fb31_infocdn.jpg
192816859,"Apartamento en Torre de las Americas, Punta del Este",250000.0,3.0,2.0,78.0,78.0,Península,-34.9606389,-54.942152,,,False,1,https://www.infocasas.com.uy/apartamento-en-torre-de-las-americas-punta-del-este/192816859,https://cdn1.infocasas.com.uy/web/68b5cdcc824ba_infocdn.jpg
193576310,Apartamento a estrenar en Design District,255000.0,2.0,2.0,60.0,90.0,Aidy Grill,-34.944506321189586,-54.93375793014525,,,False,1,https://www.infocasas.com.uy/apartamento-a-estrenar-en-design-district/193576310,https://cdn1.infocasas.com.uy/repo/img/173158962_AVP-1465-TRA_151.jpg
192381362,Venta Apartamento Monoambiente Roosevelt Punta del Este,98017.0,0.0,1.0,38.0,28.0,Roosevelt,-34.9318414,-54.9429892,,,False,1,https://www.infocasas.com.uy/venta-apartamento-monoambiente-roosevelt-punta-del-este/192381362,https://cdn1.infocasas.com.uy/web/6822f3729cdf2_infocdn.jpg
190929939,Venta Apartamento Pent House  3 dormitorios mas dependencia Playa Mansa Punta del Este,2898000.0,3.0,3.0,514.0,258.0,Playa Mansa,-34.9295784907,-54.9622144597,,,False,1,https://www.infocasas.com.uy/venta-apartamento-pent-house-3-dormitorios-mas-dependencia-playa-mansa-punta-del-este/190929939,https://cdn1.infocasas.com.uy/web/6617bd4d6a112_infocdn.jpg
189045854,Apartamento - Maldonado,108000.0,2.0,1.0,81.0,55.0,Maldonado,-34.9138292,-54.9452495,,,False,1,https://www.infocasas.com.uy/apartamento-maldonado/189045854,https://cdn1.infocasas.com.uy/web/62493e04132bb_infocdn.jpg#HASTH
192508652,Apartamento en venta de 2 dormitorios c/ cochera en Playa Mansa,245000.0,2.0,2.0,93.0,93.0,Playa Mansa,-34.909256919826284,-55.00272046747132,2026.0,,False,1,https://www.infocasas.com.uy/apartamento-en-venta-de-2-dormitorios-c-cochera-en-playa-mansa/192508652,https://cdn1.infocasas.com.uy/repo/img/53_62366_141.jpg
192769156,SURFSIDE EN VENTA 1 SUITE + TOILETTE,475000.0,1.0,2.0,75.0,103.0,Playa Brava,-34.947924,-54.92697649999999,2023.0,,False,1,https://www.infocasas.com.uy/surfside-en-venta-1-suite-toilette/192769156,https://cdn1.infocasas.com.uy/repo/img/256162_MKT-7595-TRA_477.jpg
190941222,Apartamento - La Barra,234500.0,2.0,1.0,74.0,62.0,La Barra,-34.9082551368,-54.8518041481,,,False,1,https://www.infocasas.com.uy/apartamento-la-barra/190941222,https://cdn1.infocasas.com.uy/web/6611201286150_infocdn.jpg
190931079,"Venta y alquiler temporal Apartamento 3 dormitorios, Peninsula, Punta del Este",220000.0,3.0,2.0,114.0,102.0,Península,-34.9649371,-54.9462962,,,False,1,https://www.infocasas.com.uy/venta-y-alquiler-temporal-apartamento-3-dormitorios-peninsula-punta-del-este/190931079,https://cdn1.infocasas.com.uy/web/661852fca766c_infocdn.jpg
190929211,Departamento en Venta - Playa Brava,460000.0,2.0,2.0,127.0,90.0,Playa Brava,-34.9445152,-54.9164532,,,False,1,https://www.infocasas.com.uy/departamento-en-venta-playa-brava/190929211,https://cdn1.infocasas.com.uy/web/6617b75f8792b_infocdn.jpg
192897876,"Apartamento en venta en Piriápolis a estrenar  con vistas panorámicas a mar y cerros con Piscina, estacionamiento y Parrillero",181000.0,2.0,2.0,67.0,67.0,Piriápolis,-34.861243,-55.280402,,1.0,False,1,https://www.infocasas.com.uy/apartamento-en-venta-en-piriapolis-a-estrenar-con-vistas-panoramicas-a-mar-y-cerros-con-piscina-estacionamiento-y-parrillero/192897876,https://cdn2.infocasas.com.uy/repo/img/68d04e808e6c6_infocdn__ucsgzizwpvqqwknfjujlb7shdddmb5i3lgbnbq2spng.png
192943730,Apartamento en Punta del Este. Ocean Drive Country 2. Con garaje,157000.0,1.0,1.0,50.0,39.0,Punta del Este,-34.9263471,-54.9488309,,,False,1,https://www.infocasas.com.uy/apartamento-en-punta-del-este-ocean-drive-country-2-con-garaje/192943730,https://cdn1.infocasas.com.uy/web/68df7ca3197b8_infocdn.jpg
190908257,peninsula,159000.0,3.0,2.0,94.0,94.0,Península,-34.9633058,-54.9451796,,,False,1,https://www.infocasas.com.uy/peninsula/190908257,https://cdn1.infocasas.com.uy/web/65f149b8f2ca3_infocdn.jpg
191062711,Departamento 2 dormitorios 2 baños con vista al mar,290000.0,2.0,2.0,86.0,86.0,Aidy Grill,0,0,2020.0,,False,1,https://www.infocasas.com.uy/departamento-2-dormitorios-2-baños-con-vista-al-mar/191062711,https://cdn1.infocasas.com.uy/repo/img/405_CCP-35688-TRA_962.jpg
192693400,"Venta y Alquiler Apartamento en Miami Boulevard 2 Dormitorios, Vista al Mar y Amenities Premium",485000.0,2.0,3.0,96.0,76.0,Playa Mansa,-34.9463371,-54.9393587,,,False,1,https://www.infocasas.com.uy/venta-y-alquiler-apartamento-en-miami-boulevard-2-dormitorios-vista-al-mar-y-amenities-premium/192693400,https://cdn1.infocasas.com.uy/web/68886fb721c07_infocdn.jpg
193156974,Departamento Venta tres dormitorios Punta del Este  Piso alto pasante Vista al Mar Parrillero Propio,750000.0,3.0,2.0,207.0,121.0,Playa Brava,-34.9535363,-54.9353657,,,False,1,https://www.infocasas.com.uy/departamento-venta-tres-dormitorios-punta-del-este-piso-alto-pasante-vista-al-mar-parrillero-propio/193156974,https://cdn1.infocasas.com.uy/web/692df24b1da14_infocdn.jpg
192011855,Apartamento en Venta de 3 Dormitorios  - Punta del Este,460000.0,3.0,3.0,182.0,148.0,Punta del Este,-34.9330708,-54.9395818,,,False,1,https://www.infocasas.com.uy/apartamento-en-venta-de-3-dormitorios-punta-del-este/192011855,https://cdn1.infocasas.com.uy/web/67ada1fe16e12_infocdn.jpg
192634850,"Apartamento en venta en Punta del Este, The Colette. Amoblado.",3300000.0,4.0,3.0,383.0,304.0,Punta del Este,-34.9072838767,-54.8359688806,,,False,1,https://www.infocasas.com.uy/apartamento-en-venta-en-punta-del-este-the-colette-amoblado/192634850,https://cdn1.infocasas.com.uy/web/6874b00c53050_infocdn.jpg
193158856,Venta Departamento 1 dormitorio y medio Punta del Este,225000.0,1.0,1.0,44.0,44.0,Aidy Grill,-34.954308,-54.9365102,,,False,1,https://www.infocasas.com.uy/venta-departamento-1-dormitorio-y-medio-punta-del-este/193158856,https://cdn1.infocasas.com.uy/web/692e90fe66bf8_infocdn.jpg
192047340,Venta apartamento 3 dormitorios en Playa Brava Punta del Este,420000.0,3.0,2.0,186.0,141.0,Playa Brava,-34.9581623,-54.936751,,,False,1,https://www.infocasas.com.uy/venta-apartamento-3-dormitorios-en-playa-brava-punta-del-este/192047340,https://cdn1.infocasas.com.uy/web/67b6d091d982a_infocdn.jpg
192079741,Apartamento en  Punta del Este a Estrenar,240000.0,2.0,2.0,73.0,73.0,Aidy Grill,-34.9465946,-54.9319215,,1.0,False,1,https://www.infocasas.com.uy/apartamento-en-punta-del-este-a-estrenar/192079741,https://cdn2.infocasas.com.uy/repo/img/69fa019e4835d_infocdn__quox8uw6fnnfo6qjecsnlawugxt4jhbwqwupcranjpg.jpg
192925121,DEPARTAMENTO A ESTRENAR EN EDIFICIO DE CATEGORIA CON VISTA AL MAR,650000.0,3.0,2.0,44.0,199.0,Playa Brava,-34.944013160624216,-54.9214208622742,,,False,1,https://www.infocasas.com.uy/departamento-a-estrenar-en-edificio-de-categoria-con-vista-al-mar/192925121,https://cdn1.infocasas.com.uy/repo/img/73429_PMI-212636-TRA_34.jpg
191126846,Torres Cardinal E1 - 2D - Piso 1,150000.0,2.0,1.0,65.0,0.0,Roosevelt,-34.9132424,-54.9596503,,,False,1,https://www.infocasas.com.uy/torres-cardinal-e1-2d-piso-1/191126846,https://cdn1.infocasas.com.uy/web/66ac88d558f20_infocdn.jpg
191562098,Venta Departamento 3 dormitorios Punta del Este Bajos Gastos comunes,240000.0,2.0,2.0,81.0,69.0,Punta del Este,-34.9606389,-54.942152,,,False,1,https://www.infocasas.com.uy/venta-departamento-3-dormitorios-punta-del-este-bajos-gastos-comunes/191562098,https://cdn1.infocasas.com.uy/web/670a1cb3ac6c9_infocdn.jpg
192208614,MONOAMBIENTE EN SEA GARDEN,142000.0,0.0,1.0,35.0,39.0,Roosevelt,-34.9196174,-54.95557580000001,2025.0,,False,1,https://www.infocasas.com.uy/monoambiente-en-sea-garden/192208614,https://cdn1.infocasas.com.uy/repo/img/256162_MKT-7258-TRA_690.jpg
193411227,"Venta  Apartamento 3 Dormitorios y Dependencia, Punta del Este, Piso Alto",365000.0,3.0,3.0,120.0,101.0,Playa Mansa,-34.9428691,-54.944807,,,False,1,https://www.infocasas.com.uy/venta-apartamento-3-dormitorios-y-dependencia-punta-del-este-piso-alto/193411227,https://cdn1.infocasas.com.uy/web/6996bbf4a2fd8_infocdn.jpg
190925166,venta apartamento dos dormitorios playa brava,416500.0,2.0,2.0,106.0,88.0,Playa Brava,-34.9535363,-54.9353657,,,False,1,https://www.infocasas.com.uy/venta-apartamento-dos-dormitorios-playa-brava/190925166,https://cdn1.infocasas.com.uy/web/66179371ad22e_infocdn.jpg
193591178,Paramount De Tres Dormitorios En Suites + Dependencia En Alquiler,1600000.0,4.0,4.0,195.0,217.0,Playa Mansa,-34.9423846197398,-54.94465135505065,2021.0,,False,1,https://www.infocasas.com.uy/paramount-de-tres-dormitorios-en-suites-dependencia-en-alquiler/193591178,https://cdn1.infocasas.com.uy/repo/img/405_CCP-35253-TRA_723.jpg
193215341,Apartamento en Lomo De La Ballena 2 dormitorios - Sierra Ballena 2 - Ref : PBI1010,380000.0,2.0,2.0,145.0,145.0,Punta Ballena,-34.9073008633579,-55.04241531093596,,,False,1,https://www.infocasas.com.uy/apartamento-en-lomo-de-la-ballena-2-dormitorios-sierra-ballena-2-ref-pbi1010/193215341,https://cdn1.infocasas.com.uy/repo/img/148805_PBI-1010-TRA_305.jpg
193569266,Apartamento 1 dormitorio con cochera - Financiado,60000.0,1.0,1.0,44.0,53.0,Roosevelt,0,0,,,False,1,https://www.infocasas.com.uy/apartamento-1-dormitorio-con-cochera-financiado/193569266,https://cdn1.infocasas.com.uy/repo/img/176030818_CDV-1041-TRA_780.jpg
192918491,"Venta Apartamento 1 Dormitorio, Aidy Grill Punta del Este",175000.0,1.0,1.0,50.0,50.0,Aidy Grill,-34.9498413,-54.926299,,,False,1,https://www.infocasas.com.uy/venta-apartamento-1-dormitorio-aidy-grill-punta-del-este/192918491,https://cdn1.infocasas.com.uy/web/68d63eab96e00_infocdn.jpg
191562103,Apartamento Alquiler temporario 3 dormitorios  Playa Mansa Punta del Este,560000.0,3.0,3.0,147.0,123.0,Punta del Este,-34.9510562,-54.9364445,,,False,1,https://www.infocasas.com.uy/apartamento-alquiler-temporario-3-dormitorios-playa-mansa-punta-del-este/191562103,https://cdn1.infocasas.com.uy/web/6734e3227ea11_infocdn.jpg
190183043,"Apartamento a estrenar de 2 dormitorios con parrillero propio en la Mansa, Punta del Este.",210000.0,2.0,2.0,61.0,73.0,Playa Mansa,0,0,,,False,1,https://www.infocasas.com.uy/apartamento-a-estrenar-de-2-dormitorios-con-parrillero-propio-en-la-mansa-punta-del-este/190183043,https://cdn1.infocasas.com.uy/repo/img/599524_PAR-7718-TRA_265.jpg
192309257,Green Life. 2 dormitorios. Punta del Este. Roosevelt,233000.0,2.0,2.0,70.0,70.0,Roosevelt,-34.9203721,-54.9547594,,2.0,False,1,https://www.infocasas.com.uy/green-life-2-dormitorios-punta-del-este-roosevelt/192309257,https://cdn1.infocasas.com.uy/web/680baeef1dc3a_infocdn.jpg
190931137,Venta Pent House Playa brava Punta del Este,980000.0,3.0,2.0,352.0,181.0,Playa Brava,-34.9535363,-54.9353657,,,False,1,https://www.infocasas.com.uy/venta-pent-house-playa-brava-punta-del-este/190931137,https://cdn1.infocasas.com.uy/web/661855599b907_infocdn.jpg
193730361,Departamento en Roosevelt,129592.0,1.0,1.0,37.0,0.0,Roosevelt,-34.9306861,-54.9436328,,,False,1,https://www.infocasas.com.uy/departamento-en-roosevelt/193730361,https://cdn1.infocasas.com.uy/web/6a002f373c3d0_infocdn.jpg
191562100,Venta Departamento 3 suites Punta del Este ART TOWER,540000.0,3.0,3.0,147.0,123.0,Punta del Este,-34.9516209,-54.9371513,,,False,1,https://www.infocasas.com.uy/venta-departamento-3-suites-punta-del-este-art-tower/191562100,https://cdn1.infocasas.com.uy/web/6719ee8d3e47d_infocdn.jpg
191008544,Venta de Apartamento de Un Dormitorio con Balcón Maldonado,95978.0,1.0,1.0,43.0,37.0,Centro,-34.9063708,-54.9472057,,,False,1,https://www.infocasas.com.uy/venta-de-apartamento-de-un-dormitorio-con-balcon-maldonado/191008544,https://cdn1.infocasas.com.uy/web/6651aca959ced_infocdn.jpg
190929121,Venta Departamento  tres dormitorios Roosevelt Punta del Este bajos gastos comunes piso alto,395000.0,3.0,2.0,119.0,87.0,Roosevelt,-34.9429515,-54.9309942,,,False,1,https://www.infocasas.com.uy/venta-departamento-tres-dormitorios-roosevelt-punta-del-este-bajos-gastos-comunes-piso-alto/190929121,https://cdn1.infocasas.com.uy/web/6617b35253a90_infocdn.jpg
192868183,Venta Apartamento 1 Dormitorio en Piriápolis,145000.0,1.0,1.0,51.0,57.0,Piriápolis,0,0,2025.0,,False,1,https://www.infocasas.com.uy/venta-apartamento-1-dormitorio-en-piriapolis/192868183,https://cdn1.infocasas.com.uy/repo/img/173245385_NEF-2525-TRA_373.jpg
190930286,Venta apartamento 2 dormitorios Punta del Este,189000.0,2.0,2.0,85.0,71.0,Roosevelt,-34.9204307,-54.954995,,,False,1,https://www.infocasas.com.uy/venta-apartamento-2-dormitorios-punta-del-este/190930286,https://cdn1.infocasas.com.uy/web/6617c6f475f31_infocdn.jpg
193049004,Venta de Apartamento de 1 Dormitorio en Roosevelt Punta del Este,145000.0,1.0,1.0,47.0,34.0,Roosevelt,-34.9200823,-54.9581799,,,False,1,https://www.infocasas.com.uy/venta-de-apartamento-de-1-dormitorio-en-roosevelt-punta-del-este/193049004,https://cdn1.infocasas.com.uy/web/6904636aca93a_infocdn.jpg
192440113,Venta apartamento 2 dormitorios Punta del Este,285000.0,2.0,2.0,87.0,72.0,Punta del Este,-34.9479141,-54.929341,,,False,1,https://www.infocasas.com.uy/venta-apartamento-2-dormitorios-punta-del-este/192440113,https://cdn1.infocasas.com.uy/web/68301a07a4d60_infocdn.jpg
191008537,Pre venta Apartamento de 1 dormitorio en Punta del Este - Playa Mansa,175500.0,1.0,1.0,61.0,45.0,Playa Mansa,-34.950221,-54.9384593,,,False,1,https://www.infocasas.com.uy/pre-venta-apartamento-de-1-dormitorio-en-punta-del-este-playa-mansa/191008537,https://cdn1.infocasas.com.uy/web/6651ac3431ba9_infocdn.jpg
192897946,Apartamento en venta en Piriápolis a estrenar con vistas panorámicas y balcón privado y piscina,184000.0,2.0,2.0,67.0,67.0,Piriápolis,-34.8608808,-55.2809835,,1.0,False,1,https://www.infocasas.com.uy/apartamento-en-venta-en-piriapolis-a-estrenar-con-vistas-panoramicas-y-balcon-privado-y-piscina/192897946,https://cdn2.infocasas.com.uy/repo/img/68d0403f02444_infocdn__puxvocisygbixxamrszbxh0cj4j07ukmhijxwp1zpng.png
193184965,Venta Apto 2D Brava Punta con Amenities,290000.0,2.0,2.0,60.0,72.0,Playa Brava,-34.9490957,-54.9311706,,,False,1,https://www.infocasas.com.uy/venta-apto-2d-brava-punta-con-amenities/193184965,https://cdn1.infocasas.com.uy/repo/img/974465_TRU-1483-TRA_720.jpg
191664065,"Venta de Apartamento de 3 Dormitorios en suite en Le Parc 3 de Playa Brava, Punta del Este",970000.0,3.0,3.0,194.0,161.0,Playa Brava,0,0,,,False,1,https://www.infocasas.com.uy/venta-de-apartamento-de-3-dormitorios-en-suite-en-le-parc-3-de-playa-brava-punta-del-este/191664065,https://cdn1.infocasas.com.uy/repo/img/173452776_DPT-291-TRA_785.jpg
190931377,Venta Departamento 3 dormitorios mas dependencia Punta del este,1100000.0,3.0,3.0,354.0,165.0,Península,-34.9687651,-54.9482781,,,False,1,https://www.infocasas.com.uy/venta-departamento-3-dormitorios-mas-dependencia-punta-del-este/190931377,https://cdn1.infocasas.com.uy/web/66185ffdc81d2_infocdn.jpg
193708156,"Venta de Apartamento en Punta del Este, Playa Brava, Parada 2",450000.0,3.0,3.0,0.0,0.0,Punta del Este,-34.943303,-54.9301054,,,False,1,https://www.infocasas.com.uy/venta-de-apartamento-en-punta-del-este-playa-brava-parada-2/193708156,https://cdn1.infocasas.com.uy/web/69f994f41e9d2_infocdn.jpg
191910887,Hermoso Apto Con Vistas En Piriápolis,200000.0,2.0,2.0,67.0,67.0,Zona Hotel Argentino,-34.8626531,-55.27947169999999,2024.0,,False,1,https://www.infocasas.com.uy/hermoso-apto-con-vistas-en-piriapolis/191910887,https://cdn1.infocasas.com.uy/repo/img/fc1ed0c497dde50d12e50746c7a31c74417bf368.jpeg
192532872,Venta Apartamento De 1 Y 2 Dormitorios A Estrenar En Maldonado,88900.0,1.0,1.0,36.0,36.0,Maldonado,-34.895030445518515,-54.96331214904786,,,False,1,https://www.infocasas.com.uy/venta-apartamento-de-1-y-2-dormitorios-a-estrenar-en-maldonado/192532872,https://cdn1.infocasas.com.uy/repo/img/0c9a26ec47e2a52cf3bb53b782de522ff393de3b.jpeg
191113610,DUEÑO VENDE EN TORRE ARTOWER PISO 16 VISTA AL MAR AMUEBLADO Y CON GARAGE,225000.0,1.0,1.0,52.0,52.0,Aidy Grill,-34.9482204,-54.9295258,,,False,1,https://www.infocasas.com.uy/dueño-vende-en-torre-artower-piso-16-vista-al-mar-amueblado-y-con-garage/191113610,https://cdn1.infocasas.com.uy/repo/img/a716e7639bb3717d0088e825af6b894ca9715877.jpg
193424020,APARTAMENTO A ENTRENAR 3 DORMITORIOS,346000.0,3.0,2.0,83.0,0.0,Aidy Grill,0,0,,,False,1,https://www.infocasas.com.uy/apartamento-a-entrenar-3-dormitorios/193424020,https://cdn1.infocasas.com.uy/repo/img/173898037_BYH-6612-TRA_146.jpg
192810559,Apartamento 1 dormitorio 1 baño en Piriapolis - Edificio SEA SIDE PUERTO 207 - A ESTRENAR,194000.0,1.0,1.0,52.0,65.0,Piriápolis,-34.872086147571466,-55.27438883979796,2025.0,,False,1,https://www.infocasas.com.uy/apartamento-1-dormitorio-1-baño-en-piriapolis-edificio-sea-side-puerto-207-a-estrenar/192810559,https://cdn1.infocasas.com.uy/repo/img/173621583_LBZ-639-TRA_130.jpg
192769971,Agradable Pent House de 2 dormitorios con gran vista al mar,390000.0,2.0,2.0,115.0,150.0,Aidy Grill,0,0,,,False,1,https://www.infocasas.com.uy/agradable-pent-house-de-2-dormitorios-con-gran-vista-al-mar/192769971,https://cdn1.infocasas.com.uy/repo/img/173898037_BYH-1979-TRA_944.jpg
192780512,Departamento - Rincón del Indio,1200000.0,2.0,2.0,208.0,135.0,Rincón del Indio,-34.918229102,-54.872939158,,,False,1,https://www.infocasas.com.uy/departamento-rincon-del-indio/192780512,https://cdn1.infocasas.com.uy/web/68a87107a538d_infocdn.jpg
193323113,DEPARTAMENTO A ESTRENAR¡¡¡¡¡ IDEAL PARA VIVIR TODO EL AÑO,204000.0,1.0,1.0,61.0,0.0,Roosevelt,0,0,,,False,1,https://www.infocasas.com.uy/departamento-a-estrenar¡¡¡¡¡-ideal-para-vivir-todo-el-año/193323113,https://cdn1.infocasas.com.uy/repo/img/176651596_VDS-4856-TRA_587.jpg
193598948,VIEW II PUNTA DEL ESTE A ESTRENAR APARTAMENTO DE 1 DORMITORIO Y MEDIO A ESTRENAR,180000.0,1.0,1.0,45.0,51.0,Aidy Grill,0,0,,,False,1,https://www.infocasas.com.uy/view-ii-punta-del-este-a-estrenar-apartamento-de-1-dormitorio-y-medio-a-estrenar/193598948,https://cdn1.infocasas.com.uy/repo/img/5226_NLV-225129-TRA_3.jpg
193369715,Venta Apartamento 2 Dormitorios a Estrenar en Aidy Grill,290000.0,2.0,2.0,74.0,100.0,Aidy Grill,-34.944696299445376,-54.93061442750854,,,False,1,https://www.infocasas.com.uy/venta-apartamento-2-dormitorios-a-estrenar-en-aidy-grill/193369715,https://cdn1.infocasas.com.uy/repo/img/192_AIXA-1748-TRA_575.jpg
192898496,(BPV-BPV-10634)  Sense Manantiales  Venta apartamento 3 dormitorios,660000.0,3.0,3.0,133.0,113.0,Manantiales,-34.90668929311941,-54.83805177484448,2026.0,,False,1,https://www.infocasas.com.uy/bpvbpv10634-sense-manantiales--venta-apartamento-3-dormitorios/192898496,https://cdn1.infocasas.com.uy/repo/img/279_BPV-BPV-10634_705.jpg
193569888,"Venta apartamento 2 dormitorios. Playa brava, Punta del Este",398000.0,2.0,2.0,88.0,241.0,San Rafael,-34.94264119825225,-54.915863325195296,2026.0,,False,1,https://www.infocasas.com.uy/venta-apartamento-2-dormitorios-playa-brava-punta-del-este/193569888,https://cdn1.infocasas.com.uy/repo/img/694874_DMC-16747-TRA_535.jpg
193087373,Apartamento 1 Dormitorio. Zona de mayor desarrollo de Punta del Este,245000.0,1.0,1.0,43.0,0.0,Maldonado,-34.9188679,-54.956274,2024.0,,False,1,https://www.infocasas.com.uy/apartamento-1-dormitorio-zona-de-mayor-desarrollo-de-punta-del-este/193087373,https://cdn1.infocasas.com.uy/repo/img/201780_SYA-3772-TRA_932.jpg
193041130,Cipriani,1811775.0,2.0,2.0,142.0,142.0,Punta del Este,-34.94267202669308,-54.916466164140324,2027.0,,True,1,https://www.infocasas.com.uy/cipriani/193041130,https://cdn1.infocasas.com.uy/repo/img/39320_648_897.jpg
193036383,Exclusivo Apartamento Frente al Mar en Grutas de la Ballena,157000.0,1.0,1.0,32.0,32.0,Playa las Grutas,-34.9106478,-55.0415814,,1.0,False,1,https://www.infocasas.com.uy/exclusivo-apartamento-frente-al-mar-en-grutas-de-la-ballena/193036383,https://cdn2.infocasas.com.uy/repo/img/6900f8b3baf5c_infocdn__zvef8peayfg6r3cik1qcstwwwh9nh0rbhulgwx8djpg.jpg
192525045,Torres del Este excelente orientación y vistas en piso 10,189000.0,1.0,1.0,50.0,0.0,Aidy Grill,0,0,,,False,1,https://www.infocasas.com.uy/torres-del-este-excelente-orientacion-y-vistas-en-piso-10/192525045,https://cdn1.infocasas.com.uy/repo/img/175716718_CHZ-1974-TRA_903.jpg
192459038,Departamento - Bikini,447000.0,2.0,3.0,135.0,91.0,Manantiales,-34.9055325,-54.8262571,,,False,1,https://www.infocasas.com.uy/departamento-bikini/192459038,https://cdn1.infocasas.com.uy/web/6836b4f01621c_infocdn.jpg
192380212,Moderno Penthouse a Estrenar de 3 Dormitorios frente a Playa Mansa - Venta - Ref : EQP4572,800000.0,3.0,3.0,203.0,326.0,Playa Mansa,0,0,,,False,1,https://www.infocasas.com.uy/moderno-penthouse-a-estrenar-de-3-dormitorios-frente-a-playa-mansa-venta-ref-eqp4572/192380212,https://cdn1.infocasas.com.uy/repo/img/176001116_EQP-4572-TRA_550.jpg
192380297,A estrenar en Roosevelt - Ref : EQP5031,160000.0,1.0,1.0,50.0,50.0,Roosevelt,0,0,,,False,1,https://www.infocasas.com.uy/a-estrenar-en-roosevelt-ref-eqp5031/192380297,https://cdn1.infocasas.com.uy/repo/img/176001116_EQP-5031-TRA_9.jpg
192394215,JARDIM PAULISTA - 2 DORM,203000.0,2.0,1.0,45.0,60.0,Playa Mansa,0,0,,,False,1,https://www.infocasas.com.uy/jardim-paulista-2-dorm/192394215,https://cdn1.infocasas.com.uy/repo/img/256162_MKT-7405-TRA_237.jpg
192635340,Departamento en venta 1 dormitorio Punta del Este,189004.0,1.0,1.0,94.0,49.0,Playa Mansa,-34.918002,-54.9765911,,,False,1,https://www.infocasas.com.uy/departamento-en-venta-1-dormitorio-punta-del-este/192635340,https://cdn1.infocasas.com.uy/web/6874dcac9ec80_infocdn.jpg
193693811,"Unidad de 3 dormitorios en venta frente al mar, Proyecto con financiaicon, Sofia del Mar",2839700.0,3.0,3.0,234.0,346.0,Península,0,0,,,False,1,https://www.infocasas.com.uy/unidad-de-3-dormitorios-en-venta-frente-al-mar-proyecto-con-financiaicon-sofia-del-mar/193693811,https://cdn1.infocasas.com.uy/repo/img/173012432_NDM-29922-TRA_3.jpg
193604102,"Moderno Apartamento de 2 Dormitorios en Playa Brava, Punta del Este",290000.0,2.0,2.0,78.0,86.0,Aidy Grill,0,0,2021.0,,False,1,https://www.infocasas.com.uy/moderno-apartamento-de-2-dormitorios-en-playa-brava-punta-del-este/193604102,https://cdn1.infocasas.com.uy/repo/img/5226_NLV-225170-TRA_235.jpg
193551891,Torre Gauguin - Piso Alto 1 dorm con Vista Panorámica,175000.0,1.0,1.0,42.0,42.0,Playa Brava,0,0,,,False,1,https://www.infocasas.com.uy/torre-gauguin-piso-alto-1-dorm-con-vista-panoramica/193551891,https://cdn1.infocasas.com.uy/repo/img/1189_MYT-5732-TRA_621.jpg
193730413,VENTA 2 DORMITORIOS VISTA A LA LAGUNA,440000.0,2.0,2.0,117.0,0.0,Playa Mansa,-34.908509177772,-55.005170702934,2023.0,,False,1,https://www.infocasas.com.uy/venta-2-dormitorios-vista-a-la-laguna/193730413,https://cdn1.infocasas.com.uy/repo/img/13651_UY.42.1.154.41.V18_20.jpg
193753807,Departamento en  Complejo en Rincón del Indio,269000.0,2.0,2.0,105.0,80.0,Rincón del Indio,-34.9219063,-54.8937531,,,False,1,https://www.infocasas.com.uy/departamento-en-complejo-en-rincon-del-indio/193753807,https://cdn1.infocasas.com.uy/web/6a06c951360b3_infocdn.jpg
193749218,Venta Apartamento 1 Dormitorio Centro de Piriapolis,158000.0,1.0,1.0,51.0,57.0,Piriápolis,-34.86534799508497,-55.276583104510486,2025.0,,False,1,https://www.infocasas.com.uy/venta-apartamento-1-dormitorio-centro-de-piriapolis/193749218,https://cdn1.infocasas.com.uy/repo/img/173245385_NEF-2760-TRA_901.jpg
193593031,PENT HOUSE EN PINARES PRIMERA FILA 3 DORMITORIOS A ESTRENAR,950000.0,3.0,3.0,136.0,170.0,Pinares,0,0,,,False,1,https://www.infocasas.com.uy/pent-house-en-pinares-primera-fila-3-dormitorios-a-estrenar/193593031,https://cdn1.infocasas.com.uy/repo/img/173325609_MCH-14138-TRA_145.jpg
193625598,DEPARTAMENTO DE 2 DORMITORIOS A ESTRENAR EN LA MANSA,230000.0,2.0,2.0,109.0,109.0,Playa Mansa,-34.92379760983023,-54.95617605211488,2024.0,,False,1,https://www.infocasas.com.uy/departamento-de-2-dormitorios-a-estrenar-en-la-mansa/193625598,https://cdn1.infocasas.com.uy/repo/img/73429_PMI-212996-TRA_795.jpg
193594361,"En venta apartamento de 3 dormitorios en Roosevelt, Punta del Este",204810.0,3.0,2.0,76.0,93.0,Roosevelt,0,0,,,False,1,https://www.infocasas.com.uy/en-venta-apartamento-de-3-dormitorios-en-roosevelt-punta-del-este/193594361,https://cdn1.infocasas.com.uy/repo/img/173012432_NDM-29693-TRA_271.jpg
193550025,"Venta Espectacular Apartamento Frente al Mar, 3 Dormitorios, Le Parc Punta del Este",1580000.0,3.0,3.0,194.0,161.0,Playa Brava,0,0,,,False,1,https://www.infocasas.com.uy/venta-espectacular-apartamento-frente-al-mar-3-dormitorios-le-parc-punta-del-este/193550025,https://cdn1.infocasas.com.uy/repo/img/173898037_BYH-2301-TRA_552.jpg
193511755,"La inversión que estabas esperando. Torre en pozo, departamentos en venta en Punta del Este",210000.0,1.0,1.0,45.0,61.0,Playa Brava,0,0,,,False,1,https://www.infocasas.com.uy/la-inversion-que-estabas-esperando-torre-en-pozo-departamentos-en-venta-en-punta-del-este/193511755,https://cdn1.infocasas.com.uy/repo/img/173211400_SPP-13914-TRA_162.jpg
193352588,Apartamento en Mansa - Punta del Este en venta de 2 dormitorios.,734000.0,2.0,2.0,82.0,90.0,Playa Mansa,0,0,2021.0,,False,1,https://www.infocasas.com.uy/apartamento-en-mansa-punta-del-este-en-venta-de-2-dormitorios/193352588,https://cdn1.infocasas.com.uy/repo/img/173012432_NDM-25091-TRA_783.jpg
193325158,venta de Apartamento a estrenar¡¡¡¡ en Punta del Este,160000.0,1.0,1.0,50.0,0.0,Roosevelt,0,0,,,False,1,https://www.infocasas.com.uy/venta-de-apartamento-a-estrenar¡¡¡¡-en-punta-del-este/193325158,https://cdn1.infocasas.com.uy/repo/img/176651596_VDS-1800-TRA_401.jpg
193284218,Apartamento en Venta de 3 Dormitorios sobre Roosevelt,200831.0,3.0,2.0,93.0,77.0,Roosevelt,-34.9306861,-54.9436328,,,False,1,https://www.infocasas.com.uy/apartamento-en-venta-de-3-dormitorios-sobre-roosevelt/193284218,https://cdn1.infocasas.com.uy/web/696b37256b19d_infocdn.jpg
193549847,OTTO UNO - A estrenar - 3 Dormitorios,235000.0,3.0,2.0,70.0,85.0,Roosevelt,-34.91989493969353,-54.95467488964079,2023.0,,False,1,https://www.infocasas.com.uy/otto-uno-a-estrenar-3-dormitorios/193549847,https://cdn1.infocasas.com.uy/repo/img/173862716_DSA-682-TRA_983.jpg
193552801,Venta - Parada 3 Mansa. Av. Chiverta casi a estrenar,348000.0,2.0,2.0,90.0,0.0,Aidy Grill,0,0,,,False,1,https://www.infocasas.com.uy/venta-parada-3-mansa-av-chiverta-casi-a-estrenar/193552801,https://cdn1.infocasas.com.uy/repo/img/173898037_BYH-6417-TRA_13.jpg
193564737,Venta apartamento monoambiente - Playa Mansa - Punta del Este,110580.0,0.0,1.0,32.0,44.0,Playa Mansa,-34.948250532512816,-54.93940015674626,2027.0,,False,1,https://www.infocasas.com.uy/venta-apartamento-monoambiente-playa-mansa-punta-del-este/193564737,https://cdn1.infocasas.com.uy/repo/img/694874_DMC-16737-TRA_328.jpg
193512514,Apartamento de 1 dormitorio a estrenar a pasos del mar,150000.0,1.0,1.0,44.0,44.0,Playa Mansa,0,0,2025.0,,False,1,https://www.infocasas.com.uy/apartamento-de-1-dormitorio-a-estrenar-a-pasos-del-mar/193512514,https://cdn1.infocasas.com.uy/repo/img/201060_NGP-31246-TRA_781.jpg
193387518,"Ocupe Ya, unidad de 2 dormitorios en venta en Torres del Este",275000.0,2.0,2.0,63.0,78.0,Playa Mansa,0,0,2025.0,,False,1,https://www.infocasas.com.uy/ocupe-ya-unidad-de-2-dormitorios-en-venta-en-torres-del-este/193387518,https://cdn1.infocasas.com.uy/repo/img/173012432_NDM-28769-TRA_416.jpg
193406761,EDIFICIO CASA LIVING - 2 SUITE BLOCK 2,896000.0,2.0,3.0,129.0,161.0,Manantiales,0,0,2027.0,,False,1,https://www.infocasas.com.uy/edificio-casa-living-2-suite-block-2/193406761,https://cdn1.infocasas.com.uy/repo/img/256162_MKT-7965-TRA_258.jpg
193138825,"Apartamento en venta, Roosevelt, Punta del Este. A estrenar",170000.0,0.0,1.0,50.0,50.0,Roosevelt,-34.92644108843292,-54.94870395708619,,,False,1,https://www.infocasas.com.uy/apartamento-en-venta-roosevelt-punta-del-este-a-estrenar/193138825,https://cdn1.infocasas.com.uy/repo/img/173903975_KCP-21096781-TRA_622.jpg
193370318,Venta de Apartamento 2 dormitorios a estrenar de gran categoría en La Carolina del Mar Manantiales,845000.0,2.0,3.0,157.0,129.0,Manantiales,-34.9049745,-54.829004,,,False,1,https://www.infocasas.com.uy/venta-de-apartamento-2-dormitorios-a-estrenar-de-gran-categoria-en-la-carolina-del-mar-manantiales/193370318,https://cdn1.infocasas.com.uy/web/6986ec8fd85a1_infocdn.jpg
193351154,Apartamento de 1 dormitorio en Punta del este View 2 con amenities,200000.0,1.0,1.0,40.0,45.0,Aidy Grill,0,0,2025.0,,False,1,https://www.infocasas.com.uy/apartamento-de-1-dormitorio-en-punta-del-este-view-2-con-amenities/193351154,https://cdn1.infocasas.com.uy/repo/img/176651596_VDS-4962-TRA_564.jpg
193470261,Departamento - Roosevelt,300000.0,2.0,3.0,99.0,85.0,Roosevelt,-34.9319269842,-54.9421507311,,,False,1,https://www.infocasas.com.uy/departamento-roosevelt/193470261,https://cdn1.infocasas.com.uy/web/69aa7ccf723fa_infocdn.jpg
192930677,"Venta Apartamento 3 Dormitorios en Suite, Parrilla y Balcón en Poseidon Laguna",490000.0,3.0,3.0,105.0,105.0,Barrio Córdoba,-34.9082188,-55.0087347,2026.0,,False,1,https://www.infocasas.com.uy/venta-apartamento-3-dormitorios-en-suite-parrilla-y-balcon-en-poseidon-laguna/192930677,https://cdn1.infocasas.com.uy/repo/img/117272_P002365_86.jpg
193555414,Venta apartamento 1 dormitorio - Playa Mansa - Punta del Este,152095.0,1.0,1.0,41.0,49.0,Playa Mansa,-34.948250532512816,-54.93940015674626,2027.0,,False,1,https://www.infocasas.com.uy/venta-apartamento-1-dormitorio-playa-mansa-punta-del-este/193555414,https://cdn1.infocasas.com.uy/repo/img/694874_DMC-16684-TRA_397.jpg
192918489,Apartamento de 1 Dormitorio - Punta Ballena,205800.0,1.0,1.0,46.0,32.0,Punta Ballena,-34.8889831,-55.0383628,,,False,1,https://www.infocasas.com.uy/apartamento-de-1-dormitorio-punta-ballena/192918489,https://cdn1.infocasas.com.uy/web/68d63e88ca10b_infocdn.jpg
193540032,Departamento en venta y Alquiler temporal de 2 dormitorios torre Imperiale III,430000.0,2.0,0.0,87.0,87.0,Playa Brava,-34.9445152,-54.9164532,,,False,1,https://www.infocasas.com.uy/departamento-en-venta-y-alquiler-temporal-de-2-dormitorios-torre-imperiale-iii/193540032,https://cdn1.infocasas.com.uy/web/69bbb8b4b4921_infocdn.jpg
192596150,Apartamento de dos dormitorios en Punta del Este,182000.0,2.0,1.0,70.0,60.0,Playa Brava,-34.9445152,-54.9164532,,,False,1,https://www.infocasas.com.uy/apartamento-de-dos-dormitorios-en-punta-del-este/192596150,https://cdn1.infocasas.com.uy/web/686629ce93d8a_infocdn.jpg
192687778,Venta Trump Tower 2 dormitorios Playa Brava,990000.0,1.0,2.0,209.0,209.0,Playa Brava,-34.9459303486,-54.922413826,,,False,1,https://www.infocasas.com.uy/venta-trump-tower-2-dormitorios-playa-brava/192687778,https://cdn1.infocasas.com.uy/web/6885d4346954d_infocdn.jpg
192635127,"Departamento en venta monoambiente, Punta Ballena",119000.0,0.0,1.0,42.0,32.0,Punta Ballena,-34.9080262,-55.0373968,,,False,1,https://www.infocasas.com.uy/departamento-en-venta-monoambiente-punta-ballena/192635127,https://cdn1.infocasas.com.uy/web/6874d27d4d212_infocdn.jpg
192780117,"Green Life, Punta del Este. 2 dormitorios, 2 baños.",300000.0,2.0,2.0,69.0,86.0,Roosevelt,0,0,2016.0,,False,1,https://www.infocasas.com.uy/green-life-punta-del-este-2-dormitorios-2-baños/192780117,https://cdn1.infocasas.com.uy/repo/img/173255338_EV-1622-TRA_234.jpg
192980600,"Mansa, primera fila, 3 suites, 2 garajes, a estrenar",670000.0,3.0,3.0,190.0,240.0,Playa Mansa,0,0,,,False,1,https://www.infocasas.com.uy/mansa-primera-fila-3-suites-2-garajes-a-estrenar/192980600,https://cdn1.infocasas.com.uy/repo/img/243_NYP-40674-TRA_479.jpg
193053124,Trump Tower en Venta y Alquiler Frente a Playa Brava - TM7475409,780000.0,2.0,1.0,165.0,165.0,Playa Brava,-34.9445152,-54.9164532,,,False,1,https://www.infocasas.com.uy/trump-tower-en-venta-y-alquiler-frente-a-playa-brava-tm7475409/193053124,https://cdn1.infocasas.com.uy/web/6905afdfadc51_infocdn.jpg
193587122,"Torres del Este, Torre 2. Esquinero 3 dorm.",410000.0,2.0,2.0,91.0,98.0,Playa Brava,-34.9516377,-54.9349786,,,False,1,https://www.infocasas.com.uy/torres-del-este-torre-2-esquinero-3-dorm/193587122,https://cdn1.infocasas.com.uy/repo/img/243_NYP-41052-TRA_365.jpg
192709357,Apartamento en Mansa - Punta del Este en venta de 3 dormitorios.,940000.0,3.0,3.0,143.0,204.0,Playa Mansa,0,0,2021.0,,False,1,https://www.infocasas.com.uy/apartamento-en-mansa-punta-del-este-en-venta-de-3-dormitorios/192709357,https://cdn1.infocasas.com.uy/repo/img/173012432_NDM-25893-TRA_332.jpg
192607666,CASA LIVING Manantiales,1315000.0,3.0,3.0,262.0,0.0,Manantiales,0,0,2027.0,,False,1,https://www.infocasas.com.uy/casa-living-manantiales/192607666,https://cdn1.infocasas.com.uy/repo/img/256162_MKT-7513-TRA_131.jpg
192529787,"Venta y Alquiler Apartamento 2 Dormitorios Parrillero, Miami Boulevard, Punta del este",485000.0,2.0,3.0,96.0,76.0,Playa Mansa,-34.9463371,-54.9393587,,,False,1,https://www.infocasas.com.uy/venta-y-alquiler-apartamento-2-dormitorios-parrillero-miami-boulevard-punta-del-este/192529787,https://cdn1.infocasas.com.uy/web/684d2057649ba_infocdn.jpg
192635371,"Departamento en  venta, 1 dormitorio, Golden Rise Roosevelt Punta del Este",273000.0,2.0,2.0,93.0,71.0,Roosevelt,-34.9203721,-54.9547594,,,False,1,https://www.infocasas.com.uy/departamento-en-venta-1-dormitorio-golden-rise-roosevelt-punta-del-este/192635371,https://cdn1.infocasas.com.uy/web/6874de5be5c87_infocdn.jpg
192529845,"Apartamento en VENTA en Jardines de Lussich, Maldonado. OPORTUNIDAD, con posibilidad de financiación propia",88000.0,2.0,1.0,74.0,74.0,Maldonado,0,0,2023.0,,False,1,https://www.infocasas.com.uy/apartamento-en-venta-en-jardines-de-lussich-maldonado-oportunidad-con-posibilidad-de-financiacion-propia/192529845,https://cdn1.infocasas.com.uy/repo/img/173890249_REI-10868-TRA_146.jpg
192209849,OPORTUNIDAD DE INVERSIÓN EN MALDONADO - APARTAMENTO A ESTRENAR DE 2 DORMITORIOS - BAJAS EXPENSAS,178000.0,2.0,1.0,59.0,88.0,Maldonado,-34.91534669073336,-54.95663290222166,2022.0,,False,1,https://www.infocasas.com.uy/oportunidad-de-inversion-en-maldonado-apartamento-a-estrenar-de-2-dormitorios-bajas-expensas/192209849,https://cdn1.infocasas.com.uy/repo/img/173862716_DSA-931-TRA_83.jpg
192073273,Venta Apartamento Un dormitorio Ultima Unidad Laguna Punta del Este,255000.0,1.0,1.0,92.0,80.0,Playa Mansa,-34.9445152,-54.9164532,,,False,1,https://www.infocasas.com.uy/venta-apartamento-un-dormitorio-ultima-unidad-laguna-punta-del-este/192073273,https://cdn1.infocasas.com.uy/web/688871e8c0ba7_infocdn.jpg
192168219,Venta apartamento 2 dormitorios Punta del Este,224000.0,2.0,2.0,58.0,79.0,Playa Mansa,-34.918504979326535,-54.97821932037352,2027.0,,False,1,https://www.infocasas.com.uy/venta-apartamento-2-dormitorios-punta-del-este/192168219,https://cdn1.infocasas.com.uy/repo/img/694874_DMC-14422-TRA_452.jpg
15018083,More Atlántico - Torre 3,169045.0,1.0,1.0,42.0,39.0,Punta del Este,-34.91616923404286,-54.95996478811341,,,True,1,https://www.infocasas.com.uy/proyectos/more-atlantico-torre-3/15018083,https://cdn1.infocasas.com.uy/repo/img/39320_688_891.jpg
191232137,Venta apartamento de 1 Dormitorio y medio con amenities Punta del Este,165000.0,1.0,1.0,58.0,42.0,Playa Brava,-34.9445152,-54.9164532,,,False,1,https://www.infocasas.com.uy/venta-apartamento-de-1-dormitorio-y-medio-con-amenities-punta-del-este/191232137,https://cdn1.infocasas.com.uy/web/66c19c7105a7d_infocdn.jpg
193252020,"A estrenar, proxiimo a Playa Mansa y Playa Brava, Punta del Este, Torres del Este, Reventa",279000.0,2.0,2.0,63.0,78.0,Playa Mansa,0,0,2025.0,,False,1,https://www.infocasas.com.uy/a-estrenar-proxiimo-a-playa-mansa-y-playa-brava-punta-del-este-torres-del-este-reventa/193252020,https://cdn1.infocasas.com.uy/repo/img/405_CCP-39513-TRA_911.jpg
191445287,Surfside Punta del Este Apartamento en Venta,1250000.0,2.0,3.0,135.0,208.0,Playa Brava,0,0,2022.0,,False,1,https://www.infocasas.com.uy/surfside-punta-del-este-apartamento-en-venta/191445287,https://cdn1.infocasas.com.uy/repo/img/405_CCP-36904-TRA_59.jpg
191392152,"THE ROCK RESIDENCES APARTAMENTO EN VENTA PLAYA BRAVA, PUNTA DEL ESTE",5355000.0,3.0,4.0,344.0,543.0,Playa Brava,0,0,,,False,1,https://www.infocasas.com.uy/the-rock-residences-apartamento-en-venta-playa-brava-punta-del-este/191392152,https://cdn1.infocasas.com.uy/repo/img/405_CCP-36888-TRA_147.jpg
191910642,Apartamento De Tres Dormitorios En Suites + Dependencia En Paramount Smart Tower En Venta,1500000.0,4.0,4.0,195.0,217.0,Playa Mansa,-34.9423846197398,-54.94465135505065,2021.0,,False,1,https://www.infocasas.com.uy/apartamento-de-tres-dormitorios-en-suites-dependencia-en-paramount-smart-tower-en-venta/191910642,https://cdn1.infocasas.com.uy/repo/img/405_CCP-35493-TRA_41.jpg
193344394,Apartamento de tres dormitorios en Saint Moritz Punta del Este en venta,790000.0,3.0,3.0,128.0,196.0,Playa Mansa,-34.933072001870556,-54.95568876464842,2024.0,,False,1,https://www.infocasas.com.uy/apartamento-de-tres-dormitorios-en-saint-moritz-punta-del-este-en-venta/193344394,https://cdn1.infocasas.com.uy/repo/img/405_CCP-38783-TRA_49.jpg
193512985,"Apartamento en venta de dos dormitorios con vista al Mar, Playa Brava, Punta del Este.",310000.0,2.0,2.0,86.0,86.0,Aidy Grill,0,0,2020.0,,False,1,https://www.infocasas.com.uy/apartamento-en-venta-de-dos-dormitorios-con-vista-al-mar-playa-brava-punta-del-este/193512985,https://cdn1.infocasas.com.uy/repo/img/405_CCP-39838-TRA_694.jpg
192351503,Trump Tower Punta del Este 4 Ambientes,1800000.0,3.0,3.0,227.0,310.0,Playa Brava,-34.94620020251199,-54.921649112103275,,,False,1,https://www.infocasas.com.uy/trump-tower-punta-del-este-4-ambientes/192351503,https://cdn1.infocasas.com.uy/repo/img/405_CCP-36118-TRA_877.jpg
191989427,Departamento - Playa Brava- Primera Linea - 3 dormitorios,570000.0,3.0,3.0,200.0,200.0,Playa Brava,-34.9569838,-54.9364075,,,False,1,https://www.infocasas.com.uy/departamento-playa-brava-primera-linea-3-dormitorios/191989427,https://cdn1.infocasas.com.uy/web/67a752f872273_infocdn.jpg
191271308,Venta apartamento 3 dormitorios Punta del Este,975000.0,3.0,3.0,280.0,280.0,Punta Ballena,0,0,,,False,1,https://www.infocasas.com.uy/venta-apartamento-3-dormitorios-punta-del-este/191271308,https://cdn1.infocasas.com.uy/repo/img/694874_DMC-9307-TRA_839.jpg
191414556,Departamento en  View Brava ,479172.0,3.0,3.0,181.0,121.0,Playa Brava,-34.944959,-54.9314369,,,False,1,https://www.infocasas.com.uy/departamento-en-view-brava-/191414556,https://cdn1.infocasas.com.uy/web/66ea7de2a767c_infocdn.jpg
191698353,Departamento - Playa Brava,398000.0,2.0,2.0,108.0,87.0,Playa Brava,-34.9425233,-54.914629,,,False,1,https://www.infocasas.com.uy/departamento-playa-brava/191698353,https://cdn1.infocasas.com.uy/web/673c4082a5cf9_infocdn.jpg
191458311,Departamento 2 dormitorios en venta Surfside - Rincon del indio,1100000.0,2.0,2.0,208.0,135.0,Rincón del Indio,-34.918229102,-54.872939158,,,False,1,https://www.infocasas.com.uy/departamento-2-dormitorios-en-venta-surfside-rincon-del-indio/191458311,https://cdn1.infocasas.com.uy/web/675e806d78b86_infocdn.jpg
191079006,Apartamento en Roosevelt,155467.0,0.0,1.0,36.0,33.0,Roosevelt,-34.9308664,-54.943319,,,False,1,https://www.infocasas.com.uy/apartamento-en-roosevelt/191079006,https://cdn1.infocasas.com.uy/web/667fbbd8d0456_infocdn.jpg
191068480,Espectacular Departamento Penthouse en Manantiales con Vista al Mar - TM5269219,700000.0,3.0,3.0,234.0,118.0,Manantiales,-34.9066191301,-54.8237787389,,,False,1,https://www.infocasas.com.uy/espectacular-departamento-penthouse-en-manantiales-con-vista-al-mar-tm5269219/191068480,https://cdn1.infocasas.com.uy/web/667ae93f3365d_infocdn.jpg
190931115,Alquiler apartamento 2 dormitorios Punta del Este,328000.0,2.0,2.0,93.0,87.0,Playa Brava,-34.9445152,-54.9164532,,,False,1,https://www.infocasas.com.uy/alquiler-apartamento-2-dormitorios-punta-del-este/190931115,https://cdn1.infocasas.com.uy/web/6618546cc6f8d_infocdn.jpg
191068835,Departamento Golden Gate Impresionante Vista al Mar,900000.0,3.0,0.0,300.0,300.0,Playa Mansa,-34.9430706059,-54.9442114728,,,False,1,https://www.infocasas.com.uy/departamento-golden-gate-impresionante-vista-al-mar/191068835,https://cdn1.infocasas.com.uy/web/667af5ed0135a_infocdn.jpg
191000189,Impresionante Penthouse triple,1780000.0,5.0,3.0,500.0,0.0,Rincón del Indio,-34.9215582744,-54.8753099962,,,False,1,https://www.infocasas.com.uy/impresionante-penthouse-triple/191000189,https://cdn1.infocasas.com.uy/web/6647652e5e12f_infocdn.jpg
191000267,Departamento en Roosevelt,370000.0,3.0,2.0,171.0,156.0,Roosevelt,-34.6277617,-54.9611836,,,False,1,https://www.infocasas.com.uy/departamento-en-roosevelt/191000267,https://cdn1.infocasas.com.uy/web/664769f2046da_infocdn.jpg
190930056,Venta casa con dos Apartamentos - Maldonado,160000.0,2.0,2.0,70.0,70.0,Maldonado,-34.90004866,-54.9567188831,,,False,1,https://www.infocasas.com.uy/venta-casa-con-dos-apartamentos-maldonado/190930056,https://cdn1.infocasas.com.uy/web/6617c08081957_infocdn.jpg
190931141,"Venta apartamento 3 dormitorios, Playa Mansa, Punta del Este",1200000.0,3.0,3.0,185.0,145.0,Playa Mansa,-34.918002,-54.9765911,,,False,1,https://www.infocasas.com.uy/venta-apartamento-3-dormitorios-playa-mansa-punta-del-este/190931141,https://cdn1.infocasas.com.uy/web/6618559506e88_infocdn.jpg
191008014,Venta apartamento 2 dormitorios + cochera centro Maldonado Edificio Italia,195000.0,2.0,1.0,77.0,77.0,Maldonado,-34.91545094532423,-54.95647538153685,2023.0,,False,1,https://www.infocasas.com.uy/venta-apartamento-2-dormitorios-cochera-centro-maldonado-edificio-italia/191008014,https://cdn1.infocasas.com.uy/repo/img/173592243_VBP-356-TRA_805.jpg
190925151,"Venta apartamento 3 dormitorios Playa Brava, Punta del Este",790000.0,3.0,2.0,207.0,121.0,Playa Brava,-34.9535363,-54.9353657,,,False,1,https://www.infocasas.com.uy/venta-apartamento-3-dormitorios-playa-brava-punta-del-este/190925151,https://cdn1.infocasas.com.uy/web/6617934e7b4be_infocdn.jpg
190931248,Venta Departamento 4 dormitorios Playa mansa Punta del Este,255000.0,4.0,3.0,140.0,100.0,Playa Mansa,-34.9243099,-54.954943,,,False,1,https://www.infocasas.com.uy/venta-departamento-4-dormitorios-playa-mansa-punta-del-este/190931248,https://cdn1.infocasas.com.uy/web/66185a98bab77_infocdn.jpg
190930215,Venta apartamento 3 dormitorios en suite más dependencia Punta del Este,850000.0,3.0,3.0,180.0,150.0,Playa Mansa,-34.9514602805,-54.9397911923,,,False,1,https://www.infocasas.com.uy/venta-apartamento-3-dormitorios-en-suite-mas-dependencia-punta-del-este/190930215,https://cdn1.infocasas.com.uy/web/6617c4efee901_infocdn.jpg
190930878,Venta Apartamento 2 Dormitorios Península Punta del Este,209000.0,2.0,3.0,119.0,107.0,Península,-34.9622227,-54.9422702,,,False,1,https://www.infocasas.com.uy/venta-apartamento-2-dormitorios-peninsula-punta-del-este/190930878,https://cdn1.infocasas.com.uy/web/66184b2148ac9_infocdn.jpg
190931519,Venta Departamento 2 dormitorios Punta del Este vista al mar,385000.0,2.0,2.0,91.0,79.0,Playa Brava,-34.9519368,-54.9359965,,,False,1,https://www.infocasas.com.uy/venta-departamento-2-dormitorios-punta-del-este-vista-al-mar/190931519,https://cdn1.infocasas.com.uy/web/66186514c34d4_infocdn.jpg
190929188,Departamento - Punta del Este,360000.0,3.0,3.0,152.0,115.0,Punta del Este,-34.9487536,-54.9291073,,,False,1,https://www.infocasas.com.uy/departamento-punta-del-este/190929188,https://cdn1.infocasas.com.uy/web/6617b64fa70c4_infocdn.jpg
190929012,Venta apartamento 2 dormitorios Mansa,335000.0,2.0,2.0,102.0,82.0,Playa Mansa,-34.9368789,-54.9281496,,,False,1,https://www.infocasas.com.uy/venta-apartamento-2-dormitorios-mansa/190929012,https://cdn1.infocasas.com.uy/web/6617acd7b7d57_infocdn.jpg
190930410,Venta Apartamento Monoambiente Roosevelt,185000.0,1.0,1.0,69.0,45.0,Punta del Este,-34.9440439,-54.933545,,,False,1,https://www.infocasas.com.uy/venta-apartamento-monoambiente-roosevelt/190930410,https://cdn1.infocasas.com.uy/web/6617ca2de7d52_infocdn.jpg
190930695,Venta apartamento 2 dormitorios Brava,350000.0,2.0,2.0,103.0,86.0,Playa Brava,-34.9535363,-54.9353657,,,False,1,https://www.infocasas.com.uy/venta-apartamento-2-dormitorios-brava/190930695,https://cdn1.infocasas.com.uy/web/6618449a072d3_infocdn.jpg
190930800,"Venta Penthouse en playa Brava, Punta del Este",495000.0,4.0,3.0,198.0,174.0,Playa Brava,-34.9519005,-54.9310951,,,False,1,https://www.infocasas.com.uy/venta-penthouse-en-playa-brava-punta-del-este/190930800,https://cdn1.infocasas.com.uy/web/6618487e20715_infocdn.jpg
190345677,SOL Y LUNA 2  3 DORMITORIOS,325000.0,3.0,2.0,110.0,110.0,Aidy Grill,-34.95191334460162,-54.935350274027236,,,False,1,https://www.infocasas.com.uy/sol-y-luna-2-3-dormitorios/190345677,https://cdn1.infocasas.com.uy/repo/img/173608396_HAUS-474-TRA_551.jpg
189147251,"Hermoso departamento a estrenar en torre de premium, frente al mar.  Venetian.",1945000.0,3.0,3.0,181.0,258.0,Playa Mansa,0,0,2022.0,,False,1,https://www.infocasas.com.uy/hermoso-departamento-a-estrenar-en-torre-de-premium-frente-al-mar-venetian/189147251,https://cdn1.infocasas.com.uy/repo/img/173012432_NDM-3026-TRA_672.jpg
190946165,Apartamento con terraza a metros del mar,165000.0,1.0,1.0,30.0,30.0,Playa Brava,-34.9581623,-54.936751,,,False,1,https://www.infocasas.com.uy/apartamento-con-terraza-a-metros-del-mar/190946165,https://cdn1.infocasas.com.uy/web/6616a13364a91_infocdn.jpg
191778532,Venta apartamento 2 dormitorios en Maldonado,205000.0,2.0,1.0,65.0,107.0,Maldonado,0,0,,,False,1,https://www.infocasas.com.uy/venta-apartamento-2-dormitorios-en-maldonado/191778532,https://cdn1.infocasas.com.uy/repo/img/203121_SIP-11696-TRA_142.jpg
190946415,Apartamento - Península,355000.0,2.0,2.0,75.0,50.0,Península,-34.9363205,-54.9377826,,,False,1,https://www.infocasas.com.uy/apartamento-peninsula/190946415,https://cdn1.infocasas.com.uy/web/6616c4c35be58_infocdn.jpg
190952587,"Departamento en alquiler, Trump Tower, Punta del Este",4000000.0,4.0,3.0,519.0,367.0,Playa Brava,-34.9445152,-54.9164532,,,False,1,https://www.infocasas.com.uy/departamento-en-alquiler-trump-tower-punta-del-este/190952587,https://cdn1.infocasas.com.uy/web/66191440e1f11_infocdn.jpg
191000763,Departamento - Playa Mansa,1200000.0,3.0,3.0,217.0,0.0,Playa Mansa,-34.9422263144,-54.9453272717,,,False,1,https://www.infocasas.com.uy/departamento-playa-mansa/191000763,https://cdn1.infocasas.com.uy/web/6647840d38ce5_infocdn.jpg
191988986,"Departamento en alquiler frente al mar en Beverly Tower -Punta del este , Playa Mansa",1800000.0,4.0,3.0,240.0,0.0,Playa Mansa,-34.9486021814,-54.940262245,,,False,1,https://www.infocasas.com.uy/departamento-en-alquiler-frente-al-mar-en-beverly-tower-punta-del-este-playa-mansa/191988986,https://cdn1.infocasas.com.uy/web/67a73de33c80d_infocdn.jpg
191105960,Departamento en  Aidy Grill ,160000.0,2.0,2.0,70.0,65.0,Aidy Grill,-34.9482204,-54.9295258,,,False,1,https://www.infocasas.com.uy/departamento-en-aidy-grill-/191105960,https://cdn1.infocasas.com.uy/web/6690d386872f9_infocdn.jpg
191106002,Departamento de 1 dormitorio en Venta -  Centro de Maldonado,100000.0,1.0,1.0,40.0,40.0,Centro,-34.9105477,-54.9584302,,,False,1,https://www.infocasas.com.uy/departamento-de-1-dormitorio-en-venta-centro-de-maldonado/191106002,https://cdn1.infocasas.com.uy/web/6690df97abaf9_infocdn.jpg
190692862,Departamento en venta y alquiler temporario - Playa Mansa,530000.0,1.0,1.0,95.0,95.0,Playa Mansa,-34.9087064029,-55.0178920746,,,False,1,https://www.infocasas.com.uy/departamento-en-venta-y-alquiler-temporario-playa-mansa/190692862,https://cdn1.infocasas.com.uy/web/6618656c6b1cb_infocdn.jpg
191989055,Departamento de 2 dormitorios  en venta en edificio Chronos-playa brava,289000.0,2.0,2.0,85.0,75.0,Playa Brava,-34.9488969477,-54.9307594069,,,False,1,https://www.infocasas.com.uy/departamento-de-2-dormitorios-en-venta-en-edificio-chronosplaya-brava/191989055,https://cdn1.infocasas.com.uy/web/67a742021e5c4_infocdn.jpg
191989093,Departamento frente al mar -Playa Brava,950000.0,3.0,3.0,222.0,0.0,Playa Brava,-34.9462092573,-54.9221462847,,,False,1,https://www.infocasas.com.uy/departamento-frente-al-mar-playa-brava/191989093,https://cdn1.infocasas.com.uy/web/67a743e45876f_infocdn.jpg
191000277,Departamento en Playa Brava,240000.0,1.0,1.0,101.0,60.0,Playa Brava,-34.9447965638,-54.9277525468,,,False,1,https://www.infocasas.com.uy/departamento-en-playa-brava/191000277,https://cdn1.infocasas.com.uy/web/66519ae36ef6c_infocdn.jpg
190960848,"Venta apartamento 3 dormitorios en suite con terraza en Lugano, Punta de Este",550000.0,3.0,3.0,96.0,0.0,Lugano,-34.9356374,-54.9319674,,,False,1,https://www.infocasas.com.uy/venta-apartamento-3-dormitorios-en-suite-con-terraza-en-lugano-punta-de-este/190960848,https://cdn1.infocasas.com.uy/web/661d37ca772f4_infocdn.jpg
190950116,Apartamento en  venta en Green Park Solanas Punta del Este,220000.0,1.0,1.0,56.0,49.0,Solanas,-34.876005,-55.0513003,,,False,1,https://www.infocasas.com.uy/apartamento-en-venta-en-green-park-solanas-punta-del-este/190950116,https://cdn1.infocasas.com.uy/web/661835f7df4d2_infocdn.jpg
190946098,Apartamento a Estrenar en Piriápolis (2 Dormitorios),189000.0,2.0,1.0,64.0,64.0,Barrio la Falda,-34.8545083,-55.2738957,,1.0,False,1,https://www.infocasas.com.uy/apartamento-a-estrenar-en-piriapolis-2-dormitorios/190946098,https://cdn1.infocasas.com.uy/repo/img/83716c194a1d410fdf16441875d4a0cf890b138b.jpg
190377014,Venetian: Apartamentos De Lujo En Punta Del Este,958738.0,3.0,3.0,163.0,163.0,La Pastora,-34.956518063960104,-54.94095325469971,2023.0,,False,1,https://www.infocasas.com.uy/venetian-apartamentos-de-lujo-en-punta-del-este/190377014,https://cdn1.infocasas.com.uy/repo/img/d1bfbbdcbf21c9bd594352e7c449d41a271bbdc2.jpg
190025226,PREMIADO POR INTERNATIONAL PROPERTY AWARDS!!! AV. ROOSEVELT Y CAMACHO,195874.0,2.0,1.0,86.0,86.0,Punta del Este,-34.91597791527321,-54.95975017547608,2022.0,,False,1,https://www.infocasas.com.uy/premiado-por-international-property-awards-av-roosevelt-y-camacho/190025226,https://cdn1.infocasas.com.uy/repo/img/ff0bb1f516547e57878aabb5987060512bf6e2fd.jpg
189723070,"Venta de apartamento en la Peninsula, nuevo a extrenar 3 dormitorios, 3 baños, piscina, gran vista al mar.",676000.0,3.0,3.0,153.0,131.0,Península,0,0,,,False,1,https://www.infocasas.com.uy/venta-de-apartamento-en-la-peninsula-nuevo-a-extrenar-3-dormitorios-3-baños-piscina-gran-vista-al-mar/189723070,https://cdn1.infocasas.com.uy/repo/img/204201_SNA-168602-TRA_26.jpg
189353004,Departamento - Roosevelt,291000.0,2.0,3.0,93.0,79.0,Roosevelt,-34.9319269842,-54.9421507311,,,False,1,https://www.infocasas.com.uy/departamento-roosevelt/189353004,
188310090,Apartamento en venta de un dormitorio en Punta del Este,272000.0,2.0,1.0,80.0,0.0,Roosevelt,0,0,,,False,1,https://www.infocasas.com.uy/apartamento-en-venta-de-un-dormitorio-en-punta-del-este/188310090,https://cdn1.infocasas.com.uy/repo/img/173325609_MCH-6338-TRA_277.jpg
185852389,Departamento en venta 1 dormitorio en Península,210000.0,1.0,1.0,49.0,49.0,Península,-34.966509,-54.9503004,,,False,1,https://www.infocasas.com.uy/departamento-en-venta-1-dormitorio-en-peninsula/185852389,https://cdn1.infocasas.com.uy/web/649f084b84dc6_infocdn.jpg
193020586,INTIPA - Bloque B,235468.0,1.0,1.0,81.0,49.0,Punta del Este,-34.92338778388513,-54.966787291307064,2026.0,,True,1,https://www.infocasas.com.uy/intipa-bloque-b/193020586,https://cdn1.infocasas.com.uy/repo/img/39320_647_806.jpg
291308,Venta apartamento de 3 dormitorios - Playa Brava,470000.0,3.0,2.0,149.0,149.0,Playa Brava,-34.9533722261,-54.9309885025,,,False,1,https://www.infocasas.com.uy/venta-apartamento-de-3-dormitorios-playa-brava/291308,https://cdn1.infocasas.com.uy/web/6537b25170cf3_infocdn.jpg
290167,Venta en Torre Lobos,930000.0,3.0,3.0,287.0,287.0,Playa Brava,-34.9503193068,-54.9227314516,,,False,1,https://www.infocasas.com.uy/venta-en-torre-lobos/290167,https://cdn1.infocasas.com.uy/web/5a6b18f22950d_infocdn.jpg#HASTH
289832,Departamento en Playa Brava,695000.0,3.0,3.0,275.0,137.0,Playa Brava,-34.9244539248,-54.8873865128,,,False,1,https://www.infocasas.com.uy/departamento-en-playa-brava/289832,https://cdn1.infocasas.com.uy/web/6639d7cc1cd5c_infocdn.jpg
193040458,Zanzíbar,338438.0,2.0,2.0,134.0,73.0,Punta del Este,-34.92265464551813,-54.88437506057434,2027.0,,True,1,https://www.infocasas.com.uy/zanzibar/193040458,https://cdn1.infocasas.com.uy/repo/img/39320_651_884.jpg
193692804,Metejón,604651.0,3.0,3.0,149.0,122.0,Punta del Este,-34.9654624473447,-54.94726622753907,2028.0,,True,1,https://www.infocasas.com.uy/metejon/193692804,https://cdn1.infocasas.com.uy/repo/img/39320_694_7.jpg
193475252,More Atlántico - Torre 2,182597.0,1.0,1.0,46.0,43.0,Punta del Este,-34.91616923404286,-54.95996478811341,2026.0,,True,1,https://www.infocasas.com.uy/more-atlantico-torre-2/193475252,https://cdn1.infocasas.com.uy/repo/img/39320_618_880.jpg
193643276,Apartamento en venta c/ cochera en Nuevo Cantegril,140000.0,1.0,1.0,59.0,40.0,Maldonado,-34.9161270810082,-54.96463657542027,2026.0,,False,1,https://www.infocasas.com.uy/apartamento-en-venta-c-cochera-en-nuevo-cantegril/193643276,https://cdn1.infocasas.com.uy/repo/img/175500891_87675_834.jpg
193245412,"Sea Side  Suites- A estrenar- Veni a vivir a Piriápolis, uno de los balnearios que te invita a disfrutar de los mejores atardeceres todo el año.",194000.0,1.0,1.0,50.0,0.0,Piriápolis,-34.87220372171046,-55.27446389250821,2025.0,,False,1,https://www.infocasas.com.uy/sea-side-suites-a-estrenar-veni-a-vivir-a-piriapolis-uno-de-los-balnearios-que-te-invita-a-disfrutar-de-los-mejores-atardeceres-todo-el-año/193245412,https://cdn1.infocasas.com.uy/repo/img/214_ALV-163-TRA_593.jpg
193171489,Venta monoambiente playa mansa Punta del Este,124000.0,0.0,1.0,32.0,47.0,Playa Mansa,0,0,2024.0,,False,1,https://www.infocasas.com.uy/venta-monoambiente-playa-mansa-punta-del-este/193171489,https://cdn1.infocasas.com.uy/repo/img/694874_DMC-9537-TRA_361.jpg
193176047,Vende departamento de 3 suites en Punta del Este.,834000.0,3.0,3.0,160.0,212.0,Playa Brava,0,0,,,False,1,https://www.infocasas.com.uy/vende-departamento-de-3-suites-en-punta-del-este/193176047,https://cdn1.infocasas.com.uy/repo/img/694874_DMC-16005-TRA_465.jpg
193148594,VENTA APARTAMENTO CUATRO DORMITORIOS PUNTA BALLENA EDIFICIO Q,480000.0,3.0,3.0,266.0,190.0,Punta Ballena,0,0,,,False,1,https://www.infocasas.com.uy/venta-apartamento-cuatro-dormitorios-punta-ballena-edificio-q/193148594,https://cdn1.infocasas.com.uy/repo/img/173608396_HAUS-1656-TRA_884.jpg
193550027,APARTAMENTO A ESTRENAR EN PLAYA BRAVA PUNTA DEL ESTE - 2 DORMITORIOS - EDIF. SIGLO SOL II - BAJAS EXPENSAS,256000.0,2.0,1.0,41.0,44.0,Playa Brava,0,0,2022.0,,False,1,https://www.infocasas.com.uy/apartamento-a-estrenar-en-playa-brava-punta-del-este-2-dormitorios-edif-siglo-sol-ii-bajas-expensas/193550027,https://cdn1.infocasas.com.uy/repo/img/173862716_DSA-870-TRA_163.jpg
193513194,Apartamento Premium en Playa Brava - Le Parc III,1390000.0,4.0,4.0,201.0,227.0,Playa Brava,0,0,,,False,1,https://www.infocasas.com.uy/apartamento-premium-en-playa-brava-le-parc-iii/193513194,https://cdn1.infocasas.com.uy/repo/img/173211400_SPP-16347-TRA_580.jpg
193062710,Apartamento a estrenar 2 dormitorios Edificio Genova,255000.0,2.0,2.0,68.0,102.0,Aidy Grill,-34.94725304266072,-54.93543738866882,2025.0,,False,1,https://www.infocasas.com.uy/apartamento-a-estrenar-2-dormitorios-edificio-genova/193062710,https://cdn1.infocasas.com.uy/repo/img/176453386_VIS-19-TRA_375.jpg
193055089,"Venta Apartamento de 2 dormitorios, Edificio Q Punta Ballena",350000.0,2.0,2.0,80.0,80.0,Punta Ballena,0,0,,,False,1,https://www.infocasas.com.uy/venta-apartamento-de-2-dormitorios-edificio-q-punta-ballena/193055089,https://cdn1.infocasas.com.uy/repo/img/320098_AGP-9278-TRA_81.jpg
193382309,Parada 4 de la Mansa a 300 mts del Mar | 2 dorm 2 baños | A Estrenar.,220000.0,2.0,2.0,65.0,80.0,Aidy Grill,0,0,2026.0,,False,1,https://www.infocasas.com.uy/parada-4-de-la-mansa-a-300-mts-del-mar-2-dorm-2-baños-a-estrenar/193382309,https://cdn1.infocasas.com.uy/repo/img/176713292_ALX-1418-TRA_295.jpg
193262744,"(BPV-BPV-9138)  Espectacular apartamento a estrenar Aldeana, Manantiales",1950000.0,3.0,3.0,227.0,187.0,Manantiales,-34.90536076976141,-54.8178505897522,2025.0,,False,1,https://www.infocasas.com.uy/bpvbpv9138-espectacular-apartamento-a-estrenar-aldeana-manantiales/193262744,https://cdn1.infocasas.com.uy/repo/img/279_BPV-BPV-9138_491.jpg
193063590,"Venta de amplio penthouse con cuatro dormitorios más dependencia de servicio en torre premiun de Playa Brava, Punta del Este",1900000.0,4.0,3.0,502.0,549.0,Playa Brava,0,0,,,False,1,https://www.infocasas.com.uy/venta-de-amplio-penthouse-con-cuatro-dormitorios-mas-dependencia-de-servicio-en-torre-premiun-de-playa-brava-punta-del-este/193063590,https://cdn1.infocasas.com.uy/repo/img/175716718_CHZ-2687-TRA_64.jpg
193470099,Apartamento en venta  de 1 dormitorio a estrenar sobre Roosevelt,148000.0,1.0,1.0,38.0,54.0,Roosevelt,0,0,2022.0,,False,1,https://www.infocasas.com.uy/apartamento-en-venta-de-1-dormitorio-a-estrenar-sobre-roosevelt/193470099,https://cdn1.infocasas.com.uy/repo/img/147022_IVP-9270-TRA_548.jpg
193470260,Departamento - Roosevelt,200000.0,1.0,2.0,75.0,58.0,Roosevelt,-34.9319269842,-54.9421507311,,,False,1,https://www.infocasas.com.uy/departamento-roosevelt/193470260,https://cdn1.infocasas.com.uy/web/69aa7cbcbbdec_infocdn.jpg
193470063,MANGLAR BRAVA ESQUINERO A ESTRENAR CON DOBLE GARAGE.,455000.0,2.0,2.0,71.0,96.0,Playa Brava,0,0,,,False,1,https://www.infocasas.com.uy/manglar-brava-esquinero-a-estrenar-con-doble-garage/193470063,https://cdn1.infocasas.com.uy/repo/img/173325609_MCH-14002-TRA_147.jpg
193176231,Venta apartamento 1 dormitorio playa brava Punta del Este,648000.0,1.0,2.0,76.0,113.0,Playa Brava,-34.94659871962099,-54.92260103424071,2022.0,,False,1,https://www.infocasas.com.uy/venta-apartamento-1-dormitorio-playa-brava-punta-del-este/193176231,https://cdn1.infocasas.com.uy/repo/img/694874_DMC-9686-TRA_562.jpg
193185638,Venta departamento en Surfside de 1 dorm + den,550770.0,1.0,2.0,109.0,172.0,Playa Brava,0,0,,,False,1,https://www.infocasas.com.uy/venta-departamento-en-surfside-de-1-dorm-den/193185638,https://cdn1.infocasas.com.uy/repo/img/694874_DMC-16108-TRA_561.jpg
193181469,"Departamento en Complejo Silente en Venta, Playa Brava - TM7590357",490000.0,2.0,2.0,127.0,0.0,Playa Brava,-34.9445152,-54.9164532,,,False,1,https://www.infocasas.com.uy/departamento-en-complejo-silente-en-venta-playa-brava-tm7590357/193181469,https://cdn1.infocasas.com.uy/web/6937c869f17cb_infocdn.jpg
192975125,"Apartamento en Millenium Tower, Playa Mansa",660000.0,2.0,2.0,107.0,94.0,Playa Mansa,-34.9491489697,-54.9399233154,,,False,1,https://www.infocasas.com.uy/apartamento-en-millenium-tower-playa-mansa/192975125,https://cdn1.infocasas.com.uy/web/68edf9873a4ac_infocdn.jpg
193586288,"Venta de apartamento a estrenar  de 1 dormitorio, vivienda para todo el año.",155000.0,1.0,1.0,57.0,0.0,Roosevelt,0,0,,,False,1,https://www.infocasas.com.uy/venta-de-apartamento-a-estrenar-de-1-dormitorio-vivienda-para-todo-el-año/193586288,https://cdn1.infocasas.com.uy/repo/img/204201_SNA-169123-TRA_355.jpg
192975995,A estrenar Apartamento de 1 dormitorio en Punta Ballena en venta,195000.0,1.0,1.0,32.0,53.0,Punta Ballena,0,0,,,False,1,https://www.infocasas.com.uy/a-estrenar-apartamento-de-1-dormitorio-en-punta-ballena-en-venta/192975995,https://cdn1.infocasas.com.uy/repo/img/173012432_NDM-27550-TRA_895.jpg
193569896,"Venta apartamento de 1 dormitorios, Maldonado",95978.0,1.0,1.0,40.0,51.0,Maldonado,-34.9041042,-54.9480187,2025.0,,False,1,https://www.infocasas.com.uy/venta-apartamento-de-1-dormitorios-maldonado/193569896,https://cdn1.infocasas.com.uy/repo/img/694874_DMC-16752-TRA_886.jpg
193701332,"venta casa La barra, 3 dormitorios",420000.0,3.0,2.0,130.0,0.0,La Barra,-34.9096168,-54.8532679,2026.0,,False,1,https://www.infocasas.com.uy/venta-casa-la-barra-3-dormitorios/193701332,https://cdn1.infocasas.com.uy/repo/img/13651_UY.42.1.96.110.V2_744.jpg
193268154,Apartamento 2 dormitorios en Maldonado idal para renta,150000.0,2.0,1.0,73.0,0.0,Maldonado,0,0,2019.0,,False,1,https://www.infocasas.com.uy/apartamento-2-dormitorios-en-maldonado-idal-para-renta/193268154,https://cdn1.infocasas.com.uy/repo/img/147022_IVP-9156-TRA_761.jpg
193344186,"Venta apartamento 2 dormitorios en Poseidon Laguna, Playa Mansa",437500.0,2.0,2.0,102.0,88.0,Playa Mansa,-34.9082188,-55.0087347,,,False,1,https://www.infocasas.com.uy/venta-apartamento-2-dormitorios-en-poseidon-laguna-playa-mansa/193344186,https://cdn1.infocasas.com.uy/web/697da9ee78009_infocdn.jpg
193661701,"Departamento venta, primera linea, 2 suites Poseidon Laguna",480000.0,2.0,3.0,120.0,102.0,Playa Mansa,-34.9082188,-55.0087347,,,False,1,https://www.infocasas.com.uy/departamento-venta-primera-linea-2-suites-poseidon-laguna/193661701,https://cdn1.infocasas.com.uy/web/69e87cc818877_infocdn.jpg
193433159,Departamento en venta   ,1892000.0,3.0,3.0,320.0,221.0,Playa Brava,-34.9220271476,-54.8774483763,,,False,1,https://www.infocasas.com.uy/departamento-en-venta-/193433159,https://cdn1.infocasas.com.uy/web/699e12f613e9c_infocdn.jpg
193591992,"Apartamento de 2 dormitorios en venta, Playa Brava Punta del Este",280000.0,2.0,2.0,106.0,133.0,Playa Brava,0,0,2026.0,,False,1,https://www.infocasas.com.uy/apartamento-de-2-dormitorios-en-venta-playa-brava-punta-del-este/193591992,https://cdn1.infocasas.com.uy/repo/img/243_NYP-41033-TRA_800.jpg
193625932,TORRE DEL ESTE,395000.0,3.0,3.0,131.0,131.0,Playa Mansa,0,0,,,False,1,https://www.infocasas.com.uy/torre-del-este/193625932,https://cdn1.infocasas.com.uy/repo/img/59163_COL-10869-TRA_250.jpg
193753888,Venta Apartamento de 1 dormitorio en Punta del este View 2 con amenities,200000.0,1.0,1.0,40.0,45.0,Aidy Grill,0,0,2025.0,,False,1,https://www.infocasas.com.uy/venta-apartamento-de-1-dormitorio-en-punta-del-este-view-2-con-amenities/193753888,https://cdn1.infocasas.com.uy/repo/img/173224178_ARE-5561-TRA_975.jpg
193753926,Venta Apartamento 2 dormitorios en Maldonado,150000.0,2.0,1.0,73.0,0.0,Maldonado,0,0,2019.0,,False,1,https://www.infocasas.com.uy/venta-apartamento-2-dormitorios-en-maldonado/193753926,https://cdn1.infocasas.com.uy/repo/img/173224178_ARE-5745-TRA_184.jpg
193743666,Venta Departamento  Trump Tower Punta del Este,920000.0,2.0,2.0,160.0,0.0,San Rafael,-34.945969404676,-54.922879908263,2022.0,,False,1,https://www.infocasas.com.uy/venta-departamento-trump-tower-punta-del-este/193743666,https://cdn1.infocasas.com.uy/repo/img/13651_UY.42.1.5.295.V19_729.jpg
193745524,MANGLAR BRAVA ESQUINERO A ESTRENAR CON DOBLE GARAGE.,455000.0,2.0,2.0,71.0,96.0,Playa Brava,0,0,,,False,1,https://www.infocasas.com.uy/manglar-brava-esquinero-a-estrenar-con-doble-garage/193745524,https://cdn1.infocasas.com.uy/repo/img/202911_TDP-9678-TRA_482.jpg
193728584,Apartamento en Península,138000.0,1.0,1.0,32.0,0.0,Península,-34.9631169,-54.9446947,,,False,1,https://www.infocasas.com.uy/apartamento-en-peninsula/193728584,https://cdn1.infocasas.com.uy/web/69ff110e2ceee_infocdn.jpg
193367139,"Venta y alquiler de apartamento de tres dormitorios con tres suites moderno a estrenar, playa Brava",1577000.0,3.0,3.0,262.0,262.0,Playa Brava,0,0,2021.0,,False,1,https://www.infocasas.com.uy/venta-y-alquiler-de-apartamento-de-tres-dormitorios-con-tres-suites-moderno-a-estrenar-playa-brava/193367139,https://cdn1.infocasas.com.uy/repo/img/173452776_DPT-677-TRA_251.jpg
192722837,Venta Departamento 2 dormitorios en Green Life Punta del Este,275000.0,2.0,3.0,85.0,96.0,Roosevelt,0,0,2016.0,,False,1,https://www.infocasas.com.uy/venta-departamento-2-dormitorios-en-green-life-punta-del-este/192722837,https://cdn1.infocasas.com.uy/repo/img/140802_BBR-9131-TRA_536.jpg
193244540,Venta. Apto. a estrenar,177666.0,1.0,1.0,49.0,63.0,Playa Brava,0,0,,,False,1,https://www.infocasas.com.uy/venta-apto-a-estrenar/193244540,https://cdn1.infocasas.com.uy/repo/img/694874_DMC-16164-TRA_923.jpg
192756332,"Manantiales, sobre el mar. Exclusiva unidad de 3 dormitorios.",2300000.0,3.0,2.0,200.0,0.0,Manantiales,-34.879366,-56.030832,,,False,1,https://www.infocasas.com.uy/manantiales-sobre-el-mar-exclusiva-unidad-de-3-dormitorios/192756332,https://cdn1.infocasas.com.uy/repo/img/173612388_WRW-1496-TRA_1.jpg
192654657,"Apartamento en Edificio Tresesenta, Punta del Este",280000.0,2.0,2.0,99.0,84.0,Roosevelt,-34.9351083,-54.9388404,,,False,1,https://www.infocasas.com.uy/apartamento-en-edificio-tresesenta-punta-del-este/192654657,https://cdn1.infocasas.com.uy/web/6879f7bb068a8_infocdn.jpg
192853304,VENTA EN PINARES APARTAMENTO 2 DORMITORIOS,199000.0,2.0,2.0,75.0,105.0,Pinares,-34.913836,-54.9737353,2020.0,,False,1,https://www.infocasas.com.uy/venta-en-pinares-apartamento-2-dormitorios/192853304,https://cdn1.infocasas.com.uy/repo/img/147015_IPD-37154-TRA_996.jpg
192847699,Últimas Unidades A Estrenar Ya!,205000.0,3.0,2.0,113.0,0.0,Maldonado,0,0,,,False,1,https://www.infocasas.com.uy/ultimas-unidades-a-estrenar-ya/192847699,https://cdn1.infocasas.com.uy/repo/img/15377_KBR-153-TRA_711.jpg
192796008,Departamento Roosevelt,155500.0,1.0,1.0,51.0,45.0,Roosevelt,-34.9403094,-54.9332189,,,False,1,https://www.infocasas.com.uy/departamento-roosevelt/192796008,https://cdn1.infocasas.com.uy/web/68aeafd14a643_infocdn.jpg
192607671,CASA LIVING Manantiales 2 dormitorios,715000.0,2.0,2.0,157.0,157.0,Manantiales,0,0,2027.0,,False,1,https://www.infocasas.com.uy/casa-living-manantiales-2-dormitorios/192607671,https://cdn1.infocasas.com.uy/repo/img/256162_MKT-7518-TRA_24.jpg
192635286,Departamento en venta 3 dormitorios Le Parc 4 Playa Brava vista al mar,1150000.0,3.0,3.0,212.0,168.0,Playa Brava,-34.945025,-54.921016,,,False,1,https://www.infocasas.com.uy/departamento-en-venta-3-dormitorios-le-parc-4-playa-brava-vista-al-mar/192635286,https://cdn1.infocasas.com.uy/web/6874da15e173a_infocdn.jpg
192581912,"Vende apartamento de 1 dormitorio, en Aidy Grill, Punta del Este.",200000.0,1.0,1.0,46.0,78.0,Aidy Grill,0,0,2022.0,,False,1,https://www.infocasas.com.uy/vende-apartamento-de-1-dormitorio-en-aidy-grill-punta-del-este/192581912,https://cdn1.infocasas.com.uy/repo/img/203121_SIP-12595-TRA_152.jpg
193497008,"(BPV-BPV-11031)  Venta de apartamento 2 dormitorio La Cañada, Punta del Este, Maldonado",167000.0,2.0,1.0,82.0,69.0,Playa Mansa,-34.91700942303748,-54.9628508090973,2026.0,,False,1,https://www.infocasas.com.uy/bpvbpv11031-venta-de-apartamento-2-dormitorio-la-cañada-punta-del-este-maldonado/193497008,https://cdn1.infocasas.com.uy/repo/img/279_BPV-BPV-11031_400.jpg
193497020,(BPV-BPV-11050)  Apartamento EN venta 1 DORMITORIO,166500.0,1.0,1.0,69.0,46.0,José Ignacio,-34.8354931,-54.6558978,,,False,1,https://www.infocasas.com.uy/bpvbpv11050-apartamento-en-venta-1-dormitorio/193497020,https://cdn1.infocasas.com.uy/repo/img/279_BPV-BPV-11050_588.jpg
192616459,Apartamento a estrenar en la Mansa 1 dormitorio con parrillero,155000.0,1.0,1.0,55.0,65.0,Playa Mansa,0,0,,,False,1,https://www.infocasas.com.uy/apartamento-a-estrenar-en-la-mansa-1-dormitorio-con-parrillero/192616459,https://cdn1.infocasas.com.uy/repo/img/37506_PPT-9123-TRA_741.jpg
192635238,Departamento en venta 2 dormitorios - Península,260000.0,2.0,2.0,87.0,0.0,Península,-34.961542,-54.9431395,,,False,1,https://www.infocasas.com.uy/departamento-en-venta-2-dormitorios-peninsula/192635238,https://cdn1.infocasas.com.uy/web/6874d7cd6f62a_infocdn.jpg
192868429,Apartamento a estrenar en la Mansa 1 dormitorio con parrillero,155000.0,1.0,1.0,58.0,0.0,Playa Mansa,0,0,,,False,1,https://www.infocasas.com.uy/apartamento-a-estrenar-en-la-mansa-1-dormitorio-con-parrillero/192868429,https://cdn1.infocasas.com.uy/repo/img/5226_NLV-219242-TRA_723.jpg
191376029,Venetian de dos dormitorios piso alto en venta,885822.0,2.0,2.0,160.0,160.0,Playa Mansa,-34.928953297746304,-54.959819366531406,2021.0,,,1,https://www.infocasas.com.uy/venetian-de-dos-dormitorios-piso-alto-en-venta/191376029,https://cdn1.infocasas.com.uy/repo/img/405_CCP-36877-TRA_792.jpg
190897868,"Venta de apartamento en proyecto La Guadalupe, La Barra",265544.0,2.0,1.0,57.0,69.0,La Barra,0,0,2026.0,,,1,https://www.infocasas.com.uy/venta-de-apartamento-en-proyecto-la-guadalupe-la-barra/190897868,https://cdn1.infocasas.com.uy/repo/img/405_CCP-35803-TRA_117.jpg
191616260,Apartamento en Venta Look Brava Punta del Este,620000.0,3.0,1.0,133.0,188.0,Playa Brava,0,0,,,,1,https://www.infocasas.com.uy/apartamento-en-venta-look-brava-punta-del-este/191616260,https://cdn1.infocasas.com.uy/repo/img/405_CCP-31288-TRA_501.jpg
190593670,"Apartamento a estrenar en venta, Playa Mansa - Punta del Este.",230000.0,2.0,2.0,72.0,90.0,Playa Mansa,0,0,,,,1,https://www.infocasas.com.uy/apartamento-a-estrenar-en-venta-playa-mansa-punta-del-este/190593670,https://cdn1.infocasas.com.uy/repo/img/405_CCP-35149-TRA_961.jpg
191227925,Apartamento en venta y alquiler de temporada en Green Life,265000.0,2.0,2.0,81.0,81.0,Roosevelt,0,0,,,,1,https://www.infocasas.com.uy/apartamento-en-venta-y-alquiler-de-temporada-en-green-life/191227925,https://cdn1.infocasas.com.uy/repo/img/405_CCP-31492-TRA_405.jpg
189963969,The Colette Apartamento de Tres dormitorios en Suite mas dependencia de servicio en Venta,4200000.0,3.0,3.0,347.0,347.0,Manantiales,-34.9133672,-54.9426425,2024.0,,,1,https://www.infocasas.com.uy/the-colette-apartamento-de-tres-dormitorios-en-suite-mas-dependencia-de-servicio-en-venta/189963969,https://cdn1.infocasas.com.uy/repo/img/405_CCP-33815-TRA_393.jpg
192421694,Monoambiente en venta en playa mansa,170000.0,1.0,1.0,38.0,55.0,Playa Mansa,0,0,,,,1,https://www.infocasas.com.uy/monoambiente-en-venta-en-playa-mansa/192421694,https://cdn1.infocasas.com.uy/repo/img/405_CCP-38340-TRA_769.jpg
192573183,Apartamento en Punta del Este. 1 dormitorio con vista al mar,179000.0,1.0,1.0,47.0,47.0,Península,-34.9591069,-54.9390479,,,False,1,https://www.infocasas.com.uy/apartamento-en-punta-del-este-1-dormitorio-con-vista-al-mar/192573183,https://cdn1.infocasas.com.uy/web/685d82a7e25e4_infocdn.jpg
187696057,Apartamento - Puerto,185000.0,1.0,1.0,50.0,50.0,Puerto,-34.967139,-54.9500438,,,False,1,https://www.infocasas.com.uy/apartamento-puerto/187696057,https://cdn1.infocasas.com.uy/web/659ce78189fee_infocdn.jpg
187005369,Apartamento - Roosevelt,265000.0,3.0,3.0,0.0,0.0,Roosevelt,-34.9407487,-54.9344136,,,False,1,https://www.infocasas.com.uy/apartamento-roosevelt/187005369,https://cdn1.infocasas.com.uy/web/6104674a8c1de_infocdn.jpg#HASTH
189458069,Apartamento - Península,175000.0,2.0,2.0,51.0,51.0,Península,-34.9624337,-54.9432886,,,False,1,https://www.infocasas.com.uy/apartamento-peninsula/189458069,https://cdn1.infocasas.com.uy/web/62cd1d9eb52c5_infocdn.jpg#HASTH
192464182,Departamento en  Ocean Drive II,240000.0,1.0,1.0,57.0,47.0,Playa Brava,-34.9445152,-54.9164532,,,False,1,https://www.infocasas.com.uy/departamento-en-ocean-drive-ii/192464182,https://cdn1.infocasas.com.uy/web/683808dfecf01_infocdn.jpg
192380854,A estrenar en Zona Playa Brava - Edificio Siglo Sol II - Ref : EQP3709,299250.0,2.0,2.0,81.0,81.0,Playa Brava,0,0,,,False,1,https://www.infocasas.com.uy/a-estrenar-en-zona-playa-brava-edificio-siglo-sol-ii-ref-eqp3709/192380854,https://cdn1.infocasas.com.uy/repo/img/176001116_EQP-3709-TRA_613.jpg
192381480,- Ref : EQP6555,552715.0,3.0,2.0,118.0,118.0,Playa Mansa,0,0,,,False,1,https://www.infocasas.com.uy/-ref-eqp6555/192381480,https://cdn1.infocasas.com.uy/repo/img/176001116_EQP-6555-TRA_39.jpg
192445396,Vendo apartamento 1 dormitorio Maldonado,95978.0,1.0,1.0,437.0,437.0,Maldonado,0,0,,,False,1,https://www.infocasas.com.uy/vendo-apartamento-1-dormitorio-maldonado/192445396,https://cdn1.infocasas.com.uy/repo/img/173104404_VIP-1063-TRA_431.jpg
191993528,Apartamento en  Surfside - LAP5995453,1253000.0,2.0,2.0,208.0,0.0,Playa Brava,-34.9445152,-54.9164532,,,False,1,https://www.infocasas.com.uy/apartamento-en-surfside-lap5995453/191993528,https://cdn1.infocasas.com.uy/web/67a9a3067112b_infocdn.jpg
192237241,"Apartamento en venta - 3 ambientes - Península, Punta del Este",169000.0,2.0,0.0,80.0,80.0,Península,-34.9664430188,-54.9466574545,,,False,1,https://www.infocasas.com.uy/apartamento-en-venta-3-ambientes-peninsula-punta-del-este/192237241,https://cdn1.infocasas.com.uy/web/67f0d2b993a52_infocdn.jpg
192635023,Venta Torre Gauguin dos dormitorios vista al mar,220500.0,2.0,1.0,60.0,60.0,Playa Brava,-34.9531054,-54.9329747,,,False,1,https://www.infocasas.com.uy/venta-torre-gauguin-dos-dormitorios-vista-al-mar/192635023,https://cdn1.infocasas.com.uy/web/6874ce57b2df7_infocdn.jpg
192478231,"Departamento en  Primera Fila, Playa Mansa",610000.0,3.0,3.0,,0.0,Playa Mansa,-34.9180019,-54.9765912,,,False,1,https://www.infocasas.com.uy/departamento-en-primera-fila-playa-mansa/192478231,https://cdn1.infocasas.com.uy/web/683dcb7befb68_infocdn.jpg
192476491,"En venta apartamento a estrenar, 2 dormitorios con servicios en Roosevelt, Punta del Este",255000.0,2.0,2.0,70.0,73.0,Roosevelt,0,0,2017.0,,False,1,https://www.infocasas.com.uy/en-venta-apartamento-a-estrenar-2-dormitorios-con-servicios-en-roosevelt-punta-del-este/192476491,https://cdn1.infocasas.com.uy/repo/img/1189_MYT-2805-TRA_98.jpg
193540073,"Venta Aquarela, Playa Mansa, 3 dormitorios en suite",840000.0,3.0,3.0,184.0,140.0,Playa Mansa,-34.9270225077,-54.9603640556,,,False,1,https://www.infocasas.com.uy/venta-aquarela-playa-mansa-3-dormitorios-en-suite/193540073,https://cdn1.infocasas.com.uy/web/69c63bc8f1322_infocdn.jpg
193555400,"Venta apartamento 3 dormitorios Mansa Mood 32, Playa Mansa - Punta del Este",433700.0,3.0,2.0,81.0,102.0,Playa Mansa,-34.918002,-54.9765911,,,False,1,https://www.infocasas.com.uy/venta-apartamento-3-dormitorios-mansa-mood-32-playa-mansa-punta-del-este/193555400,https://cdn1.infocasas.com.uy/repo/img/694874_DMC-16689-TRA_530.jpg
192634944,"Departamento en venta Le Parc III,  4 dormitorios en Suite - Punta del Este, Playa Brava",1700000.0,4.0,3.0,242.0,201.0,Punta del Este,-34.9452916,-54.9198764,,,False,1,https://www.infocasas.com.uy/departamento-en-venta-le-parc-iii-4-dormitorios-en-suite-punta-del-este-playa-brava/192634944,https://cdn1.infocasas.com.uy/web/6874ca8c31a62_infocdn.jpg
192635054,Venta apartamento de 1 dormitorio  - Punta del Este,148000.0,1.0,1.0,56.0,52.0,Punta del Este,-34.9261683983,-54.9486610417,,,False,1,https://www.infocasas.com.uy/venta-apartamento-de-1-dormitorio-punta-del-este/192635054,https://cdn1.infocasas.com.uy/web/6874cf9ae2214_infocdn.jpg
192380072,Penthouse a Estrenar de 2 Dormitorios frente a Playa Mansa - Venta - Ref : EQP4571,850000.0,2.0,2.0,145.0,260.0,Playa Mansa,0,0,,,False,1,https://www.infocasas.com.uy/penthouse-a-estrenar-de-2-dormitorios-frente-a-playa-mansa-venta-ref-eqp4571/192380072,https://cdn1.infocasas.com.uy/repo/img/176001116_EQP-4571-TRA_477.jpg
191989307,Trump Tower punta del este penthouse duplex - Playa Brava,5117320.0,3.0,3.0,832.0,358.0,Playa Brava,-34.9463436033,-54.922417275,,,False,1,https://www.infocasas.com.uy/trump-tower-punta-del-este-penthouse-duplex-playa-brava/191989307,https://cdn1.infocasas.com.uy/web/67a74deedd106_infocdn.jpg
192078321,DEPARTAMENTO EN WALMER LAGOON 2 DORMITORIOS A ESTRENAR,245000.0,2.0,2.0,84.0,94.0,Playa Mansa,0,0,2022.0,,False,1,https://www.infocasas.com.uy/departamento-en-walmer-lagoon-2-dormitorios-a-estrenar/192078321,https://cdn1.infocasas.com.uy/repo/img/173608396_HAUS-2977-TRA_939.jpg
191460078,Venta aptos en Surfside Village 1,852700.0,2.0,3.0,192.0,226.0,Rincón del Indio,-34.9191773,-54.8712534,2021.0,,False,1,https://www.infocasas.com.uy/venta-aptos-en-surfside-village-1/191460078,https://cdn1.infocasas.com.uy/repo/img/949740_INV-126-TRA_277.jpg
191989222,Departamento frente  al mar Tiburon Terazzas Barra - Punta del este - Playa brava,1390000.0,3.0,3.0,330.0,260.0,Playa Brava,-34.9174952,-54.8697118,,,False,1,https://www.infocasas.com.uy/departamento-frente-al-mar-tiburon-terazzas-barra-punta-del-este-playa-brava/191989222,https://cdn1.infocasas.com.uy/web/67a74ac55a3cf_infocdn.jpg
191989249,Departamento en Paramount Smart Tower - Playa Mansa - Punta del Este,900000.0,3.0,3.0,204.0,0.0,Playa Mansa,-34.9422708737,-54.944516354,,,False,1,https://www.infocasas.com.uy/departamento-en-paramount-smart-tower-playa-mansa-punta-del-este/191989249,https://cdn1.infocasas.com.uy/web/67a74bbe7dd27_infocdn.jpg
191882393,Apartamento en Venta y Alquiler Temporal 2 dormitorios Playa Brava Trump Tower,799000.0,2.0,3.0,120.0,120.0,Playa Brava,0,0,,,False,1,https://www.infocasas.com.uy/apartamento-en-venta-y-alquiler-temporal-2-dormitorios-playa-brava-trump-tower/191882393,https://cdn1.infocasas.com.uy/repo/img/140802_BBR-1253-TRA_478.jpg
191224721,Departamento en Playa Brava,780000.0,3.0,3.0,278.0,0.0,Playa Brava,-34.9445152,-54.9164532,,,False,1,https://www.infocasas.com.uy/departamento-en-playa-brava/191224721,https://cdn1.infocasas.com.uy/web/683dcb1ca6fcd_infocdn.jpg
190983695,Departamento - Playa Brava,475763.0,3.0,2.0,179.0,93.0,Playa Brava,-34.9445152,-54.9164532,,,False,1,https://www.infocasas.com.uy/departamento-playa-brava/190983695,https://cdn1.infocasas.com.uy/web/66349ba947da3_infocdn.jpg
190941213,Apartamento de 2 dormitorios a la venta en Montoya Punta del Este,224300.0,2.0,1.0,76.0,63.0,Montoya,-34.9102952434,-54.8512968031,,,False,1,https://www.infocasas.com.uy/apartamento-de-2-dormitorios-a-la-venta-en-montoya-punta-del-este/190941213,https://cdn1.infocasas.com.uy/web/66111de35756c_infocdn.jpg
190931045,"Alquiler temporal, Apartamento 3 dormitorios, Playa Mansa, Punta del Este",650000.0,3.0,3.0,162.0,135.0,La Pastora,-34.9519368,-54.9359965,,,False,1,https://www.infocasas.com.uy/alquiler-temporal-apartamento-3-dormitorios-playa-mansa-punta-del-este/190931045,https://cdn1.infocasas.com.uy/web/6618514c2442b_infocdn.jpg
191105807,CIPRIANI RESIDENCE - PENTHOUSE DUPLEX - PUNTA DEL ESTE,16686000.0,6.0,8.0,1610.0,1610.0,Playa Brava,-34.94295780699088,-54.916861106948836,,,False,1,https://www.infocasas.com.uy/cipriani-residence-penthouse-duplex-punta-del-este/191105807,https://cdn1.infocasas.com.uy/repo/img/173608396_HAUS-2227-TRA_668.jpg
190960730,"Venta apartamento 2 dormitorios con terraza en Península, Punta del Este",320000.0,2.0,2.0,82.0,77.0,Península,-34.9346143,-54.9243355,,,False,1,https://www.infocasas.com.uy/venta-apartamento-2-dormitorios-con-terraza-en-peninsula-punta-del-este/190960730,https://cdn1.infocasas.com.uy/web/661d32c58a415_infocdn.jpg
190961243,Casa en Playa Mansa 7 dormitorios,1950000.0,5.0,3.0,650.0,650.0,Playa Mansa,-34.9361577133,-54.950477113,,,False,1,https://www.infocasas.com.uy/casa-en-playa-mansa-7-dormitorios/190961243,https://cdn1.infocasas.com.uy/web/661d42894fdb3_infocdn.jpg
190959560,"Apartamento 1 dormitorio Pet Friendly con balcón en Punta del Este, Maldonado",146347.0,1.0,1.0,60.0,40.0,Punta del Este,-34.9372398,-54.935956,,,False,1,https://www.infocasas.com.uy/apartamento-1-dormitorio-pet-friendly-con-balcon-en-punta-del-este-maldonado/190959560,https://cdn1.infocasas.com.uy/web/661d14916401a_infocdn.jpg
191000195,Departamento en Playa Mansa,1130000.0,3.0,3.0,225.0,0.0,Playa Mansa,-34.9324110258,-54.9559795389,,,False,1,https://www.infocasas.com.uy/departamento-en-playa-mansa/191000195,https://cdn1.infocasas.com.uy/web/66476579538a2_infocdn.jpg
190999941,Departamento - Playa Mansa,1000000.0,3.0,3.0,258.0,108.0,Playa Mansa,-34.917227797,-54.9750775289,,,False,1,https://www.infocasas.com.uy/departamento-playa-mansa/190999941,https://cdn1.infocasas.com.uy/web/664703fe327e7_infocdn.jpg
191843485,Apartamento Venta A Estrenar de 1 dormitorio 1 baño en Piriapolis - Edificio TAMBA CITY 303,185000.0,1.0,1.0,56.0,56.0,Piriápolis,-34.865294920009866,-55.27676527698515,2025.0,,False,1,https://www.infocasas.com.uy/apartamento-venta-a-estrenar-de-1-dormitorio-1-baño-en-piriapolis-edificio-tamba-city-303/191843485,https://cdn1.infocasas.com.uy/repo/img/173621583_LBZ-707-TRA_659.jpg
191366709,Lindo departamento con Gran Iluminación.,140000.0,0.0,1.0,57.0,55.0,Aidy Grill,0,0,2022.0,,False,1,https://www.infocasas.com.uy/lindo-departamento-con-gran-iluminacion/191366709,https://cdn1.infocasas.com.uy/repo/img/203121_SIP-11231-TRA_382.jpg
191729508,Mansa Forest Proyecto,241000.0,2.0,1.0,85.0,85.0,Maldonado,0,0,,,False,1,https://www.infocasas.com.uy/mansa-forest-proyecto/191729508,https://cdn1.infocasas.com.uy/repo/img/5226_NLV-223099-TRA_365.jpg
191788128,"Look Brava, 3 Dormitorios y Servicio, Piso alto, Parrillero exclusivo",630000.0,3.0,2.0,155.0,199.0,Playa Brava,-34.94408351705016,-54.921656896667464,2018.0,,False,1,https://www.infocasas.com.uy/look-brava-3-dormitorios-y-servicio-piso-alto-parrillero-exclusivo/191788128,https://cdn1.infocasas.com.uy/repo/img/949740_INV-26-TRA_792.jpg
191061031,Apartamento EN venta 2 DORMITORIOS,1319500.0,2.0,3.0,203.0,203.0,Playa Brava,-34.94299298264252,-54.91677045822144,,,False,1,https://www.infocasas.com.uy/apartamento-en-venta-2-dormitorios/191061031,https://cdn1.infocasas.com.uy/repo/img/251_ATM-AT2-7614_64.jpg
190925616,Vista al mar,970000.0,3.0,3.0,271.0,244.0,Playa Brava,-34.9485071,-54.9263952,,,False,1,https://www.infocasas.com.uy/vista-al-mar/190925616,https://cdn1.infocasas.com.uy/web/6617996d4168c_infocdn.jpg
190925828,Mansa,465000.0,2.0,2.0,120.0,87.0,Playa Mansa,-34.948639,-54.9385715,,,False,1,https://www.infocasas.com.uy/mansa/190925828,https://cdn1.infocasas.com.uy/web/66179c93194a6_infocdn.jpg
190925849,"Apartamento zona Roosevelt, Punta del Este",380000.0,3.0,2.0,174.0,124.0,Roosevelt,-34.9368789,-54.9281496,,,False,1,https://www.infocasas.com.uy/apartamento-zona-roosevelt-punta-del-este/190925849,https://cdn1.infocasas.com.uy/web/66179cf81b1ef_infocdn.jpg
190888455,"Venta apartamento 1 dormitorio, Maldonado",139500.0,1.0,1.0,49.0,60.0,Maldonado,-34.91679828693318,-54.9656451245117,2024.0,,False,1,https://www.infocasas.com.uy/venta-apartamento-1-dormitorio-maldonado/190888455,https://cdn1.infocasas.com.uy/repo/img/694874_DMC-12571-TRA_905.jpg
191066415,Aguas Azules II -Apto. 103,770000.0,4.0,3.0,220.0,175.0,Rincón del Indio,-34.921997,-54.87805,,,False,1,https://www.infocasas.com.uy/aguas-azules-ii-apto-103/191066415,https://cdn1.infocasas.com.uy/web/667a8962ce3df_infocdn.jpg
191067808,Departamento  en Venta y Alquiler en Arenas de la Barra PB - TM3685791,320000.0,2.0,2.0,70.0,63.0,La Barra,-34.9174691,-54.8526365,,,False,1,https://www.infocasas.com.uy/departamento-en-venta-y-alquiler-en-arenas-de-la-barra-pb-tm3685791/191067808,https://cdn1.infocasas.com.uy/web/685a499cb2e38_infocdn.jpg
190930154,Venta apartamento 3 suites más dependencia Punta del Este,720000.0,3.0,3.0,225.0,152.0,Playa Mansa,-34.9311542,-54.9556826,,,False,1,https://www.infocasas.com.uy/venta-apartamento-3-suites-mas-dependencia-punta-del-este/190930154,https://cdn1.infocasas.com.uy/web/6617c2f67070e_infocdn.jpg
191000708,Departamento - Playa Mansa,480000.0,3.0,3.0,170.0,125.0,Playa Mansa,-34.918002,-54.9765911,,,False,1,https://www.infocasas.com.uy/departamento-playa-mansa/191000708,https://cdn1.infocasas.com.uy/web/66478120a635f_infocdn.jpg
190928894,Venta apartamento 3 dormitorios Peninsula,275000.0,3.0,3.0,89.0,65.0,Península,-34.9368789,-54.9281496,,,False,1,https://www.infocasas.com.uy/venta-apartamento-3-dormitorios-peninsula/190928894,https://cdn1.infocasas.com.uy/web/6617a871dccc1_infocdn.jpg
191002012,ALQUILER ANUAL   2 dormitorios Siglo Sol,355000.0,2.0,2.0,82.0,100.0,Aidy Grill,0,0,2022.0,,False,1,https://www.infocasas.com.uy/alquiler-anual-2-dormitorios-siglo-sol/191002012,https://cdn1.infocasas.com.uy/repo/img/147022_IVP-8472-TRA_266.jpg
190999961,Departamento - Beverly Hills,157860.0,1.0,1.0,59.0,47.0,Beverly Hills,-34.9282547,-54.922442,,,False,1,https://www.infocasas.com.uy/departamento-beverly-hills/190999961,https://cdn1.infocasas.com.uy/web/66470536a13f4_infocdn.jpg
190931328,"Venta y alquiler apartamento 3 dormitorios Playa Brava, Punta del Este",730000.0,3.0,3.0,169.0,143.0,Punta del Este,-34.9557006,-54.9379653,,,False,1,https://www.infocasas.com.uy/venta-y-alquiler-apartamento-3-dormitorios-playa-brava-punta-del-este/190931328,https://cdn1.infocasas.com.uy/web/66185e7bd2fb4_infocdn.jpg
190925993,VENTA Y ALQUILER ANUAL de Apartamento - Playa Brava,950000.0,3.0,3.0,270.0,0.0,Playa Brava,-34.9459265,-54.9223078,,,False,1,https://www.infocasas.com.uy/venta-y-alquiler-anual-de-apartamento-playa-brava/190925993,https://cdn1.infocasas.com.uy/web/6601d437c6241_infocdn.jpg
190931597,Venta Apartamento  2 dormitorios Roosevelt Punta del Este ,239000.0,2.0,2.0,90.0,78.0,Roosevelt,-34.9214212,-54.9541765,,,False,1,https://www.infocasas.com.uy/venta-apartamento-2-dormitorios-roosevelt-punta-del-este-/190931597,https://cdn1.infocasas.com.uy/web/6618672a1cd4a_infocdn.jpg
190930552,Venta departamento dúplex Punta Ballena 3 dormitorios vista al mar piscina propia,890000.0,3.0,2.0,215.0,160.0,Punta Ballena,-34.9082697,-55.0431867,,,False,1,https://www.infocasas.com.uy/venta-departamento-duplex-punta-ballena-3-dormitorios-vista-al-mar-piscina-propia/190930552,https://cdn1.infocasas.com.uy/web/6617d054144d6_infocdn.jpg
190927451,Venta Pent House 3 dormitorios en Roosevelt Punta del Este,350000.0,3.0,2.0,109.0,109.0,Roosevelt,-34.9324195,-54.9412658,,,False,1,https://www.infocasas.com.uy/venta-pent-house-3-dormitorios-en-roosevelt-punta-del-este/190927451,https://cdn1.infocasas.com.uy/web/6617a36eaa659_infocdn.jpg
190925131,venta apartamento tres dormitorios playa brava,735000.0,3.0,2.0,194.0,129.0,Playa Brava,-34.9535363,-54.9353657,,,False,1,https://www.infocasas.com.uy/venta-apartamento-tres-dormitorios-playa-brava/190925131,https://cdn1.infocasas.com.uy/web/661792f40c42d_infocdn.jpg
190925288,Departamento - Playa Brava,280000.0,2.0,2.0,120.0,120.0,Playa Brava,-34.9481201,-54.9285293,,,False,1,https://www.infocasas.com.uy/departamento-playa-brava/190925288,https://cdn1.infocasas.com.uy/web/66179544363a5_infocdn.jpg
187552038,"A estrenar, excelente ubicación a 100 metros de Punta Shopping",175000.0,2.0,2.0,60.0,75.0,Roosevelt,0,0,,,False,1,https://www.infocasas.com.uy/a-estrenar-excelente-ubicacion-a-100-metros-de-punta-shopping/187552038,https://cdn1.infocasas.com.uy/repo/img/243_NYP-38235-TRA_136.jpg
188768447,1 - Walmer Lagoon  312,391500.0,2.0,2.0,130.0,85.0,Playa Mansa,-34.908625,-55.00564,,,False,1,https://www.infocasas.com.uy/1-walmer-lagoon-312/188768447,https://cdn1.infocasas.com.uy/web/64809744d5e7c_infocdn.jpg
188531213,1 - Walmer Lagoon  107,508000.0,2.0,2.0,171.0,85.0,Playa Mansa,-34.908625,-55.00564,,,False,1,https://www.infocasas.com.uy/1-walmer-lagoon-107/188531213,https://cdn1.infocasas.com.uy/web/648095d04d8b4_infocdn.jpg
186991372,Departamento - Península,225000.0,2.0,2.0,67.0,61.0,Península,-34.9492353516,-54.936271118,,,False,1,https://www.infocasas.com.uy/departamento-peninsula/186991372,https://cdn1.infocasas.com.uy/web/64676ae1089c5_infocdn.jpg
185667100,Departamento en venta  - Playa Brava,450000.0,2.0,3.0,178.0,139.0,Playa Brava,-34.9445152,-54.9164532,,,False,1,https://www.infocasas.com.uy/departamento-en-venta-playa-brava/185667100,https://cdn1.infocasas.com.uy/web/5da2cb778abf7_infocdn.jpg#HASTH
193312808,Apartamento en venta c/ cochera en Playa Mansa,399000.0,2.0,2.0,131.0,89.0,Playa Mansa,-34.91966539267957,-54.97883487239535,2026.0,,False,1,https://www.infocasas.com.uy/apartamento-en-venta-c-cochera-en-playa-mansa/193312808,https://cdn1.infocasas.com.uy/repo/img/175500891_80567_147.jpg
192980883,EVE Tower,314676.0,2.0,2.0,72.0,63.0,Punta del Este,-34.94567982405558,-54.92733908774413,2028.0,,True,1,https://www.infocasas.com.uy/eve-tower/192980883,https://cdn1.infocasas.com.uy/repo/img/39320_620_713.jpg
193020606,INTIPA - Bloque A,397224.0,3.0,2.0,160.0,78.0,Punta del Este,-34.92338778388513,-54.966787291307064,2026.0,,True,1,https://www.infocasas.com.uy/intipa-bloque-a/193020606,https://cdn1.infocasas.com.uy/repo/img/39320_646_268.jpg
193656714,Grutas de la Ballena,157520.0,1.0,1.0,38.0,33.0,Punta del Este,-34.9072751701529,-55.04027078436889,,,True,1,https://www.infocasas.com.uy/grutas-de-la-ballena/193656714,https://cdn1.infocasas.com.uy/repo/img/39320_1583_298.jpg
193675990,Manglar ALBOR,204006.0,1.0,1.0,48.0,41.0,Punta del Este,-34.950581943056115,-54.93035190541839,2028.0,,True,1,https://www.infocasas.com.uy/manglar-albor/193675990,https://cdn1.infocasas.com.uy/repo/img/39320_652_919.jpg
193565691,Departamento 3 Ambientes en pozo en Punta del Este,290000.0,2.0,2.0,63.0,80.0,Playa Brava,0,0,,,False,1,https://www.infocasas.com.uy/departamento-3-ambientes-en-pozo-en-punta-del-este/193565691,https://cdn1.infocasas.com.uy/repo/img/405_CCP-39904-TRA_976.jpg
192334720,Look Brava Punta del Este,550000.0,3.0,3.0,113.0,139.0,Playa Brava,0,0,,,False,1,https://www.infocasas.com.uy/look-brava-punta-del-este/192334720,https://cdn1.infocasas.com.uy/repo/img/405_CCP-38253-TRA_182.jpg
190937820,Apartamento primera linea de tres dormitorios. Punta del Este - Trump Tower en Venta,1680000.0,3.0,3.0,227.0,310.0,Playa Brava,0,0,,,False,1,https://www.infocasas.com.uy/apartamento-primera-linea-de-tres-dormitorios-punta-del-este-trump-tower-en-venta/190937820,https://cdn1.infocasas.com.uy/repo/img/405_CCP-36060-TRA_285.jpg
189817203,"Apartamento en Miami Boulevard de dos dormitorios en venta, Punta del Este, Playa Mansa",470000.0,2.0,2.0,78.0,93.0,Playa Mansa,0,0,,,False,1,https://www.infocasas.com.uy/apartamento-en-miami-boulevard-de-dos-dormitorios-en-venta-punta-del-este-playa-mansa/189817203,https://cdn1.infocasas.com.uy/repo/img/405_CCP-33479-TRA_799.jpg
186103800,Departamento - Cantegril,180000.0,1.0,1.0,50.0,50.0,Cantegril,-34.9260087,-54.9485448,,,False,1,https://www.infocasas.com.uy/departamento-cantegril/186103800,https://cdn1.infocasas.com.uy/web/6493e6da473a7_infocdn.jpg
188087567,Apartamento - Shopping,240000.0,2.0,2.0,80.0,80.0,Roosevelt,-34.9407487,-54.9344136,,,False,1,https://www.infocasas.com.uy/apartamento-shopping/188087567,https://cdn1.infocasas.com.uy/web/61047e1747a60_infocdn.jpg#HASTH
188394183,Apartamento - Roosevelt,330000.0,3.0,3.0,130.0,130.0,Roosevelt,-34.9233554,-54.9515807,,,False,1,https://www.infocasas.com.uy/apartamento-roosevelt/188394183,https://cdn1.infocasas.com.uy/web/615beea257231_infocdn.jpg
188156020,Apartamento - Playa Mansa,260000.0,2.0,2.0,70.0,70.0,Playa Mansa,-34.9243099,-54.954943,,,False,1,https://www.infocasas.com.uy/apartamento-playa-mansa/188156020,https://cdn1.infocasas.com.uy/web/610a371b6cf8b_infocdn.jpg#HASTH
190876512,Apartamento en  roosevelt,156662.0,1.0,1.0,52.0,37.0,Roosevelt,-34.9318414,-54.9429892,,,False,1,https://www.infocasas.com.uy/apartamento-en-roosevelt/190876512,https://cdn1.infocasas.com.uy/web/65c47829d0bc7_infocdn.jpg
193598478,"Venta apartamento de 3 dormitorios en suite, con vista al mar, primera Linea.",670000.0,3.0,4.0,150.0,190.0,Playa Mansa,-34.91194920284689,-54.99090336730346,2026.0,,False,1,https://www.infocasas.com.uy/venta-apartamento-de-3-dormitorios-en-suite-con-vista-al-mar-primera-linea/193598478,https://cdn1.infocasas.com.uy/repo/img/175955365_LUX-21099233-TRA_434.jpg
193540124,Departamento Semi Piso 5 suites Le Parc IV Playa Brava,3500000.0,5.0,3.0,293.0,229.0,Playa Brava,-34.945025,-54.921016,,,False,1,https://www.infocasas.com.uy/departamento-semi-piso-5-suites-le-parc-iv-playa-brava/193540124,https://cdn1.infocasas.com.uy/web/69bbbcfac18f4_infocdn.jpg
192847890,Duplex Exclusivo En Punta Del Este,3990000.0,4.0,3.0,753.0,800.0,San Rafael,0,0,,,False,1,https://www.infocasas.com.uy/duplex-exclusivo-en-punta-del-este/192847890,https://cdn1.infocasas.com.uy/repo/img/15377_KBR-364-TRA_914.jpg
193576483,Apartamento en venta en Punta del Este a estrenar,290000.0,2.0,2.0,80.0,0.0,Aidy Grill,-34.9516742,-54.9334614,2026.0,,False,1,https://www.infocasas.com.uy/apartamento-en-venta-en-punta-del-este-a-estrenar/193576483,https://cdn1.infocasas.com.uy/repo/img/173903975_KCP-21097028-TRA_326.jpg
192806386,Apartamento de 3 dormitorios en suite sobre la mansa.,1295000.0,3.0,3.0,190.0,200.0,Playa Mansa,0,0,2021.0,,False,1,https://www.infocasas.com.uy/apartamento-de-3-dormitorios-en-suite-sobre-la-mansa/192806386,https://cdn1.infocasas.com.uy/repo/img/176283692_BON-56-TRA_888.jpg
192847733,Manantiales frente al mar,620000.0,2.0,3.0,110.0,110.0,Manantiales,-34.9055325,-54.8262571,,1.0,False,1,https://www.infocasas.com.uy/manantiales-frente-al-mar/192847733,https://cdn1.infocasas.com.uy/repo/img/15377_KBR-189-TRA_567.jpg
193692155,Apartamento en Venta a Estrenar 1 Dormitorio - Maldonado - Zona Shopping Atlantico - Punta del Este,139500.0,1.0,1.0,60.0,60.0,Maldonado,0,0,,,False,1,https://www.infocasas.com.uy/apartamento-en-venta-a-estrenar-1-dormitorio-maldonado-zona-shopping-atlantico-punta-del-este/193692155,https://cdn1.infocasas.com.uy/repo/img/261_GII-3773-TRA_257.jpg
192729173,Venta Apartamento dos dormitorios Península.,175000.0,2.0,2.0,71.0,0.0,Península,-34.9612398,-54.9408129,,,False,1,https://www.infocasas.com.uy/venta-apartamento-dos-dormitorios-peninsula/192729173,https://cdn1.infocasas.com.uy/web/68959ed95f986_infocdn.jpg
192616342,Venta apartamento dos dormitorios punta del este playa brava edificio siglo sol ii,235000.0,2.0,1.0,55.0,61.0,Playa Brava,0,0,2021.0,,False,1,https://www.infocasas.com.uy/venta-apartamento-dos-dormitorios-punta-del-este-playa-brava-edificio-siglo-sol-ii/192616342,https://cdn1.infocasas.com.uy/repo/img/175664160_ASZ-2431-TRA_371.jpg
192626857,Departamento en  Ocean Drive II,240000.0,2.0,2.0,83.0,67.0,Playa Brava,-34.9445152,-54.9164532,,,False,1,https://www.infocasas.com.uy/departamento-en-ocean-drive-ii/192626857,https://cdn1.infocasas.com.uy/web/6870b75b3ba46_infocdn.jpg
193053171,"Apartamento en Garden Tower, Punta del Este",380000.0,4.0,3.0,196.0,166.0,Península,-34.9666918,-54.9474179,,,False,1,https://www.infocasas.com.uy/apartamento-en-garden-tower-punta-del-este/193053171,https://cdn1.infocasas.com.uy/web/6905b3985c4ce_infocdn.jpg
193586576,Torre Gauguin - 2 Dormitorios,210000.0,2.0,1.0,51.0,63.0,Playa Brava,0,0,,,False,1,https://www.infocasas.com.uy/torre-gauguin-2-dormitorios/193586576,https://cdn1.infocasas.com.uy/repo/img/173898037_BYH-6880-TRA_823.jpg
193744502,"Apartamento 2 Dormitorios con garaje en Piriápolis, Maldonado",184000.0,2.0,2.0,67.0,64.0,Piriápolis,-34.8600701,-55.2827792,,,False,1,https://www.infocasas.com.uy/apartamento-2-dormitorios-con-garaje-en-piriapolis-maldonado/193744502,https://cdn1.infocasas.com.uy/web/6a0422dbc3146_infocdn.jpg
193728130,EXCELENTE OPORTUNIDAD EDIFICIO DE CATEGORIA,420000.0,3.0,2.0,101.0,131.0,Playa Mansa,-34.951445562564416,-54.9343411645569,2025.0,,False,1,https://www.infocasas.com.uy/excelente-oportunidad-edificio-de-categoria/193728130,https://cdn1.infocasas.com.uy/repo/img/241439_SUE-4583-TRA_98.jpg
193728193,"Venta de apartamento con vista al mar y muy luminoso de 2 dormitorios con 2 baños, Playa Brava Aidy Grill, Punta del Este",395000.0,2.0,2.0,98.0,125.0,Aidy Grill,0,0,2021.0,,False,1,https://www.infocasas.com.uy/venta-de-apartamento-con-vista-al-mar-y-muy-luminoso-de-2-dormitorios-con-2-baños-playa-brava-aidy-grill-punta-del-este/193728193,https://cdn1.infocasas.com.uy/repo/img/895572_PUC-2840-TRA_214.jpg
193529801,Hermoso apartamento en venta 2 dormitorios y 2 baños a estrenar,235000.0,2.0,2.0,60.0,80.0,Playa Mansa,-34.9472869,-54.9353101,,,False,1,https://www.infocasas.com.uy/hermoso-apartamento-en-venta-2-dormitorios-y-2-baños-a-estrenar/193529801,https://cdn1.infocasas.com.uy/repo/img/173898037_BYH-6782-TRA_848.jpg
193529814,Departamento en Venta en Trump Tower,1600000.0,3.0,3.0,310.0,216.0,Playa Brava,-34.9445152,-54.9164532,,,False,1,https://www.infocasas.com.uy/departamento-en-venta-en-trump-tower/193529814,https://cdn1.infocasas.com.uy/web/69ba4c1cc5e35_infocdn.jpg
193650615,Venta apto. a estrenar,209000.0,1.0,1.0,41.0,45.0,Aidy Grill,0,0,,,False,1,https://www.infocasas.com.uy/venta-apto-a-estrenar/193650615,https://cdn1.infocasas.com.uy/repo/img/694874_DMC-16882-TRA_297.jpg
193564484,Venta de Apartamento de 1 Dormitorio en Roosevelt,137958.0,1.0,1.0,50.0,38.0,Roosevelt,-34.940215,-54.934048,,,False,1,https://www.infocasas.com.uy/venta-de-apartamento-de-1-dormitorio-en-roosevelt/193564484,https://cdn1.infocasas.com.uy/web/69c4e348b09ac_infocdn.jpg
193439160,✨ Piso Alto · 1 dormitorio · Vista panorámica a la Venta Punta del Este,180000.0,1.0,1.0,42.0,42.0,Playa Brava,0,0,,,False,1,https://www.infocasas.com.uy/✨-piso-alto-·-1-dormitorio-·-vista-panoramica-a-la-venta-punta-del-este/193439160,https://cdn1.infocasas.com.uy/repo/img/173898037_BYH-6647-TRA_511.jpg
193753859,"Venta de amplio penthouse 4 dormitorios más dependencia de servicio en torre premiun de Playa Brava, Punta del Este",1900000.0,4.0,3.0,502.0,549.0,Playa Brava,0,0,,,False,1,https://www.infocasas.com.uy/venta-de-amplio-penthouse-4-dormitorios-mas-dependencia-de-servicio-en-torre-premiun-de-playa-brava-punta-del-este/193753859,https://cdn1.infocasas.com.uy/repo/img/173224178_ARE-5668-TRA_465.jpg
193173396,Apto a estrenar en espectacular torre de la mansa!,1131023.0,3.0,4.0,258.0,0.0,Playa Mansa,-34.92793870000001,-54.9622587,,,False,1,https://www.infocasas.com.uy/apto-a-estrenar-en-espectacular-torre-de-la-mansa/193173396,https://cdn1.infocasas.com.uy/repo/img/694874_DMC-4101-TRA_67.jpg
193434761,Venta Apartamento en Playa Mansa 3 Dormitorios,459600.0,3.0,3.0,134.0,117.0,Playa Mansa,-34.9211346,-54.971274,,,False,1,https://www.infocasas.com.uy/venta-apartamento-en-playa-mansa-3-dormitorios/193434761,https://cdn1.infocasas.com.uy/web/699e9ed5eccfb_infocdn.jpg
193416530,"Venta de Apartamento a estrenar de 2 dormitorios y 3 baños en Punta del este, Playa Brava",399500.0,2.0,3.0,121.0,100.0,Rincón del Indio,-34.9213943,-54.8797696,,,False,1,https://www.infocasas.com.uy/venta-de-apartamento-a-estrenar-de-2-dormitorios-y-3-baños-en-punta-del-este-playa-brava/193416530,https://cdn1.infocasas.com.uy/web/69980a5d6c523_infocdn.jpg
193178521,Departamento a estrenar en Maldonado,105000.0,2.0,1.0,53.0,0.0,Maldonado,0,0,2024.0,,False,1,https://www.infocasas.com.uy/departamento-a-estrenar-en-maldonado/193178521,https://cdn1.infocasas.com.uy/repo/img/173325609_MCH-13595-TRA_891.jpg
193494699,"Punta ballena, Apto 3 dor, Piscina uso exclusivo con vista al mar !!!",850000.0,3.0,2.0,280.0,280.0,Punta Ballena,0,0,,,False,1,https://www.infocasas.com.uy/punta-ballena-apto-3-dor-piscina-uso-exclusivo-con-vista-al-mar-/193494699,https://cdn1.infocasas.com.uy/repo/img/895572_PUC-1099-TRA_619.jpg
193395669,ARTE BARRA DEPARTAMENTO EN VENTA CON PILETA,1950000.0,3.0,4.0,190.0,440.0,La Barra,0,0,2025.0,,False,1,https://www.infocasas.com.uy/arte-barra-departamento-en-venta-con-pileta/193395669,https://cdn1.infocasas.com.uy/repo/img/256162_MKT-7957-TRA_374.jpg
193319475,Venta Apto 2D Brava Punta con Amenities prox al mar,299000.0,2.0,2.0,63.0,73.0,Playa Brava,-34.9490957,-54.9311706,,,False,1,https://www.infocasas.com.uy/venta-apto-2d-brava-punta-con-amenities-prox-al-mar/193319475,https://cdn1.infocasas.com.uy/repo/img/974465_TRU-1543-TRA_235.jpg
193331150,"Departamento de 3 suites en Alquiler frente al mar. Venetian Luxury, Punta del Este",1850000.0,3.0,3.0,227.0,250.0,Playa Mansa,0,0,2022.0,,False,1,https://www.infocasas.com.uy/departamento-de-3-suites-en-alquiler-frente-al-mar-venetian-luxury-punta-del-este/193331150,https://cdn1.infocasas.com.uy/repo/img/173012432_NDM-20193-TRA_14.jpg
193541240,Apartamento en Venta - LAP6205233,1480000.0,4.0,3.0,187.0,187.0,Manantiales,-34.8878991,-54.823307,,,False,1,https://www.infocasas.com.uy/apartamento-en-venta-lap6205233/193541240,https://cdn1.infocasas.com.uy/web/69bbefac907f4_infocdn.jpg
193387187,Apartamento Primera Linea Frente a Mansa 1 Dormitorio Bajos Gastos,199000.0,1.0,1.0,45.0,45.0,Playa Mansa,0,0,,,False,1,https://www.infocasas.com.uy/apartamento-primera-linea-frente-a-mansa-1-dormitorio-bajos-gastos/193387187,https://cdn1.infocasas.com.uy/repo/img/599524_PAR-11695-TRA_55.jpg
193402560,Venta Apartamento 4 Dormitorios con Servicio en Manantiales,1680000.0,4.0,3.0,515.0,257.0,Manantiales,-34.8878991,-54.823307,,,False,1,https://www.infocasas.com.uy/venta-apartamento-4-dormitorios-con-servicio-en-manantiales/193402560,https://cdn1.infocasas.com.uy/web/699412483e857_infocdn.jpg
193195113,"TORRES DEL ESTE - Nuevo desarrollo de lujo en Av. Chiverta, Punta del Este",255000.0,2.0,2.0,75.0,90.0,Playa Mansa,0,0,2026.0,,False,1,https://www.infocasas.com.uy/torres-del-este-nuevo-desarrollo-de-lujo-en-av-chiverta-punta-del-este/193195113,https://cdn1.infocasas.com.uy/repo/img/175716718_CHZ-2742-TRA_747.jpg
193049092,"Venta departamento 1 dormitorio Green Life, Roosevelt",220000.0,1.0,2.0,58.0,51.0,Roosevelt,-34.9318503,-54.9420116,,,False,1,https://www.infocasas.com.uy/venta-departamento-1-dormitorio-green-life-roosevelt/193049092,https://cdn1.infocasas.com.uy/web/69046890a901f_infocdn.jpg
192707818,"Moderno Penthouse con Vista al Mar, en Playa Brava, 3 Dormitorios con Parrillero y Dependencia de servicio",1435000.0,3.0,3.0,389.0,431.0,Playa Brava,0,0,,,False,1,https://www.infocasas.com.uy/moderno-penthouse-con-vista-al-mar-en-playa-brava-3-dormitorios-con-parrillero-y-dependencia-de-servicio/192707818,https://cdn1.infocasas.com.uy/repo/img/175716718_CHZ-2199-TRA_807.jpg
192697962,Departamento Erizos en Manantiales a Pasos de Playa Bikini en Venta - TM7195948,270000.0,3.0,2.0,81.0,71.0,Manantiales,-34.9038523457,-54.8257152069,,,False,1,https://www.infocasas.com.uy/departamento-erizos-en-manantiales-a-pasos-de-playa-bikini-en-venta-tm7195948/192697962,https://cdn1.infocasas.com.uy/web/6889bf8977b4d_infocdn.jpg
192581875,Apartamento En Edificio Sea Garden 2 Dorm,285000.0,2.0,2.0,70.0,77.0,Roosevelt,-34.9196174,-54.95557580000001,2025.0,,False,1,https://www.infocasas.com.uy/apartamento-en-edificio-sea-garden-2-dorm/192581875,https://cdn1.infocasas.com.uy/repo/img/256162_MKT-7459-TRA_1.jpg
192635229,Departamento en  venta 3 dormitorios en Playa Mansa,680000.0,3.0,3.0,189.0,189.0,Playa Mansa,-34.918002,-54.9765911,,,False,1,https://www.infocasas.com.uy/departamento-en-venta-3-dormitorios-en-playa-mansa/192635229,https://cdn1.infocasas.com.uy/web/6874d7571817d_infocdn.jpg
192381568,Apartamento en venta! Punta del Este - Ref : EQP6615,140000.0,0.0,1.0,33.0,40.0,San Rafael,0,0,,,False,1,https://www.infocasas.com.uy/apartamento-en-venta-punta-del-este-ref-eqp6615/192381568,https://cdn1.infocasas.com.uy/repo/img/176001116_EQP-6615-TRA_334.jpg
192115342,"Apartamento en venta amparado por la Ley de Vivienda Promovida, a  pasos del mar - 2 dormitorios y medio",205000.0,2.0,1.0,64.0,79.0,Playa Mansa,0,0,2025.0,,False,1,https://www.infocasas.com.uy/apartamento-en-venta-amparado-por-la-ley-de-vivienda-promovida-a-pasos-del-mar-2-dormitorios-y-medio/192115342,https://cdn1.infocasas.com.uy/repo/img/638_WYN-5547-TRA_503.jpg
191988371,Apartamento de 2 dormitorios 2 baños en Venta con vista al mar,250000.0,2.0,2.0,65.0,65.0,Península,-34.9624337,-54.9432886,,,False,1,https://www.infocasas.com.uy/apartamento-de-2-dormitorios-2-baños-en-venta-con-vista-al-mar/191988371,https://cdn1.infocasas.com.uy/web/67a7288ed2ab9_infocdn.jpg
192160782,(BPV-BPV-4061)  Apartamento EN venta 2 DORMITORIOS,235000.0,2.0,3.0,93.0,80.0,Punta del Este,-34.93160153695692,-54.94205417153319,2026.0,,False,1,https://www.infocasas.com.uy/bpvbpv4061-apartamento-en-venta-2-dormitorios/192160782,https://cdn1.infocasas.com.uy/repo/img/279_BPV-BPV-4061_869.jpg
191989337,Departamento 3 dormitorios - luminoso - reciclado - Península - Punta del Este,270000.0,3.0,3.0,90.0,90.0,Península,-34.9606927505,-54.9410140868,,,False,1,https://www.infocasas.com.uy/departamento-3-dormitorios-luminoso-reciclado-peninsula-punta-del-este/191989337,https://cdn1.infocasas.com.uy/web/67a74fc26cef9_infocdn.jpg
191864943,Apartamento - Lomo de la Ballena,450000.0,2.0,2.0,100.0,70.0,Punta Ballena,-34.9106916,-55.0441303,,,False,1,https://www.infocasas.com.uy/apartamento-lomo-de-la-ballena/191864943,https://cdn1.infocasas.com.uy/web/678217c006658_infocdn.jpg
191993525,Apartamento en  Surfside - LAP5995441,1580000.0,3.0,3.0,263.0,0.0,Playa Brava,-34.9445152,-54.9164532,,,False,1,https://www.infocasas.com.uy/apartamento-en-surfside-lap5995441/191993525,https://cdn1.infocasas.com.uy/web/67a9a2e5df5b9_infocdn.jpg
191605977,Apartamento en Playa Brava,550000.0,3.0,3.0,171.0,171.0,Playa Brava,-34.9566595094,-54.9379323298,,,False,1,https://www.infocasas.com.uy/apartamento-en-playa-brava/191605977,https://cdn1.infocasas.com.uy/web/6719f2e277322_infocdn.jpg
191022271,"Apartamento en venta de1 dormitorio en Ocean Drive, Punta del Este.",158000.0,1.0,1.0,52.0,60.0,Roosevelt,0,0,2016.0,,False,1,https://www.infocasas.com.uy/apartamento-en-venta-de1-dormitorio-en-ocean-drive-punta-del-este/191022271,https://cdn1.infocasas.com.uy/repo/img/599524_PAR-4450-TRA_940.jpg
190927163,Pent House en La Barra,990000.0,3.0,2.0,125.0,125.0,La Barra,-34.9088805,-54.8721693,,,False,1,https://www.infocasas.com.uy/pent-house-en-la-barra/190927163,https://cdn1.infocasas.com.uy/web/6617a08f91fee_infocdn.jpg
190911293,EXCLUSIVO APARTAMENTO EN PLAYA MANSA PUNTA DEL ESTE,588800.0,3.0,1.0,127.0,196.0,Playa Mansa,0,0,2024.0,,False,1,https://www.infocasas.com.uy/exclusivo-apartamento-en-playa-mansa-punta-del-este/190911293,https://cdn1.infocasas.com.uy/repo/img/5226_NLV-222260-TRA_166.jpg
190979288,VENTA ESPECTACULAR DEPARTAMENTO ESQUINERO EN VENETIAN LUXURY,1850000.0,3.0,3.0,248.0,248.0,Playa Mansa,0,0,2021.0,,False,1,https://www.infocasas.com.uy/venta-espectacular-departamento-esquinero-en-venetian-luxury/190979288,https://cdn1.infocasas.com.uy/repo/img/173608396_HAUS-1674-TRA_963.jpg
190999936,Departamento en  Playa Brava,280000.0,2.0,2.0,110.0,80.0,Playa Brava,-34.9481201,-54.9285293,,,False,1,https://www.infocasas.com.uy/departamento-en-playa-brava/190999936,https://cdn1.infocasas.com.uy/web/6647037fe2147_infocdn.jpg
190929030,Departamento - Rincón del Indio,750495.0,3.0,3.0,302.0,210.0,Rincón del Indio,-34.9368789,-54.9281496,,,False,1,https://www.infocasas.com.uy/departamento-rincon-del-indio/190929030,https://cdn1.infocasas.com.uy/web/66485e88008fc_infocdn.jpg
191000584,Departamento - Roosevelt,312000.0,2.0,3.0,93.0,79.0,Roosevelt,-34.9319269842,-54.9421507311,,,False,1,https://www.infocasas.com.uy/departamento-roosevelt/191000584,https://cdn1.infocasas.com.uy/web/66477ac693268_infocdn.jpg
190930159,Venta apartamento 3 dormitorios Punta del Este,210000.0,3.0,2.0,85.0,68.0,Playa Brava,-34.9551286453,-54.9347983518,,,False,1,https://www.infocasas.com.uy/venta-apartamento-3-dormitorios-punta-del-este/190930159,https://cdn1.infocasas.com.uy/web/6617c32b6da98_infocdn.jpg
190930236,Venta apartamento 2 dormitorios más dependencia Punta del Este,360000.0,2.0,2.0,115.0,92.0,Playa Mansa,-34.9490242954,-54.9384383429,,,False,1,https://www.infocasas.com.uy/venta-apartamento-2-dormitorios-mas-dependencia-punta-del-este/190930236,https://cdn1.infocasas.com.uy/web/6617c5b13cbb1_infocdn.jpg
190925396,Venta Apartamento dos dormitorios Peninsula Punta del Este,170000.0,2.0,2.0,64.0,53.0,Península,-34.9286456,-54.924287,,,False,1,https://www.infocasas.com.uy/venta-apartamento-dos-dormitorios-peninsula-punta-del-este/190925396,https://cdn1.infocasas.com.uy/web/6617968c29490_infocdn.jpg
190925518,Vista al mar,690000.0,3.0,3.0,165.0,143.0,Playa Brava,-34.950592,-54.9355476,,,False,1,https://www.infocasas.com.uy/vista-al-mar/190925518,https://cdn1.infocasas.com.uy/web/661797c7648af_infocdn.jpg
190929162,Departamento - Playa Brava,420000.0,3.0,3.0,112.0,102.0,Playa Brava,-34.9481201,-54.9285293,,,False,1,https://www.infocasas.com.uy/departamento-playa-brava/190929162,https://cdn1.infocasas.com.uy/web/6617b4f537e72_infocdn.jpg
190931184,Venta apartamento 2 dormitorios Playa Brava Punta del Este ,325000.0,2.0,2.0,104.0,72.0,Playa Brava,-34.9481201,-54.9285293,,,False,1,https://www.infocasas.com.uy/venta-apartamento-2-dormitorios-playa-brava-punta-del-este-/190931184,https://cdn1.infocasas.com.uy/web/661857d5a572b_infocdn.jpg
191000391,Departamento - Playa Mansa,750000.0,4.0,3.0,207.0,179.0,Playa Mansa,-34.9099127436,-54.9972941329,,,False,1,https://www.infocasas.com.uy/departamento-playa-mansa/191000391,https://cdn1.infocasas.com.uy/web/66519b6f8753c_infocdn.jpg
190924851,Reciclado en Península,170000.0,1.0,1.0,36.0,36.0,Península,-34.950592,-54.9355476,,,False,1,https://www.infocasas.com.uy/reciclado-en-peninsula/190924851,https://cdn1.infocasas.com.uy/web/66178e780b251_infocdn.jpg
190929340,Venta apartamento 3 dormitorios Punta del Este,275000.0,3.0,2.0,130.0,105.0,Roosevelt,-34.921496,-54.9539841,,,False,1,https://www.infocasas.com.uy/venta-apartamento-3-dormitorios-punta-del-este/190929340,https://cdn1.infocasas.com.uy/web/6617badaa3fa6_infocdn.jpg
190283288,VENTA APARTAMENTO 2 DORMITORIOS MALDONADO,150000.0,2.0,1.0,65.0,69.0,Maldonado,0,0,,,False,1,https://www.infocasas.com.uy/venta-apartamento-2-dormitorios-maldonado/190283288,https://cdn1.infocasas.com.uy/repo/img/132785_RSP-8218-TRA_719.jpg
190268217,Venta de apartamento pent house de 3 suites mas servicio con baño y terraza primera linra en playa brava,715000.0,3.0,5.0,223.0,223.0,Rincón del Indio,0,0,,,False,1,https://www.infocasas.com.uy/venta-de-apartamento-pent-house-de-3-suites-mas-servicio-con-baño-y-terraza-primera-linra-en-playa-brava/190268217,https://cdn1.infocasas.com.uy/repo/img/1189_MYT-4305-TRA_510.jpg
190962182,"Apartamento 2 dormitorios con amplia terraza en primera línea del mar en Punta del  Este, Playa Mansa parada 39",441500.0,2.0,2.0,143.0,82.0,Playa Mansa,-34.950221,-54.9384593,,,False,1,https://www.infocasas.com.uy/apartamento-2-dormitorios-con-amplia-terraza-en-primera-linea-del-mar-en-punta-del-este-playa-mansa-parada-39/190962182,https://cdn1.infocasas.com.uy/web/661d5798c9b72_infocdn.jpg
191989265,Departamento  2 dormitorios- Manantiales- Bikini Beach - Punta del Este,420000.0,2.0,2.0,120.0,0.0,Manantiales,-34.904942,-54.8277514,,,False,1,https://www.infocasas.com.uy/departamento-2-dormitorios-manantiales-bikini-beach-punta-del-este/191989265,https://cdn1.infocasas.com.uy/web/67a74c6f98ff9_infocdn.jpg
191733642,"Espectacular Penthouse de 5 dormitorios En Torre Le Parc III , Punta del Este",3450000.0,5.0,7.0,370.0,435.0,Playa Brava,0,0,2024.0,,False,1,https://www.infocasas.com.uy/espectacular-penthouse-de-5-dormitorios-en-torre-le-parc-iii-punta-del-este/191733642,https://cdn1.infocasas.com.uy/repo/img/173012432_NDM-24593-TRA_302.jpg
190869345,DEPARTAMENTO A ESTRENAR 3 DORMITORIOS EN BEVERLY HILLS,340324.0,3.0,2.0,189.0,189.0,Beverly Hills,-34.927249021730695,-54.922150423126205,2027.0,,False,1,https://www.infocasas.com.uy/departamento-a-estrenar-3-dormitorios-en-beverly-hills/190869345,https://cdn1.infocasas.com.uy/repo/img/173608396_HAUS-1338-TRA_973.jpg
191989431,Departamento frente al mar - Playa Brava_ Primera Linea 3 dormitorios,530000.0,3.0,3.0,200.0,200.0,Playa Brava,-34.9569838,-54.9364075,,,False,1,https://www.infocasas.com.uy/departamento-frente-al-mar-playa-brava-primera-linea-3-dormitorios/191989431,https://cdn1.infocasas.com.uy/web/67a7531ca9be1_infocdn.jpg
191988954,Departamento de 1 dormitorio en venta con amenities- Aidy Grill -playa brava. Oportunidad de inversión!,195000.0,1.0,1.0,60.0,48.0,Aidy Grill,-34.9498209116,-54.9306630566,,,False,1,https://www.infocasas.com.uy/departamento-de-1-dormitorio-en-venta-con-amenities-aidy-grill-playa-brava-oportunidad-de-inversion/191988954,https://cdn1.infocasas.com.uy/web/67a73bc5b19b3_infocdn.jpg
190451627,"Departamento a metros del mar, parada 4 de playa mansa",195000.0,1.0,1.0,45.0,48.0,Playa Mansa,0,0,2021.0,,False,1,https://www.infocasas.com.uy/departamento-a-metros-del-mar-parada-4-de-playa-mansa/190451627,https://cdn1.infocasas.com.uy/repo/img/694874_DMC-11441-TRA_436.jpg
190930073,Departamento - Playa Mansa,485000.0,3.0,3.0,170.0,122.0,Playa Mansa,-34.948639,-54.9385715,,,False,1,https://www.infocasas.com.uy/departamento-playa-mansa/190930073,https://cdn1.infocasas.com.uy/web/6617c0cfa009f_infocdn.jpg
190930111,Departamento - Playa Mansa,790000.0,3.0,3.0,130.0,103.0,Playa Mansa,-34.947806,-54.9401954,,,False,1,https://www.infocasas.com.uy/departamento-playa-mansa/190930111,https://cdn1.infocasas.com.uy/web/6617c1c728135_infocdn.jpg
190930673,"Venta, Apartamento 4 dormitorios, Punta del Este",670000.0,3.0,3.0,199.0,166.0,Punta del Este,-34.948683,-54.9266527,,,False,1,https://www.infocasas.com.uy/venta-apartamento-4-dormitorios-punta-del-este/190930673,https://cdn1.infocasas.com.uy/web/661843d1cc48e_infocdn.jpg
190930720,"Venta Apartamento 2 dormitorios, Punta del Este",230000.0,2.0,2.0,88.0,66.0,Aidy Grill,-34.9448546,-54.9312367,,,False,1,https://www.infocasas.com.uy/venta-apartamento-2-dormitorios-punta-del-este/190930720,https://cdn1.infocasas.com.uy/web/66184583be413_infocdn.jpg
191078926,Apartamento 1 dormitorio en venta Maldonado,132500.0,1.0,1.0,50.0,60.0,Maldonado,0,0,2024.0,,False,1,https://www.infocasas.com.uy/apartamento-1-dormitorio-en-venta-maldonado/191078926,https://cdn1.infocasas.com.uy/repo/img/203121_SIP-10955-TRA_11.jpg
191008382,Departamento - Aidy Grill,335000.0,2.0,2.0,113.0,76.0,Aidy Grill,-34.9484828,-54.9332432,,,False,1,https://www.infocasas.com.uy/departamento-aidy-grill/191008382,https://cdn1.infocasas.com.uy/web/6651a539558a8_infocdn.jpg
191578011,Apartamento en Roosevelt,160000.0,1.0,1.0,45.0,45.0,Roosevelt,-34.9264232956,-54.948531881,,,False,1,https://www.infocasas.com.uy/apartamento-en-roosevelt/191578011,https://cdn1.infocasas.com.uy/web/6710bd8a63e76_infocdn.jpg
191008399,Departamento - Playa Brava,385000.0,3.0,2.0,125.0,92.0,Playa Brava,-34.9429515,-54.9309942,,,False,1,https://www.infocasas.com.uy/departamento-playa-brava/191008399,https://cdn1.infocasas.com.uy/web/665c170d1d6b2_infocdn.jpg
191067111,Punta del Este Venta y Alquiler Temporario Departamento Aguas Azules II - PH,1785000.0,5.0,3.0,510.0,372.0,Rincón del Indio,-34.921997,-54.87805,,,False,1,https://www.infocasas.com.uy/punta-del-este-venta-y-alquiler-temporario-departamento-aguas-azules-ii-ph/191067111,https://cdn1.infocasas.com.uy/web/667aaef8a3137_infocdn.jpg
190621305,Venta Departamento en Playa Brava,680000.0,2.0,2.0,180.0,150.0,Playa Brava,-34.9487161406,-54.9260707635,,,False,1,https://www.infocasas.com.uy/venta-departamento-en-playa-brava/190621305,https://cdn1.infocasas.com.uy/web/65251fbd762df_infocdn.jpg
190929018,Departamento - Punta del Este,1950000.0,4.0,3.0,339.0,238.0,Punta del Este,-34.9059861,-54.8199548,,,False,1,https://www.infocasas.com.uy/departamento-punta-del-este/190929018,https://cdn1.infocasas.com.uy/web/66485e43a4a2a_infocdn.jpg
190929073,Departamento - Bikini,2095050.0,3.0,3.0,207.0,162.0,Manantiales,-34.9074598,-54.8289124,,,False,1,https://www.infocasas.com.uy/departamento-bikini/190929073,https://cdn1.infocasas.com.uy/web/6617b064e58e1_infocdn.jpg
190929125,Departamento - Punta del Este,285000.0,2.0,2.0,89.0,82.0,Punta del Este,-34.9530754,-54.9340841,,,False,1,https://www.infocasas.com.uy/departamento-punta-del-este/190929125,https://cdn1.infocasas.com.uy/web/6617b388394d8_infocdn.jpg
190929127,Departamento - Punta del Este,275000.0,2.0,2.0,85.0,0.0,Punta del Este,-34.9530754,-54.9340841,,,False,1,https://www.infocasas.com.uy/departamento-punta-del-este/190929127,https://cdn1.infocasas.com.uy/web/6617b396cda23_infocdn.jpg
190929179,Departamento - Roosevelt,359000.0,2.0,2.0,90.0,69.0,Roosevelt,-34.9371932,-54.9359533,,,False,1,https://www.infocasas.com.uy/departamento-roosevelt/190929179,https://cdn1.infocasas.com.uy/web/6617b5c423ee4_infocdn.jpg
190403503,Venta apartamento en Punta Ballena,300000.0,0.0,1.0,56.0,97.0,Punta Ballena,-34.911396459587486,-55.044952680664046,,,False,1,https://www.infocasas.com.uy/venta-apartamento-en-punta-ballena/190403503,https://cdn1.infocasas.com.uy/repo/img/694874_DMC-11320-TRA_587.jpg
190931066,Venta Apartamento 4 dormitorios en Puerto de Punta del Este,690000.0,4.0,3.0,150.0,134.0,Puerto,-34.9649192,-54.9474499,,,False,1,https://www.infocasas.com.uy/venta-apartamento-4-dormitorios-en-puerto-de-punta-del-este/190931066,https://cdn1.infocasas.com.uy/web/6618523070270_infocdn.jpg
191000216,Quartier del mar,320000.0,2.0,2.0,100.0,80.0,Playa Brava,-34.9434422037,-54.9218838735,,,False,1,https://www.infocasas.com.uy/quartier-del-mar/191000216,https://cdn1.infocasas.com.uy/web/6647672d99089_infocdn.jpg
190952611,Venta departamento 4 dormitorios mas dependencia - Peninsula,419000.0,4.0,3.0,180.0,180.0,Península,-34.9651583,-54.9434947,,,False,1,https://www.infocasas.com.uy/venta-departamento-4-dormitorios-mas-dependencia-peninsula/190952611,https://cdn1.infocasas.com.uy/web/6619161ab952c_infocdn.jpg
190952737,"Alquiler Temporario - Ocean Drive - Av.Roosevelt, Parada 8",395000.0,3.0,3.0,98.0,98.0,Roosevelt,-34.9379820637,-54.9353658676,,,False,1,https://www.infocasas.com.uy/alquiler-temporario-ocean-drive-avroosevelt-parada-8/190952737,https://cdn1.infocasas.com.uy/web/66191d89a7f12_infocdn.jpg
190931782,Venta Apartamento 2 dormitorios Roosevelt Punta del Este,260000.0,2.0,2.0,78.0,62.0,Roosevelt,-34.9233738,-54.9515599,,,False,1,https://www.infocasas.com.uy/venta-apartamento-2-dormitorios-roosevelt-punta-del-este/190931782,https://cdn1.infocasas.com.uy/web/6618e1e63cf21_infocdn.jpg
191000478,Departamento - San Rafael,340000.0,2.0,2.0,146.0,70.0,San Rafael,-34.9329488585,-54.922542572,,,False,1,https://www.infocasas.com.uy/departamento-san-rafael/191000478,https://cdn1.infocasas.com.uy/web/6647753f341b2_infocdn.jpg
190925868,Venta apartamento 2 dormitorios Punta del Este,280000.0,2.0,2.0,110.0,80.0,Playa Brava,-34.9481201,-54.9285293,,,False,1,https://www.infocasas.com.uy/venta-apartamento-2-dormitorios-punta-del-este/190925868,https://cdn1.infocasas.com.uy/web/66179d5678ef7_infocdn.jpg
191011127,Venta apartamento 2 dormitorios con servicios Punta del Este,235000.0,2.0,2.0,69.0,83.0,Roosevelt,0,0,,,False,1,https://www.infocasas.com.uy/venta-apartamento-2-dormitorios-con-servicios-punta-del-este/191011127,https://cdn1.infocasas.com.uy/repo/img/173608396_HAUS-945-TRA_987.jpg
190931268,"Venta, gran departamento 2 dormitorios en Playa Mansa",350000.0,2.0,2.0,97.0,75.0,Playa Mansa,-34.918002,-54.9765911,,,False,1,https://www.infocasas.com.uy/venta-gran-departamento-2-dormitorios-en-playa-mansa/190931268,https://cdn1.infocasas.com.uy/web/66185babc4385_infocdn.jpg
190930957,VENTA APARTAMENTO 2 DORMITORIOS ROOSEVELT,292000.0,2.0,2.0,72.0,72.0,Roosevelt,-34.941916,-54.9316869,,,False,1,https://www.infocasas.com.uy/venta-apartamento-2-dormitorios-roosevelt/190930957,https://cdn1.infocasas.com.uy/web/66184e3bbe59b_infocdn.jpg
190174236,Departamento - Lomo de la Ballena,155000.0,0.0,1.0,61.0,38.0,Punta Ballena,-34.9155318,-55.0469133,,,False,1,https://www.infocasas.com.uy/departamento-lomo-de-la-ballena/190174236,https://cdn1.infocasas.com.uy/web/6537df265f476_infocdn.jpg
190961910,Oportunidad de 1 dormitorio con vista en Punta del Este ,185000.0,1.0,1.0,47.0,42.0,Roosevelt,-34.9428961213,-54.9309368693,,,False,1,https://www.infocasas.com.uy/oportunidad-de-1-dormitorio-con-vista-en-punta-del-este-/190961910,https://cdn1.infocasas.com.uy/web/661d510d099c1_infocdn.jpg
190962073,Venta apartamento 2 dormitorios con amplio patio a 1 cuadra de la playa en Punta del Este,275000.0,2.0,1.0,220.0,60.0,Playa Mansa,-34.9221721278,-54.9666054016,,,False,1,https://www.infocasas.com.uy/venta-apartamento-2-dormitorios-con-amplio-patio-a-1-cuadra-de-la-playa-en-punta-del-este/190962073,https://cdn1.infocasas.com.uy/web/661d555d01391_infocdn.jpg
188768472,1 - Walmer Lagoon  412,395500.0,2.0,2.0,130.0,85.0,Playa Mansa,-34.908625,-55.00564,,,False,1,https://www.infocasas.com.uy/1-walmer-lagoon-412/188768472,https://cdn1.infocasas.com.uy/web/648097642dd8f_infocdn.jpg
188968574,Vendo departamento de 3 dormitorios y 2 baños en Punta del Este,299700.0,3.0,2.0,77.0,103.0,Aidy Grill,0,0,,,False,1,https://www.infocasas.com.uy/vendo-departamento-de-3-dormitorios-y-2-baños-en-punta-del-este/188968574,https://cdn1.infocasas.com.uy/repo/img/173104404_VIP-1077-TRA_114.jpg
188531219,1 - Walmer Lagoon  110,177000.0,1.0,1.0,61.0,46.0,Playa Mansa,-34.908625,-55.00564,,,False,1,https://www.infocasas.com.uy/1-walmer-lagoon-110/188531219,https://cdn1.infocasas.com.uy/web/648095d91c2fa_infocdn.jpg
189526897,"Pronto para entrar, edificio moderno con servicios.",231000.0,2.0,1.0,60.0,80.0,Playa Brava,0,0,2021.0,,False,1,https://www.infocasas.com.uy/pronto-para-entrar-edificio-moderno-con-servicios/189526897,https://cdn1.infocasas.com.uy/repo/img/243_NYP-39026-TRA_251.jpg
189807335,Encantador departamento en venta nuevo!!,265000.0,2.0,2.0,58.0,68.0,Aidy Grill,0,0,,,False,1,https://www.infocasas.com.uy/encantador-departamento-en-venta-nuevo/189807335,https://cdn1.infocasas.com.uy/repo/img/59163_COL-642-TRA_876.jpg
190966524,Apartamento en Lomas de Manantiales III,850000.0,3.0,2.0,127.0,105.0,Manantiales,-34.9055325,-54.8262571,,,False,1,https://www.infocasas.com.uy/apartamento-en-lomas-de-manantiales-iii/190966524,https://cdn1.infocasas.com.uy/web/661ee4fb90af7_infocdn.jpg
186853197,Departamento - Península,225000.0,2.0,2.0,67.0,61.0,Península,-34.9492353516,-54.936271118,,,False,1,https://www.infocasas.com.uy/departamento-peninsula/186853197,https://cdn1.infocasas.com.uy/web/64676ad019e3d_infocdn.jpg
189522188,Venta departamento monoambiente Surfside - Rincon del Indio,447700.0,0.0,1.0,85.0,52.0,Playa Brava,-34.918229102,-54.872939158,,,False,1,https://www.infocasas.com.uy/venta-departamento-monoambiente-surfside-rincon-del-indio/189522188,https://cdn1.infocasas.com.uy/web/675e7f076d4e6_infocdn.jpg
186192598,"Torre Lobos, 3 dormitorios, alquiler temporario !",980000.0,3.0,3.0,176.0,176.0,Playa Brava,-32.522779,-55.765835,,,False,1,https://www.infocasas.com.uy/torre-lobos-3-dormitorios-alquiler-temporario-/186192598,https://cdn1.infocasas.com.uy/web/649f3221385e2_infocdn.jpg
289834,Departamento en Playa Brava,475000.0,3.0,2.0,136.0,107.0,Playa Brava,-34.9244539248,-54.8873865128,,,False,1,https://www.infocasas.com.uy/departamento-en-playa-brava/289834,https://cdn1.infocasas.com.uy/web/649eeffb15e6b_infocdn.jpg
193564454,Apartamento en venta de 2 dormitorios a estrenar. Edificio Genova,240000.0,2.0,2.0,76.0,57.0,Aidy Grill,-34.947657626342064,-54.933069613963774,2026.0,,False,1,https://www.infocasas.com.uy/apartamento-en-venta-de-2-dormitorios-a-estrenar-edificio-genova/193564454,https://cdn1.infocasas.com.uy/repo/img/175500891_78753_416.jpg
193598896,Apartamento en San Rafael,165000.0,1.0,1.0,50.0,42.0,San Rafael,-34.9348434,-54.9122785,,,False,1,https://www.infocasas.com.uy/apartamento-en-san-rafael/193598896,https://cdn1.infocasas.com.uy/web/69d4b0a76f54d_infocdn.jpg
193386574,Venta apartamento dos dormitorios Punta del este playa Brava edificio Torre Gaugin,210000.0,2.0,1.0,55.0,61.0,Playa Brava,0,0,2021.0,,False,1,https://www.infocasas.com.uy/venta-apartamento-dos-dormitorios-punta-del-este-playa-brava-edificio-torre-gaugin/193386574,https://cdn1.infocasas.com.uy/repo/img/176713292_ALX-1132-TRA_734.jpg
193386596,En venta departamento de 1 dormitorio a estrenar Punta del Este,220000.0,1.0,1.0,70.0,70.0,Playa Brava,0,0,2026.0,,False,1,https://www.infocasas.com.uy/en-venta-departamento-de-1-dormitorio-a-estrenar-punta-del-este/193386596,https://cdn1.infocasas.com.uy/repo/img/176030818_CDV-1016-TRA_121.jpg
193325481,Venta de apartamento 1 Dormitotio en la Peninsula de Punta del este con vista al mar,135000.0,1.0,1.0,45.0,45.0,Península,-34.9631169,-54.9446947,,,False,1,https://www.infocasas.com.uy/venta-de-apartamento-1-dormitotio-en-la-peninsula-de-punta-del-este-con-vista-al-mar/193325481,https://cdn1.infocasas.com.uy/web/6978674499a68_infocdn.jpg
193317421,Apartamento 2 Dormitorios en Venta en View Brava Punta del Este,276777.0,2.0,2.0,77.0,77.0,Punta del Este,-34.9454406,-54.9310486,,,False,1,https://www.infocasas.com.uy/apartamento-2-dormitorios-en-venta-en-view-brava-punta-del-este/193317421,https://cdn1.infocasas.com.uy/repo/img/601610_GPI-342-TRA_496.jpg
193373493,TORRES DEL ESTE,290775.0,2.0,2.0,101.0,131.0,Aidy Grill,-34.94824157622214,-54.932447730419895,,,False,1,https://www.infocasas.com.uy/torres-del-este/193373493,https://cdn1.infocasas.com.uy/repo/img/175716718_CHZ-2924-TRA_557.jpg
193339425,Venta Apartamento Aldeana Manantiales 2 Suites Lavadero y Garaje a Estrenar!,1150000.0,2.0,3.0,216.0,216.0,Manantiales,-34.905396,-54.817657,,,False,1,https://www.infocasas.com.uy/venta-apartamento-aldeana-manantiales-2-suites-lavadero-y-garaje-a-estrenar/193339425,https://cdn1.infocasas.com.uy/repo/img/176534791_CW245634_937.jpg
193366341,"Venta de Apartamento de 1 Dormitorio en suite piso alto de Torre Surfside Village, Punta del Este",1034000.0,1.0,1.0,100.0,172.0,Playa Brava,0,0,2021.0,,False,1,https://www.infocasas.com.uy/venta-de-apartamento-de-1-dormitorio-en-suite-piso-alto-de-torre-surfside-village-punta-del-este/193366341,https://cdn1.infocasas.com.uy/repo/img/173898037_BYH-2283-TRA_980.jpg
193296166,Apartamento en Venta 1 Dormitorio y Garage Punta Ballena,157000.0,1.0,1.0,46.0,46.0,Punta Ballena,-34.8889831,-55.03836279999999,,,False,1,https://www.infocasas.com.uy/apartamento-en-venta-1-dormitorio-y-garage-punta-ballena/193296166,https://cdn1.infocasas.com.uy/repo/img/601610_GPI-690-TRA_789.jpg
193387063,Venta Apartamento 2 Dormitorios Roosevelt Punta del Este,289900.0,2.0,2.0,95.0,77.0,Playa Mansa,-34.9221057,-54.9522844,,,False,1,https://www.infocasas.com.uy/venta-apartamento-2-dormitorios-roosevelt-punta-del-este/193387063,https://cdn1.infocasas.com.uy/web/698d80ab37034_infocdn.jpg
193260444,"Torres del Este, 2 dormitorios en venta, unidad con proxima ocupacion",321167.0,2.0,2.0,63.0,78.0,Playa Mansa,0,0,2025.0,,False,1,https://www.infocasas.com.uy/torres-del-este-2-dormitorios-en-venta-unidad-con-proxima-ocupacion/193260444,https://cdn1.infocasas.com.uy/repo/img/173012432_NDM-28414-TRA_50.jpg
193421874,APARTAMENTO A ENTRENAR 1 DORMITORIO,187000.0,1.0,1.0,45.0,0.0,Aidy Grill,0,0,,,False,1,https://www.infocasas.com.uy/apartamento-a-entrenar-1-dormitorio/193421874,https://cdn1.infocasas.com.uy/repo/img/147022_IVP-9243-TRA_756.jpg
193250983,ULTIMAS UNIDADES en Edificio Greenlife,260000.0,2.0,3.0,85.0,100.0,Roosevelt,0,0,2016.0,,False,1,https://www.infocasas.com.uy/ultimas-unidades-en-edificio-greenlife/193250983,https://cdn1.infocasas.com.uy/repo/img/176389669_TEK-9626-TRA_751.jpg
193218619,Un dormitorio a pocas cuadras de Playa Brava,210000.0,1.0,1.0,52.0,52.0,Aidy Grill,0,0,2026.0,,False,1,https://www.infocasas.com.uy/un-dormitorio-a-pocas-cuadras-de-playa-brava/193218619,https://cdn1.infocasas.com.uy/repo/img/175955365_LUX-21098721-TRA_350.jpg
193717796,Torres del Este | Piso 10 con Vista. a estrenar 1 dormitorio,204000.0,1.0,1.0,49.0,61.0,Playa Mansa,0,0,2026.0,,False,1,https://www.infocasas.com.uy/torres-del-este-piso-10-con-vista-a-estrenar-1-dormitorio/193717796,https://cdn1.infocasas.com.uy/repo/img/176713292_ALX-1303-TRA_179.jpg
193698101,"Apartamento de 1 dormitorio en venta, Playa Brava, Punta del Este.",204300.0,1.0,1.0,60.0,66.0,Playa Brava,0,0,2025.0,,False,1,https://www.infocasas.com.uy/apartamento-de-1-dormitorio-en-venta-playa-brava-punta-del-este/193698101,https://cdn1.infocasas.com.uy/repo/img/694874_DMC-16955-TRA_362.jpg
192432049,Miami Boulevard II de 2 dorm 2 baños en venta,440000.0,2.0,2.0,78.0,94.0,Playa Mansa,-34.94804096880556,-54.93871574600218,,,False,1,https://www.infocasas.com.uy/miami-boulevard-ii-de-2-dorm-2-baños-en-venta/192432049,https://cdn1.infocasas.com.uy/repo/img/175322336_PGO-1498-TRA_206.jpg
193753880,Sierra Ballena 2 Punta Ballena,830000.0,3.0,3.0,360.0,220.0,Punta Ballena,-34.8884323,-55.0362115,,,False,1,https://www.infocasas.com.uy/sierra-ballena-2-punta-ballena/193753880,https://cdn1.infocasas.com.uy/web/6a06d012a97db_infocdn.jpg
193728124,TORRE DEL ESTE PISO ALTO 3 DORM.,395000.0,3.0,3.0,131.0,131.0,Playa Mansa,0,0,,,False,1,https://www.infocasas.com.uy/torre-del-este-piso-alto-3-dorm/193728124,https://cdn1.infocasas.com.uy/repo/img/261_GII-3829-TRA_406.jpg
193661338,Frente al mar y laguna en un complejo que lo tiene todo!,541000.0,3.0,4.0,154.0,178.0,Playa Mansa,0,0,2024.0,,False,1,https://www.infocasas.com.uy/frente-al-mar-y-laguna-en-un-complejo-que-lo-tiene-todo/193661338,https://cdn1.infocasas.com.uy/repo/img/261_GII-3581-TRA_390.jpg
193637803,Walmer Lagoon.  Unidad en venta a estrenar de 2 dormitorios.  Frente al mar.,340000.0,2.0,2.0,81.0,118.0,Playa Mansa,0,0,,,False,1,https://www.infocasas.com.uy/walmer-lagoon-unidad-en-venta-a-estrenar-de-2-dormitorios-frente-al-mar/193637803,https://cdn1.infocasas.com.uy/repo/img/694874_DMC-16859-TRA_247.jpg
193512307,Hermoso apartamento de 2 dormitorios en torre de categoría a pasos del Shopping,319000.0,2.0,2.0,66.0,66.0,Roosevelt,0,0,,,False,1,https://www.infocasas.com.uy/hermoso-apartamento-de-2-dormitorios-en-torre-de-categoria-a-pasos-del-shopping/193512307,https://cdn1.infocasas.com.uy/repo/img/173211400_SPP-15115-TRA_882.jpg
193482705,Apartamento moderno 2 dormitorios a estrenar vista parcial al mar excelentes servicios Punta del Este,295000.0,2.0,2.0,65.0,65.0,Aidy Grill,-34.94461118832051,-54.93375902374266,2022.0,,False,1,https://www.infocasas.com.uy/apartamento-moderno-2-dormitorios-a-estrenar-vista-parcial-al-mar-excelentes-servicios-punta-del-este/193482705,https://cdn1.infocasas.com.uy/repo/img/173608395_ASR-3480-TRA_420.jpg
193591785,Planta de categoría con Vista al Mar Playa Mansa Punta del Este,750000.0,3.0,3.0,128.0,195.0,Playa Mansa,0,0,2025.0,,False,1,https://www.infocasas.com.uy/planta-de-categoria-con-vista-al-mar-playa-mansa-punta-del-este/193591785,https://cdn1.infocasas.com.uy/repo/img/173608395_ASR-4667-TRA_538.jpg
193406766,CASA LIVING BLOCK 2 - 2 SUITE CON PARRILLERO,896500.0,2.0,3.0,129.0,161.0,Manantiales,0,0,2027.0,,False,1,https://www.infocasas.com.uy/casa-living-block-2-2-suite-con-parrillero/193406766,https://cdn1.infocasas.com.uy/repo/img/256162_MKT-7969-TRA_437.jpg
193522238,"Apartamento de 1 dormitorio en venta, con vista a agradable entorno",210000.0,1.0,1.0,45.0,61.0,Playa Brava,0,0,,,False,1,https://www.infocasas.com.uy/apartamento-de-1-dormitorio-en-venta-con-vista-a-agradable-entorno/193522238,https://cdn1.infocasas.com.uy/repo/img/694874_DMC-16633-TRA_28.jpg
193591043,"Excelente ubicacion, proximo al mar y la Peninsula",360000.0,2.0,2.0,127.0,0.0,Playa Brava,0,0,,,False,1,https://www.infocasas.com.uy/excelente-ubicacion-proximo-al-mar-y-la-peninsula/193591043,https://cdn1.infocasas.com.uy/repo/img/59163_COL-10809-TRA_672.jpg
193168849,A estrenar ONE Torre 2,365000.0,2.0,2.0,96.0,134.0,Roosevelt,-34.945728081308594,-54.9265707035828,,,False,1,https://www.infocasas.com.uy/a-estrenar-one-torre-2/193168849,https://cdn1.infocasas.com.uy/repo/img/694874_DMC-167-TRA_468.jpg
193171749,Increible penthouse duplex en venta!,2070000.0,4.0,4.0,502.0,581.0,Playa Brava,0,0,,,False,1,https://www.infocasas.com.uy/increible-penthouse-duplex-en-venta/193171749,https://cdn1.infocasas.com.uy/repo/img/694874_DMC-2441-TRA_556.jpg
193455495,VENTA DEPARTAMENTO 3 DORMITORIOS TORRES DEL ESTE,420000.0,3.0,2.0,115.0,115.0,Aidy Grill,-34.95153216209096,-54.933855583267196,2026.0,,False,1,https://www.infocasas.com.uy/venta-departamento-3-dormitorios-torres-del-este/193455495,https://cdn1.infocasas.com.uy/repo/img/173608396_HAUS-3881-TRA_159.jpg
193097911,Venta Apartamento 1 Dormitorio en More Atlántico Roosevelt,172795.0,1.0,1.0,56.0,42.0,Roosevelt,-34.940215,-54.934048,,,False,1,https://www.infocasas.com.uy/venta-apartamento-1-dormitorio-en-more-atlantico-roosevelt/193097911,https://cdn1.infocasas.com.uy/web/6916d744b4864_infocdn.jpg
193158838,Venta Departamento 3 suites mas dependencia Playa brava Punta del Este,898000.0,3.0,3.0,229.0,194.0,Playa Brava,-34.9334696,-54.9014682,,,False,1,https://www.infocasas.com.uy/venta-departamento-3-suites-mas-dependencia-playa-brava-punta-del-este/193158838,https://cdn1.infocasas.com.uy/web/692e8fff1859b_infocdn.jpg
193139982,Apartamento en Playa Brava,750000.0,3.0,3.0,180.0,135.0,Playa Brava,-34.9445152,-54.9164532,,,False,1,https://www.infocasas.com.uy/apartamento-en-playa-brava/193139982,https://cdn1.infocasas.com.uy/web/6926adadd877b_infocdn.jpg
193128746,Miami Boulevard II,520000.0,2.0,2.0,84.0,111.0,Playa Mansa,0,0,2021.0,,False,1,https://www.infocasas.com.uy/miami-boulevard-ii/193128746,https://cdn1.infocasas.com.uy/repo/img/173012432_NDM-16610-TRA_772.jpg
192825598,Espectacular Apartamento de 3 dormitorios con Vista al Mar y la Laguna,730000.0,3.0,4.0,160.0,0.0,Playa Mansa,-34.908299486213494,-55.00845318038939,,,False,1,https://www.infocasas.com.uy/espectacular-apartamento-de-3-dormitorios-con-vista-al-mar-y-la-laguna/192825598,https://cdn1.infocasas.com.uy/repo/img/175955365_LUX-420-TRA_495.jpg
193540030,Departamento alquiler temporario Edificio Península,290000.0,4.0,1.0,77.0,0.0,Península,-34.9619837,-54.9440676,,,False,1,https://www.infocasas.com.uy/departamento-alquiler-temporario-edificio-peninsula/193540030,https://cdn1.infocasas.com.uy/web/69bbb89cd6c1e_infocdn.jpg
192635224,Departamento Penthouse 3 dormitorios en venta Punta del Este Playa Mansa,1100000.0,3.0,3.0,180.0,0.0,Playa Mansa,-34.9097194,-54.9971905,,,False,1,https://www.infocasas.com.uy/departamento-penthouse-3-dormitorios-en-venta-punta-del-este-playa-mansa/192635224,https://cdn1.infocasas.com.uy/web/6874d71ba6428_infocdn.jpg
192769401,En venta departamento en Punta del Este,350000.0,2.0,2.0,149.0,149.0,Playa Brava,0,0,,,False,1,https://www.infocasas.com.uy/en-venta-departamento-en-punta-del-este/192769401,https://cdn1.infocasas.com.uy/repo/img/176030818_CDV-530-TRA_984.jpg
192639836,Venta apartamento 3 dormitorios Playa Brava - Punta del Este ,320000.0,3.0,3.0,0.0,0.0,Playa Brava,-34.9534655,-54.9323642,,,False,1,https://www.infocasas.com.uy/venta-apartamento-3-dormitorios-playa-brava-punta-del-este-/192639836,https://cdn1.infocasas.com.uy/web/687603c162060_infocdn.jpg
192544273,Apartamento en Rincón del Indio,320000.0,4.0,3.0,146.0,135.0,Rincón del Indio,-34.9281341,-54.8915708,,,False,1,https://www.infocasas.com.uy/apartamento-en-rincon-del-indio/192544273,https://cdn1.infocasas.com.uy/web/6852dc5698356_infocdn.jpg
192500332,Venta apartamento 3 dormitorios Brava,1250000.0,3.0,3.0,168.0,213.0,Playa Brava,0,0,,,False,1,https://www.infocasas.com.uy/venta-apartamento-3-dormitorios-brava/192500332,https://cdn1.infocasas.com.uy/repo/img/175664160_ASZ-1918-TRA_599.jpg
192469904,Departamento en  Mansa Inn Beach,365000.0,2.0,2.0,85.0,63.0,Playa Mansa,-34.9382371,-54.9492882,,,False,1,https://www.infocasas.com.uy/departamento-en-mansa-inn-beach/192469904,https://cdn1.infocasas.com.uy/web/683958867e858_infocdn.jpg
192162715,"(BPV-BPV-9665)  Arte Barra, apartamentos en venta sobre la playa en La Barra",1799000.0,3.0,3.0,252.0,193.0,La Barra,-34.9147637,-54.8570593,2026.0,,False,1,https://www.infocasas.com.uy/bpvbpv9665-arte-barra-apartamentos-en-venta-sobre-la-playa-en-la-barra/192162715,https://cdn1.infocasas.com.uy/repo/img/279_BPV-BPV-9665_615.jpg
189485568,Apartamento - Playa Mansa,310000.0,3.0,3.0,96.0,96.0,Playa Mansa,-34.918002,-54.9765911,,,False,1,https://www.infocasas.com.uy/apartamento-playa-mansa/189485568,https://cdn1.infocasas.com.uy/web/62d7a72861ed5_infocdn.jpg
190431683,Apartamento 1 dormitorio en Venta con Vista al Mar,185000.0,1.0,1.0,42.0,50.0,Aidy Grill,0,0,2020.0,,False,1,https://www.infocasas.com.uy/apartamento-1-dormitorio-en-venta-con-vista-al-mar/190431683,https://cdn1.infocasas.com.uy/repo/img/405_CCP-34829-TRA_850.jpg
192800597,Le Parc IV de tres dormitorios piso alto en veta,1120000.0,3.0,3.0,212.0,212.0,Playa Brava,-34.94604387432292,-54.921620566687004,2025.0,,False,1,https://www.infocasas.com.uy/le-parc-iv-de-tres-dormitorios-piso-alto-en-veta/192800597,https://cdn1.infocasas.com.uy/repo/img/405_CCP-38866-TRA_772.jpg
191595725,Apartamento en venta a estrenar en Alma De Manantiales,880000.0,3.0,2.0,158.0,158.0,Manantiales,0,0,2021.0,,False,1,https://www.infocasas.com.uy/apartamento-en-venta-a-estrenar-en-alma-de-manantiales/191595725,https://cdn1.infocasas.com.uy/repo/img/405_CCP-35932-TRA_730.jpg
190276128,"Monoambiente en Venta a Estrenar Zona Aidy Grill ,Punta del Este",150000.0,0.0,1.0,57.0,57.0,Aidy Grill,0,0,,,False,1,https://www.infocasas.com.uy/monoambiente-en-venta-a-estrenar-zona-aidy-grill-punta-del-este/190276128,https://cdn1.infocasas.com.uy/repo/img/405_CCP-34356-TRA_167.jpg
189817138,Venta departamento dos dormitorios dos baños Roosevelt Punta del Este,225000.0,2.0,2.0,81.0,85.0,Roosevelt,0,0,2025.0,,False,1,https://www.infocasas.com.uy/venta-departamento-dos-dormitorios-dos-baños-roosevelt-punta-del-este/189817138,https://cdn1.infocasas.com.uy/repo/img/405_CCP-32627-TRA_623.jpg
191907105,Venta Penthouse 3 dormitorios Punta del Este,410000.0,2.0,2.0,127.0,150.0,Aidy Grill,0,0,2020.0,,False,1,https://www.infocasas.com.uy/venta-penthouse-3-dormitorios-punta-del-este/191907105,https://cdn1.infocasas.com.uy/repo/img/405_CCP-33289-TRA_114.jpg
192315190,Departamento  en venta sobre el mar en La Barra con piscina y parrillero,2100000.0,3.0,3.0,193.0,241.0,La Barra,0,0,,,False,1,https://www.infocasas.com.uy/departamento-en-venta-sobre-el-mar-en-la-barra-con-piscina-y-parrillero/192315190,https://cdn1.infocasas.com.uy/repo/img/405_CCP-38226-TRA_819.jpg
187150722,Apartamento - Península,148000.0,1.0,1.0,45.0,45.0,Península,-34.9624337,-54.9432886,,,False,1,https://www.infocasas.com.uy/apartamento-peninsula/187150722,https://cdn1.infocasas.com.uy/web/64a50afcaa238_infocdn.jpg
191918958,Apartamento Venta 2 Dormitorios Frente a la Laguna,370000.0,2.0,2.0,83.0,130.0,Pinares,0,0,2022.0,,False,1,https://www.infocasas.com.uy/apartamento-venta-2-dormitorios-frente-a-la-laguna/191918958,https://cdn1.infocasas.com.uy/repo/img/175664160_ASZ-622-TRA_518.jpg
191987999,Departamento con parrillero individual en venta   Punta del este  Playa Mansa,185000.0,1.0,1.0,80.0,44.0,Playa Mansa,-34.9315487945,-54.955584039,,,False,1,https://www.infocasas.com.uy/departamento-con-parrillero-individual-en-venta-punta-del-este-playa-mansa/191987999,https://cdn1.infocasas.com.uy/web/67a71c738f296_infocdn.jpg
191988098,"Departamento en venta, Icon Tower",340000.0,2.0,2.0,90.0,90.0,Punta del Este,-34.9510872,-54.9278711,,,False,1,https://www.infocasas.com.uy/departamento-en-venta-icon-tower/191988098,https://cdn1.infocasas.com.uy/web/67a71ec5bf753_infocdn.jpg
192188699,APARTAMENTO EN SEA GARDEN - 3 DORM,330000.0,3.0,2.0,82.0,91.0,Roosevelt,-34.9196174,-54.95557580000001,2025.0,,False,1,https://www.infocasas.com.uy/apartamento-en-sea-garden-3-dorm/192188699,https://cdn1.infocasas.com.uy/repo/img/256162_MKT-7259-TRA_346.jpg
192237658,Venta Apartamento 2 dormitorios playa mansa Punta del Este,810000.0,2.0,3.0,125.0,164.0,Playa Mansa,0,0,,,False,1,https://www.infocasas.com.uy/venta-apartamento-2-dormitorios-playa-mansa-punta-del-este/192237658,https://cdn1.infocasas.com.uy/repo/img/173325609_MCH-12855-TRA_762.jpg
191989259,Departamento con vista al mar a estrenar  - Playa Mansa,820000.0,0.0,0.0,170.0,0.0,Playa Mansa,-34.908182475,-55.0089063542,,,False,1,https://www.infocasas.com.uy/departamento-con-vista-al-mar-a-estrenar-playa-mansa/191989259,https://cdn1.infocasas.com.uy/web/67a74c2df1db4_infocdn.jpg
191989269,Departamento frente al mar piso alto en Torre de  categoria Look Brava - Playa Brava - puta del este,525000.0,2.0,2.0,122.0,100.0,Playa Brava,-34.9441658,-54.9217472,,,False,1,https://www.infocasas.com.uy/departamento-frente-al-mar-piso-alto-en-torre-de-categoria-look-brava-playa-brava-puta-del-este/191989269,https://cdn1.infocasas.com.uy/web/67a74c7ca49b7_infocdn.jpg
191989308,Penthouse frente al mar torre acuarella -Playa Mansa - Punta del este,2200000.0,4.0,3.0,350.0,262.0,Playa Mansa,-34.9268204957,-54.9556910121,,,False,1,https://www.infocasas.com.uy/penthouse-frente-al-mar-torre-acuarella-playa-mansa-punta-del-este/191989308,https://cdn1.infocasas.com.uy/web/67a74dfd37c41_infocdn.jpg
192135713,"Venta apartamento 2 dormitorios con terraza con parrillero, Playa Mansa Punta del Este",225539.0,1.0,1.0,90.0,66.0,Playa Brava,-34.9491101,-54.9284197,,,False,1,https://www.infocasas.com.uy/venta-apartamento-2-dormitorios-con-terraza-con-parrillero-playa-mansa-punta-del-este/192135713,https://cdn1.infocasas.com.uy/web/67d289ad9dc0e_infocdn.jpg
192087176,Departamento - Playa Brava,1250000.0,3.0,3.0,213.0,168.0,Playa Brava,-34.9445152,-54.9164532,,,False,1,https://www.infocasas.com.uy/departamento-playa-brava/192087176,https://cdn1.infocasas.com.uy/web/67c2b6cf0f5e5_infocdn.jpg
191617799,"A estrenar, sobre Av Roosevelt, apto para oficina. Con amenities.",169000.0,1.0,1.0,67.0,67.0,Roosevelt,0,0,,,False,1,https://www.infocasas.com.uy/a-estrenar-sobre-av-roosevelt-apto-para-oficina-con-amenities/191617799,https://cdn1.infocasas.com.uy/repo/img/243_NYP-40052-TRA_807.jpg
191008449,Torre de categoría   3 suites   vista atardecer,650000.0,3.0,3.0,140.0,96.0,Playa Mansa,-34.9438799487,-54.9425041208,,,False,1,https://www.infocasas.com.uy/torre-de-categoria-3-suites-vista-atardecer/191008449,https://cdn1.infocasas.com.uy/web/6651a7df2573a_infocdn.jpg
191068562,Departamento en Manantiales a 2 Cuadras de Playa Bikini,330000.0,3.0,2.0,128.0,81.0,Manantiales,-34.9040895034,-54.8273514413,,,False,1,https://www.infocasas.com.uy/departamento-en-manantiales-a-2-cuadras-de-playa-bikini/191068562,https://cdn1.infocasas.com.uy/web/667aec0ebe58d_infocdn.jpg
190999965,Departamento - Playa Mansa,278600.0,2.0,2.0,115.0,81.0,Playa Mansa,-34.9279387,-54.9622587,,,False,1,https://www.infocasas.com.uy/departamento-playa-mansa/190999965,https://cdn1.infocasas.com.uy/web/66470552b0f29_infocdn.jpg
191005008,VENTA APARTAMENTO MANANTIALES PUNTA DEL ESTE SENSE,680000.0,2.0,2.0,153.0,153.0,Manantiales,0,0,2023.0,,False,1,https://www.infocasas.com.uy/venta-apartamento-manantiales-punta-del-este-sense/191005008,https://cdn1.infocasas.com.uy/repo/img/173608396_HAUS-2011-TRA_932.jpg
191005012,VENTA PENTHOUSE MANANTIALES SENSE,1600000.0,3.0,3.0,334.0,334.0,Manantiales,0,0,2023.0,,False,1,https://www.infocasas.com.uy/venta-penthouse-manantiales-sense/191005012,https://cdn1.infocasas.com.uy/repo/img/173608396_HAUS-2017-TRA_146.jpg
190931327,Venta y alquiler apartamento 3 dormitorios Playa Brava Punta del Este,890000.0,3.0,3.0,190.0,165.0,Playa Brava,-34.9388091,-54.9433328,,,False,1,https://www.infocasas.com.uy/venta-y-alquiler-apartamento-3-dormitorios-playa-brava-punta-del-este/190931327,https://cdn1.infocasas.com.uy/web/66185e75d4f63_infocdn.jpg
190931168,Venta apartamento 1 dormitorios en primera línea Playa Mansa Punta del Este,140000.0,1.0,1.0,54.0,41.0,Playa Mansa,-34.9545453,-54.9398478,,,False,1,https://www.infocasas.com.uy/venta-apartamento-1-dormitorios-en-primera-linea-playa-mansa-punta-del-este/190931168,https://cdn1.infocasas.com.uy/web/661856e9359a8_infocdn.jpg
190939133,Venta monoambiente en Punta ballena,180000.0,0.0,1.0,65.0,32.0,Punta Ballena,-34.9105112,-55.0423657,,,False,1,https://www.infocasas.com.uy/venta-monoambiente-en-punta-ballena/190939133,https://cdn1.infocasas.com.uy/repo/img/251_ATM-AT2-6871_998.jpg
190929197,Departamento - Playa Brava,650000.0,3.0,2.0,155.0,131.0,Playa Brava,-34.9445152,-54.9164532,,,False,1,https://www.infocasas.com.uy/departamento-playa-brava/190929197,https://cdn1.infocasas.com.uy/web/6617b6b733ac5_infocdn.jpg
191011097,Departamento - Playa Mansa,2600000.0,4.0,3.0,324.0,216.0,Playa Mansa,-34.9270928787,-54.9604069709,,,False,1,https://www.infocasas.com.uy/departamento-playa-mansa/191011097,https://cdn1.infocasas.com.uy/web/665587410f61b_infocdn.jpg
190928964,Venta apartamento 3 dormitorios Roosevelt,370000.0,3.0,2.0,143.0,103.0,Roosevelt,-34.937882,-54.935456,,,False,1,https://www.infocasas.com.uy/venta-apartamento-3-dormitorios-roosevelt/190928964,https://cdn1.infocasas.com.uy/web/6617a9f07b05d_infocdn.jpg
190929026,Departamento - Roosevelt,175000.0,1.0,1.0,55.0,39.0,Roosevelt,-34.9289731,-54.9449015,,,False,1,https://www.infocasas.com.uy/departamento-roosevelt/190929026,https://cdn1.infocasas.com.uy/web/66485e6dc752a_infocdn.jpg
190676719,"Alquiler, apartamento en Rincon del Indio, 2 dormitorios y 2 baños.",335000.0,2.0,2.0,111.0,86.0,Rincón del Indio,-34.9283744,-54.8985274,,,False,1,https://www.infocasas.com.uy/alquiler-apartamento-en-rincon-del-indio-2-dormitorios-y-2-baños/190676719,https://cdn1.infocasas.com.uy/web/654743fad5783_infocdn.jpg
190928730,Rincon del Indio,530000.0,2.0,3.0,120.0,85.0,Rincón del Indio,-34.9225373,-54.879707,,,False,1,https://www.infocasas.com.uy/rincon-del-indio/190928730,https://cdn1.infocasas.com.uy/web/6617a484c1762_infocdn.jpg
191105806,CIPRIANI RESIDENCES - PISO COMPLETO - PUNTA DEL ESTE,7938000.0,5.0,6.0,810.0,810.0,Playa Brava,-34.94295780699088,-54.916861106948836,,,False,1,https://www.infocasas.com.uy/cipriani-residences-piso-completo-punta-del-este/191105806,https://cdn1.infocasas.com.uy/repo/img/173608396_HAUS-2226-TRA_415.jpg
190946143,Apartamento en  Roosevelt,160000.0,1.0,1.0,47.0,47.0,Roosevelt,-34.928442,-54.9459127,,,False,1,https://www.infocasas.com.uy/apartamento-en-roosevelt/190946143,https://cdn1.infocasas.com.uy/web/66169d83632ea_infocdn.jpg
191069168,Departamento en  Playa Brava,271350.0,2.0,2.0,102.0,77.0,Playa Brava,-34.9445152,-54.9164532,,,False,1,https://www.infocasas.com.uy/departamento-en-playa-brava/191069168,https://cdn1.infocasas.com.uy/web/667b086249219_infocdn.jpg
190924714,Appartment - Península,310000.0,2.0,2.0,75.0,0.0,Península,-34.959578,-54.9398589,,,False,1,https://www.infocasas.com.uy/appartment-peninsula/190924714,https://cdn1.infocasas.com.uy/web/66178c4b27a4d_infocdn.jpg
190925245,Apartamento 3 dormitorios Rincon del Indio Playa Brava Punta del Este,495000.0,3.0,3.0,278.0,128.0,Rincón del Indio,-34.950592,-54.9355476,,,False,1,https://www.infocasas.com.uy/apartamento-3-dormitorios-rincon-del-indio-playa-brava-punta-del-este/190925245,https://cdn1.infocasas.com.uy/web/666400104a7b9_infocdn.jpg
190911292,EXCLUSIVO APARTAMENTO EN PLAYA MANSA PUNTA DEL ESTE,338600.0,2.0,1.0,81.0,115.0,Playa Mansa,0,0,2024.0,,False,1,https://www.infocasas.com.uy/exclusivo-apartamento-en-playa-mansa-punta-del-este/190911292,https://cdn1.infocasas.com.uy/repo/img/5226_NLV-222259-TRA_674.jpg
190930883,Departamento - Playa Mansa,650000.0,3.0,2.0,160.0,140.0,Playa Mansa,-34.918002,-54.9765911,,,False,1,https://www.infocasas.com.uy/departamento-playa-mansa/190930883,https://cdn1.infocasas.com.uy/web/66184b70515a3_infocdn.jpg
191008505,Departamento en  Cruceros,610000.0,3.0,3.0,130.0,120.0,Playa Mansa,-34.918002,-54.9765911,,,False,1,https://www.infocasas.com.uy/departamento-en-cruceros/191008505,https://cdn1.infocasas.com.uy/web/6651aac3b6b9c_infocdn.jpg
190927408,Venta apartamento 3 dormitorios Brava,1490000.0,3.0,3.0,350.0,0.0,Rincón del Indio,-34.9178088,-54.8696622,,,False,1,https://www.infocasas.com.uy/venta-apartamento-3-dormitorios-brava/190927408,https://cdn1.infocasas.com.uy/web/6617a2cf8e185_infocdn.jpg
190924876,Venta y alquiler Apartamento 3 dormitorios Lincoln Center,398000.0,3.0,3.0,165.0,142.0,Playa Mansa,-34.918002,-54.9765911,,,False,1,https://www.infocasas.com.uy/venta-y-alquiler-apartamento-3-dormitorios-lincoln-center/190924876,https://cdn1.infocasas.com.uy/web/661789f4e3f45_infocdn.jpg
190867341,"Planta 02 en St Moritz, playa mansa, finas terminaciones.",568800.0,3.0,3.0,127.0,167.0,Playa Mansa,0,0,2025.0,,False,1,https://www.infocasas.com.uy/planta-02-en-st-moritz-playa-mansa-finas-terminaciones/190867341,https://cdn1.infocasas.com.uy/repo/img/243_NYP-39115-TRA_917.jpg
190947883,Departamento - Punta del Este,530000.0,3.0,2.0,150.0,0.0,Punta del Este,-34.9095553,-54.9982286,,,False,1,https://www.infocasas.com.uy/departamento-punta-del-este/190947883,https://cdn1.infocasas.com.uy/web/6617ee314e440_infocdn.jpg
189792299,"A estrenar, 2 suites, con todos los servicios. Parrillero propio. Financia",460206.0,2.0,2.0,120.0,120.0,Pinares,0,0,,,False,1,https://www.infocasas.com.uy/a-estrenar-2-suites-con-todos-los-servicios-parrillero-propio-financia/189792299,https://cdn1.infocasas.com.uy/repo/img/243_NYP-38813-TRA_985.jpg
189728395,"A estrenar, equipado, con garaje. Parrillero propio. Financiación directa.",250000.0,1.0,1.0,100.0,120.0,Pinares,0,0,,,False,1,https://www.infocasas.com.uy/a-estrenar-equipado-con-garaje-parrillero-propio-financiacion-directa/189728395,https://cdn1.infocasas.com.uy/repo/img/243_NYP-38806-TRA_432.jpg
189213797,"Walmer Lagoon.  Unidad en venta,  a estrenar frente al mar, 2 dormitorios, amplia terraza.",395000.0,2.0,2.0,84.0,153.0,Playa Mansa,0,0,,,False,1,https://www.infocasas.com.uy/walmer-lagoon-unidad-en-venta-a-estrenar-frente-al-mar-2-dormitorios-amplia-terraza/189213797,https://cdn1.infocasas.com.uy/repo/img/173012432_NDM-3230-TRA_534.jpg
191000675,Departamento - Roosevelt,250000.0,2.0,2.0,110.0,85.0,Roosevelt,-34.9362456344,-54.9294370603,,,False,1,https://www.infocasas.com.uy/departamento-roosevelt/191000675,https://cdn1.infocasas.com.uy/web/66519d3e95bac_infocdn.jpg
191000732,Departamento - Playa Mansa,680000.0,2.0,3.0,184.0,124.0,Playa Mansa,-34.950221,-54.9384593,,,False,1,https://www.infocasas.com.uy/departamento-playa-mansa/191000732,https://cdn1.infocasas.com.uy/web/6647825c1b02b_infocdn.jpg
190930366,Departamento - Aidy Grill,120000.0,1.0,1.0,27.0,27.0,Aidy Grill,-34.9517443,-54.934984,,,False,1,https://www.infocasas.com.uy/departamento-aidy-grill/190930366,https://cdn1.infocasas.com.uy/web/6617c9345bf7a_infocdn.jpg
190931084,"Venta y alquiler Apartamento 2 dormitorios, Playa Mansa, Punta del Este",495000.0,2.0,3.0,139.0,139.0,Playa Mansa,-34.918002,-54.9765911,,,False,1,https://www.infocasas.com.uy/venta-y-alquiler-apartamento-2-dormitorios-playa-mansa-punta-del-este/190931084,https://cdn1.infocasas.com.uy/web/661853311de7b_infocdn.jpg
190925664,Piso alto,149000.0,1.0,1.0,45.0,33.0,Roosevelt,-34.9311793,-54.9423044,,,False,1,https://www.infocasas.com.uy/piso-alto/190925664,https://cdn1.infocasas.com.uy/web/66179aad0dd35_infocdn.jpg
190926029,3 dormitorios y servicio con vista a Playa Mansa Punta del este,580000.0,4.0,3.0,198.0,160.0,Playa Mansa,-34.950221,-54.9384593,,,False,1,https://www.infocasas.com.uy/3-dormitorios-y-servicio-con-vista-a-playa-mansa-punta-del-este/190926029,https://cdn1.infocasas.com.uy/web/6601d8a7ee8be_infocdn.jpg
190815987,"Apartamento en venta de 1 dormitorio en Torre Greenlife, Punta del Este.",175000.0,1.0,2.0,68.0,70.0,Roosevelt,0,0,,,False,1,https://www.infocasas.com.uy/apartamento-en-venta-de-1-dormitorio-en-torre-greenlife-punta-del-este/190815987,https://cdn1.infocasas.com.uy/repo/img/599524_PAR-9149-TRA_720.jpg
190911263,EXCLUSIVO APARTAMENTO EN PLAYA MANSA PUNTA DEL ESTE,568800.0,3.0,1.0,127.0,196.0,Playa Mansa,0,0,2024.0,,False,1,https://www.infocasas.com.uy/exclusivo-apartamento-en-playa-mansa-punta-del-este/190911263,https://cdn1.infocasas.com.uy/repo/img/5226_NLV-222256-TRA_695.jpg
190952643,"Venta apartamento frente al mar, Playa Brava",1350000.0,3.0,3.0,270.0,270.0,Playa Brava,-34.9472516847,-54.9239933014,,,False,1,https://www.infocasas.com.uy/venta-apartamento-frente-al-mar-playa-brava/190952643,https://cdn1.infocasas.com.uy/web/661917eb28daf_infocdn.jpg
191000259,Departamento - Manantiales,130000.0,0.0,1.0,51.0,36.0,Manantiales,-34.9044991872,-54.8259358926,,,False,1,https://www.infocasas.com.uy/departamento-manantiales/191000259,https://cdn1.infocasas.com.uy/web/66476987aed08_infocdn.jpg
190925117,Venta apartamento dos dormitorios  playa brava,385000.0,2.0,2.0,119.0,85.0,Playa Brava,-34.9535363,-54.9353657,,,False,1,https://www.infocasas.com.uy/venta-apartamento-dos-dormitorios-playa-brava/190925117,https://cdn1.infocasas.com.uy/web/661792c8bc9c2_infocdn.jpg
190925173,venta apartamento dos dormitorios playa brava,445000.0,2.0,2.0,95.0,81.0,Playa Brava,-34.9535363,-54.9353657,,,False,1,https://www.infocasas.com.uy/venta-apartamento-dos-dormitorios-playa-brava/190925173,https://cdn1.infocasas.com.uy/web/6617939744ab4_infocdn.jpg
190925496,Apartamento en Brava,160000.0,2.0,1.0,50.0,50.0,Playa Brava,-34.9368789,-54.9281496,,,False,1,https://www.infocasas.com.uy/apartamento-en-brava/190925496,https://cdn1.infocasas.com.uy/web/6617975f3f797_infocdn.jpg
190927446,Venta Apartamento 3 dormitorios Brava Punta del Este,900000.0,3.0,3.0,330.0,174.0,Playa Brava,-34.9580129,-54.9376273,,,False,1,https://www.infocasas.com.uy/venta-apartamento-3-dormitorios-brava-punta-del-este/190927446,https://cdn1.infocasas.com.uy/web/6617a348c8ea0_infocdn.jpg
190760443,"Apartamento a estrenar en venta, Playa Mansa - Punta del Este.",230000.0,2.0,2.0,72.0,90.0,Playa Mansa,0,0,,,False,1,https://www.infocasas.com.uy/apartamento-a-estrenar-en-venta-playa-mansa-punta-del-este/190760443,https://cdn1.infocasas.com.uy/repo/img/173012432_NDM-20258-TRA_178.jpg
190929059,Departamento - Playa Brava,350000.0,3.0,2.0,126.0,77.0,Playa Brava,-34.9531202,-54.9335889,,,False,1,https://www.infocasas.com.uy/departamento-playa-brava/190929059,https://cdn1.infocasas.com.uy/web/6617af931791f_infocdn.jpg
190493718,VENTA APARTAMENTO 2 DORMITORIOS A ESTRENAR. EDIFICIO SUDESTE,217750.0,2.0,2.0,73.0,88.0,Península,0,0,2024.0,,False,1,https://www.infocasas.com.uy/venta-apartamento-2-dormitorios-a-estrenar-edificio-sudeste/190493718,https://cdn1.infocasas.com.uy/repo/img/132785_RSP-14068-TRA_33.jpg
190851011,"Venta apartamento 2 dormitorios. Playa brava, Punta del Este",317905.0,2.0,2.0,64.0,83.0,Playa Brava,-34.94461118832051,-54.92727880676268,2027.0,,False,1,https://www.infocasas.com.uy/venta-apartamento-2-dormitorios-playa-brava-punta-del-este/190851011,https://cdn1.infocasas.com.uy/repo/img/694874_DMC-12413-TRA_561.jpg
190851012,"Venta Monoambiente. Playa Brava, Punta del Este",129210.0,0.0,1.0,32.0,39.0,Playa Brava,-34.94461118832051,-54.92727880676268,2027.0,,False,1,https://www.infocasas.com.uy/venta-monoambiente-playa-brava-punta-del-este/190851012,https://cdn1.infocasas.com.uy/repo/img/694874_DMC-12414-TRA_707.jpg
190851039,Departamento en venta 2 dormitorios - Playa Brava,290000.0,2.0,2.0,80.0,62.0,La Pastora,-34.9548736,-54.9350306,,,False,1,https://www.infocasas.com.uy/departamento-en-venta-2-dormitorios-playa-brava/190851039,https://cdn1.infocasas.com.uy/web/65aa5142bf7a8_infocdn.jpg
190932616,Departamento - Playa Mansa,600000.0,2.0,3.0,225.0,102.0,Playa Mansa,-34.917227797,-54.9750775289,,,False,1,https://www.infocasas.com.uy/departamento-playa-mansa/190932616,https://cdn1.infocasas.com.uy/web/66090ba37f5d0_infocdn.jpg
190930420,Venta Departamento 1 dormitorio Garage Punta del Este,150000.0,1.0,1.0,61.0,49.0,Punta del Este,-34.9530754,-54.9340841,,,False,1,https://www.infocasas.com.uy/venta-departamento-1-dormitorio-garage-punta-del-este/190930420,https://cdn1.infocasas.com.uy/web/6617ca89e309d_infocdn.jpg
190930115,Departamento - Playa Brava,230000.0,2.0,2.0,80.0,65.0,Playa Brava,-34.9520878055,-54.930650603,,,False,1,https://www.infocasas.com.uy/departamento-playa-brava/190930115,https://cdn1.infocasas.com.uy/web/6617c1eb3f480_infocdn.jpg
190930417,Departamento - Punta del Este,165000.0,1.0,1.0,49.0,49.0,Punta del Este,-34.9530754,-54.9340841,,,False,1,https://www.infocasas.com.uy/departamento-punta-del-este/190930417,https://cdn1.infocasas.com.uy/web/6617ca7837530_infocdn.jpg
190930659,Venta apartamento 2 dormitorios Punta del Este,188000.0,2.0,2.0,65.0,49.0,Aidy Grill,-34.9473219,-54.930529,,,False,1,https://www.infocasas.com.uy/venta-apartamento-2-dormitorios-punta-del-este/190930659,https://cdn1.infocasas.com.uy/web/661842f513cdc_infocdn.jpg
190243258,"Departamento en venta 2 dormitorios Surfside, Rincón del Indio",1100000.0,2.0,2.0,226.0,149.0,Rincón del Indio,-34.918229102,-54.872939158,,,False,1,https://www.infocasas.com.uy/departamento-en-venta-2-dormitorios-surfside-rincon-del-indio/190243258,https://cdn1.infocasas.com.uy/web/675e7f799b122_infocdn.jpg
190680878,"Venta de apartamento a estrenar, 2 dormitorios, 2 baños, balcon, muy buena vista, con todos los servicios.",228000.0,2.0,2.0,93.0,0.0,Roosevelt,0,0,,,False,1,https://www.infocasas.com.uy/venta-de-apartamento-a-estrenar-2-dormitorios-2-baños-balcon-muy-buena-vista-con-todos-los-servicios/190680878,https://cdn1.infocasas.com.uy/repo/img/204201_SNA-169008-TRA_507.jpg
190378019,"Vendo apartamento de 1 y 1/2 dormitorios a estrenar, con buenos servicios, en Punta del Este",170000.0,1.0,1.0,45.0,49.0,Aidy Grill,0,0,2023.0,,False,1,https://www.infocasas.com.uy/vendo-apartamento-de-1-y-12-dormitorios-a-estrenar-con-buenos-servicios-en-punta-del-este/190378019,https://cdn1.infocasas.com.uy/repo/img/1189_MYT-4375-TRA_257.jpg
190192979,"Apartamento de 2 dormitorios en Playa Mansa, Punta Ballena - Walmer Lagoon - Ref : PBI3097",395000.0,2.0,2.0,144.0,144.0,Playa Mansa,-34.908510647199996,-55.00519161422728,2022.0,,False,1,https://www.infocasas.com.uy/apartamento-de-2-dormitorios-en-playa-mansa-punta-ballena-walmer-lagoon-ref-pbi3097/190192979,https://cdn1.infocasas.com.uy/repo/img/148805_PBI-3097-TRA_143.jpg
190928917,Venta apartamento 3 dormitorios Brava,830000.0,3.0,3.0,178.0,142.0,Playa Brava,-34.9559887,-54.9379552,,,False,1,https://www.infocasas.com.uy/venta-apartamento-3-dormitorios-brava/190928917,https://cdn1.infocasas.com.uy/web/6617a8efa4ab4_infocdn.jpg
190197602,Departamento - Maldonado,139500.0,1.0,1.0,64.0,40.0,Maldonado,-34.912097,-54.9423906,,,False,1,https://www.infocasas.com.uy/departamento-maldonado/190197602,https://cdn1.infocasas.com.uy/web/64b6579c6afd5_infocdn.jpg
190554486,ESTRENE EN PUNTA DEL ESTE CON AMENITIES DE LUJO Y SHOPPING!!!,220486.0,2.0,1.0,86.0,86.0,Punta del Este,-34.9360588,-54.9378104,2022.0,,False,1,https://www.infocasas.com.uy/estrene-en-punta-del-este-con-amenities-de-lujo-y-shopping/190554486,https://cdn1.infocasas.com.uy/repo/img/15154_nai_344_18_449.jpg
187752530,Venta apartamento 3 dormitorios en la Brava,1580000.0,3.0,4.0,200.0,200.0,Playa Brava,0,0,,,False,1,https://www.infocasas.com.uy/venta-apartamento-3-dormitorios-en-la-brava/187752530,https://cdn1.infocasas.com.uy/repo/img/173104404_VIP-384-TRA_422.jpg
188531206,1 - Walmer Lagoon  101,423000.0,2.0,0.0,144.0,83.0,Playa Mansa,-34.908625,-55.00564,,,False,1,https://www.infocasas.com.uy/1-walmer-lagoon-101/188531206,https://cdn1.infocasas.com.uy/web/648095be9d06e_infocdn.jpg
289277,"Departamento en venta de 3 dormitorios, Playa Mansa",350000.0,3.0,3.0,125.0,125.0,Playa Mansa,-34.9329334614,-54.9548923492,,,False,1,https://www.infocasas.com.uy/departamento-en-venta-de-3-dormitorios-playa-mansa/289277,https://cdn1.infocasas.com.uy/web/675d338b9f66e_infocdn.jpg
190179661,Apartamento - Punta del Este,158000.0,1.0,1.0,75.0,48.0,Punta del Este,-34.949396,-54.9283502,,,False,1,https://www.infocasas.com.uy/apartamento-punta-del-este/190179661,https://cdn1.infocasas.com.uy/web/63f791a3aea26_infocdn.jpg
191209890,Venta Apartamento 2 dormitorios La Pastora Punta del Este Torre con amenities,355000.0,2.0,3.0,80.0,80.0,La Pastora,-34.9519368,-54.9359965,,,False,1,https://www.infocasas.com.uy/venta-apartamento-2-dormitorios-la-pastora-punta-del-este-torre-con-amenities/191209890,https://cdn1.infocasas.com.uy/web/66b471b21407c_infocdn.jpg
189368960,Apartamento - Playa Mansa,380000.0,2.0,2.0,90.0,75.0,Playa Mansa,-34.918002,-54.9765911,,,False,1,https://www.infocasas.com.uy/apartamento-playa-mansa/189368960,https://cdn1.infocasas.com.uy/web/62ac25cb2d988_infocdn.jpg
189569586,Apartamento - Aidy Grill,295000.0,2.0,2.0,97.0,80.0,Aidy Grill,-34.9475543,-54.932196,,,False,1,https://www.infocasas.com.uy/apartamento-aidy-grill/189569586,https://cdn1.infocasas.com.uy/web/63047e46a5efa_infocdn.jpg
186103818,Departamento - Cantegril,183600.0,1.0,1.0,61.0,61.0,Cantegril,-34.9260087,-54.9485448,,,False,1,https://www.infocasas.com.uy/departamento-cantegril/186103818,https://cdn1.infocasas.com.uy/web/6493e755bea64_infocdn.jpg
189794648,Apartamento de tres dormitorios en venta Art Tower Punta del Este,605000.0,3.0,3.0,135.0,162.0,Playa Mansa,-34.95181136319372,-54.93605767686847,,,,1,https://www.infocasas.com.uy/apartamento-de-tres-dormitorios-en-venta-art-tower-punta-del-este/189794648,https://cdn1.infocasas.com.uy/repo/img/405_CCP-29881-TRA_28.jpg
191079091,"Saint Honore de un dormitorio, apartamento frente al mar en Playa Mansa en Venta",199000.0,1.0,1.0,35.0,45.0,Playa Mansa,0,0,,,,1,https://www.infocasas.com.uy/saint-honore-de-un-dormitorio-apartamento-frente-al-mar-en-playa-mansa-en-venta/191079091,https://cdn1.infocasas.com.uy/repo/img/405_CCP-36000-TRA_516.jpg
191378264,Departamento en Venta - Aidy Grill,330000.0,2.0,2.0,90.0,90.0,Aidy Grill,0,0,2020.0,,,1,https://www.infocasas.com.uy/departamento-en-venta-aidy-grill/191378264,https://cdn1.infocasas.com.uy/repo/img/405_CCP-36883-TRA_807.jpg
193688842,Departamento 1 dormitorio proyecto La Guadalupe en La Barra,165634.0,1.0,1.0,41.0,56.0,La Barra,-34.90939996865857,-54.85655599074706,2026.0,,,1,https://www.infocasas.com.uy/departamento-1-dormitorio-proyecto-la-guadalupe-en-la-barra/193688842,https://cdn1.infocasas.com.uy/repo/img/405_CCP-39510-TRA_564.jpg
192303427,Penthouse en Venta 2 dormitorios en Playa Brava,590000.0,2.0,3.0,203.0,219.0,Playa Brava,0,0,,,,1,https://www.infocasas.com.uy/penthouse-en-venta-2-dormitorios-en-playa-brava/192303427,https://cdn1.infocasas.com.uy/repo/img/405_CCP-35898-TRA_92.jpg
189443568,"Apartamento de un dormitorios en venta, Ocean Drive Country",160000.0,1.0,1.0,50.0,50.0,Roosevelt,0,0,,,,1,https://www.infocasas.com.uy/apartamento-de-un-dormitorios-en-venta-ocean-drive-country/189443568,https://cdn1.infocasas.com.uy/repo/img/405_CCP-32985-TRA_457.jpg
191642815,"Trump Tower en Venta Apartamento primera linea de tres dormitorios en Playa Brava,Punta del Este",1700000.0,3.0,3.0,227.0,310.0,Playa Brava,-34.94620020251199,-54.921649112103275,,,,1,https://www.infocasas.com.uy/trump-tower-en-venta-apartamento-primera-linea-de-tres-dormitorios-en-playa-bravapunta-del-este/191642815,https://cdn1.infocasas.com.uy/repo/img/405_CCP-34282-TRA_304.jpg
192011641,VENTA APARTAMENTO UN DORMITORIO PUNTA DEL ESTE PENINSULA A ESTRENAR CON PATIO,179000.0,1.0,1.0,67.0,71.0,Península,-34.96519651124592,-54.94514768321989,2024.0,,False,1,https://www.infocasas.com.uy/venta-apartamento-un-dormitorio-punta-del-este-peninsula-a-estrenar-con-patio/192011641,https://cdn1.infocasas.com.uy/repo/img/173608396_HAUS-2922-TRA_324.jpg
191989010,"Apartamento dos dormitorios frente al  mar en punta del este ,   look brava",465000.0,2.0,2.0,122.0,100.0,Playa Brava,-34.9441658,-54.9217472,,,False,1,https://www.infocasas.com.uy/apartamento-dos-dormitorios-frente-al-mar-en-punta-del-este-look-brava/191989010,https://cdn1.infocasas.com.uy/web/67a73fba15cd0_infocdn.jpg
191498811,Excelente apartamento en venta en Playa Mansa,1200000.0,4.0,3.0,300.0,300.0,Playa Mansa,-34.9569535,-54.9409501,,,False,1,https://www.infocasas.com.uy/excelente-apartamento-en-venta-en-playa-mansa/191498811,https://cdn1.infocasas.com.uy/web/66f7b247604e6_infocdn.jpg
191917913,Apartamento 1 dormitorio con terraza,170000.0,1.0,1.0,35.0,43.0,Playa Brava,0,0,,,False,1,https://www.infocasas.com.uy/apartamento-1-dormitorio-con-terraza/191917913,https://cdn1.infocasas.com.uy/repo/img/175664160_ASZ-441-TRA_188.jpg
191756699,Venta apartamento 2 dormitorios y medio playa brava,295000.0,2.0,2.0,77.0,65.0,Playa Brava,-34.9530976,-54.9335737,,,False,1,https://www.infocasas.com.uy/venta-apartamento-2-dormitorios-y-medio-playa-brava/191756699,https://cdn1.infocasas.com.uy/web/674ffba5ba71f_infocdn.jpg
192448864,Monoambiente en venta  a estrenar.,350000.0,0.0,1.0,59.0,124.0,Punta Ballena,0,0,,,False,1,https://www.infocasas.com.uy/monoambiente-en-venta-a-estrenar/192448864,https://cdn1.infocasas.com.uy/repo/img/173012432_NDM-4151-TRA_826.jpg
192312057,"Apto de 3 dormitorios, Edificio Q, Punta Ballena",470000.0,3.0,3.0,150.0,150.0,Punta Ballena,-34.89244326442487,-55.03713135917667,,,False,1,https://www.infocasas.com.uy/apto-de-3-dormitorios-edificio-q-punta-ballena/192312057,https://cdn1.infocasas.com.uy/repo/img/109289_NTR-4849-TRA_428.jpg
191988973,"Departamento  frente al mar en  venta en punta del este ,  Playa Mansa",540000.0,2.0,2.0,127.0,107.0,Playa Mansa,-34.9162852536,-54.9766568463,,,False,1,https://www.infocasas.com.uy/departamento-frente-al-mar-en-venta-en-punta-del-este-playa-mansa/191988973,https://cdn1.infocasas.com.uy/web/67a73ceb46a89_infocdn.jpg
191600332,Venta de apartamento de 1 dormitorio a estrenar en exclusiva zona Punta Ballena con vistas,195000.0,1.0,1.0,32.0,53.0,Punta Ballena,0,0,,,False,1,https://www.infocasas.com.uy/venta-de-apartamento-de-1-dormitorio-a-estrenar-en-exclusiva-zona-punta-ballena-con-vistas/191600332,https://cdn1.infocasas.com.uy/repo/img/204201_SNA-169125-TRA_855.jpg
191548032,Venta Departamento en Península,200000.0,2.0,2.0,88.0,76.0,Península,-34.9606389,-54.942152,,,False,1,https://www.infocasas.com.uy/venta-departamento-en-peninsula/191548032,https://cdn1.infocasas.com.uy/web/6706281cd0ebd_infocdn.jpg
191989140,Departamento en Art Boulevard,495000.0,2.0,3.0,180.0,180.0,Punta del Este,-34.9521698329,-54.9355405245,,,False,1,https://www.infocasas.com.uy/departamento-en-art-boulevard/191989140,https://cdn1.infocasas.com.uy/web/67a7466351894_infocdn.jpg
191989164,Departamento con vista al mar  en Alexander Boulevar- Playa Mansa,430000.0,2.0,2.0,116.0,116.0,Playa Mansa,-34.918002,-54.9765911,,,False,1,https://www.infocasas.com.uy/departamento-con-vista-al-mar-en-alexander-boulevar-playa-mansa/191989164,https://cdn1.infocasas.com.uy/web/67a747977e1e4_infocdn.jpg
191989211,penthouse duplex Mythos  frente al mar - Playa Brava,2950000.0,4.0,3.0,772.0,772.0,Playa Brava,-34.9222832,-54.8780454,,,False,1,https://www.infocasas.com.uy/penthouse-duplex-mythos-frente-al-mar-playa-brava/191989211,https://cdn1.infocasas.com.uy/web/67a74a445b9a5_infocdn.jpg
191987977,"Departamento en Venta/Alquiler/Alquiler Temporario, frente al mar con amenities premium- Playa Brava - Imperiale",1050000.0,4.0,3.0,0.0,0.0,Playa Brava,-34.9578438,-54.9372712,,,False,1,https://www.infocasas.com.uy/departamento-en-ventaalquileralquiler-temporario-frente-al-mar-con-amenities-premium-playa-brava-imperiale/191987977,https://cdn1.infocasas.com.uy/web/67a71b9577f88_infocdn.jpg
191987992,Departamento - Punta del Este,320000.0,4.0,3.0,120.0,120.0,Punta del Este,-34.9368789,-54.9281496,,,False,1,https://www.infocasas.com.uy/departamento-punta-del-este/191987992,https://cdn1.infocasas.com.uy/web/67a71c1e1a33d_infocdn.jpg
191988018,Apartamento un dormitorio contra frente al  mar  look brava REF2122,260000.0,1.0,1.0,122.0,100.0,Playa Brava,-34.9441658,-54.9217472,,,False,1,https://www.infocasas.com.uy/apartamento-un-dormitorio-contra-frente-al-mar-look-brava-ref2122/191988018,https://cdn1.infocasas.com.uy/web/67a71d059d0fa_infocdn.jpg
191987756,Surfside Elleva 2 dormitorios y servicio 4 baños,1255770.0,3.0,3.0,263.0,263.0,Playa Brava,-34.9445152,-54.9164532,,,False,1,https://www.infocasas.com.uy/surfside-elleva-2-dormitorios-y-servicio-4-baños/191987756,https://cdn1.infocasas.com.uy/web/67a71372a7fe0_infocdn.jpg
191987973,"Departamento dos dormitorios, balcon con parrillero , piscina, cochera- Playa Mansa, Punta del Este",316000.0,2.0,2.0,166.0,77.0,Playa Mansa,-34.918002,-54.9765911,,,False,1,https://www.infocasas.com.uy/departamento-dos-dormitorios-balcon-con-parrillero-piscina-cochera-playa-mansa-punta-del-este/191987973,https://cdn1.infocasas.com.uy/web/67a71b776b297_infocdn.jpg
192207811,"En venta apartamento de dos dormitorios a estrenar en Place Lafayette, Punta del Este",319000.0,2.0,2.0,66.0,66.0,Roosevelt,0,0,,,False,1,https://www.infocasas.com.uy/en-venta-apartamento-de-dos-dormitorios-a-estrenar-en-place-lafayette-punta-del-este/192207811,https://cdn1.infocasas.com.uy/repo/img/1189_MYT-4721-TRA_824.jpg
191988398,Hermoso apartamento en venta - Maldonado,164500.0,2.0,1.0,70.0,65.0,Maldonado,-34.9018717,-54.9634343,,,False,1,https://www.infocasas.com.uy/hermoso-apartamento-en-venta-maldonado/191988398,https://cdn1.infocasas.com.uy/web/67a7297b8f9de_infocdn.jpg
192083352,"Venta departamento de 3 dormitorios Green Life, Roosevelt",619000.0,3.0,2.0,187.0,153.0,Cantegril,-34.9319193307,-54.9425039931,,,False,1,https://www.infocasas.com.uy/venta-departamento-de-3-dormitorios-green-life-roosevelt/192083352,https://cdn1.infocasas.com.uy/web/67c16b98aa870_infocdn.jpg
192097104,Apartamento en Edificio Peninsula,140000.0,1.0,1.0,49.0,41.0,Península,-34.9619214,-54.9440068,,,False,1,https://www.infocasas.com.uy/apartamento-en-edificio-peninsula/192097104,https://cdn1.infocasas.com.uy/web/67c7485d4f227_infocdn.jpg
191989280,Departamento - Punta del Este,1750000.0,3.0,3.0,360.0,284.0,Punta del Este,-34.9363205,-54.9377826,,,False,1,https://www.infocasas.com.uy/departamento-punta-del-este/191989280,https://cdn1.infocasas.com.uy/web/67a74ce54a2fb_infocdn.jpg
191989286,Departamento - Punta del Este,935000.0,3.0,3.0,254.0,202.0,Punta del Este,-34.9469,-54.92335,,,False,1,https://www.infocasas.com.uy/departamento-punta-del-este/191989286,https://cdn1.infocasas.com.uy/web/67a74d1dd8964_infocdn.jpg
193735377,VIEW I | 1 dormitorio esquinero con doble garaje,210000.0,1.0,1.0,46.0,87.0,Aidy Grill,0,0,,,False,1,https://www.infocasas.com.uy/view-i-1-dormitorio-esquinero-con-doble-garaje/193735377,https://cdn1.infocasas.com.uy/repo/img/176775602_ANF-342-TRA_640.jpg
193753461,Apto en venta View II-1 dormitorio a estrenar,199000.0,1.0,1.0,52.0,52.0,Aidy Grill,-34.9482204,-54.9295258,2026.0,,False,1,https://www.infocasas.com.uy/apto-en-venta-view-ii1-dormitorio-a-estrenar/193753461,https://cdn1.infocasas.com.uy/repo/img/173903975_KCP-21097426-TRA_489.jpg
193722638,A estrenar 2026. 1 dorm con garaje.,155000.0,1.0,1.0,46.0,54.0,Roosevelt,-34.93833480101892,-54.93571440305769,,,False,1,https://www.infocasas.com.uy/a-estrenar-2026-1-dorm-con-garaje/193722638,https://cdn1.infocasas.com.uy/repo/img/243_NYP-39367-TRA_297.jpg
193744569,Venta Apartamento Punta del Este 2 dormitorios Piso 9 Peninsula,240000.0,2.0,2.0,66.0,60.0,Península,-34.9600771,-54.9412125,,,False,1,https://www.infocasas.com.uy/venta-apartamento-punta-del-este-2-dormitorios-piso-9-peninsula/193744569,https://cdn1.infocasas.com.uy/web/6a0427f0ecdca_infocdn.jpg
193677403,Venta apartamento 2 dormitorios 2 baños,250000.0,2.0,2.0,105.0,93.0,Punta del Este,-34.9360588,-54.9378104,,,False,1,https://www.infocasas.com.uy/venta-apartamento-2-dormitorios-2-baños/193677403,https://cdn1.infocasas.com.uy/web/69edbc02908e4_infocdn.jpg
193674846,"Venta apartamento 2 dormitorios, Punta del Este",230000.0,2.0,2.0,76.0,76.0,Aidy Grill,-34.9482204,-54.9295258,,1.0,False,1,https://www.infocasas.com.uy/venta-apartamento-2-dormitorios-punta-del-este/193674846,https://cdn2.infocasas.com.uy/repo/img/69ec073a2b18d_infocdn__vyehhoyybli7dyb5gwjoaamvw64ssenfvp5pjdfajpg.jpg
193727527,Venta apartamento 2 Dormitorios - Aidy Grill,360000.0,2.0,2.0,74.0,82.0,Aidy Grill,-34.95151591261251,-54.934426995245374,2026.0,,False,1,https://www.infocasas.com.uy/venta-apartamento-2-dormitorios-aidy-grill/193727527,https://cdn1.infocasas.com.uy/repo/img/192_AIXA-1763-TRA_131.jpg
193713691,APARTAMENTO EN VENTA 3 DORMITORIO CON JARDIN,379624.0,3.0,2.0,115.0,0.0,Playa Mansa,-34.92309703426,-54.967088699341,2024.0,,False,1,https://www.infocasas.com.uy/apartamento-en-venta-3-dormitorio-con-jardin/193713691,https://cdn1.infocasas.com.uy/repo/img/13651_UY.42.1.50.170.V12_456.jpg
192380343,"Moderno Apartamento de 1 Dormitorio en suite piso alto en Venta de Torre Surfside Village, Punta del Este - Ref : EQP6773",630000.0,1.0,1.0,115.0,115.0,Playa Brava,0,0,2021.0,,False,1,https://www.infocasas.com.uy/moderno-apartamento-de-1-dormitorio-en-suite-piso-alto-en-venta-de-torre-surfside-village-punta-del-este-ref-eqp6773/192380343,https://cdn1.infocasas.com.uy/repo/img/176001116_EQP-6773-TRA_731.jpg
192245591,Venta apartamento 2 dormitorios Playa Brava Punta del Este,325000.0,2.0,2.0,84.0,69.0,Playa Brava,-34.9445152,-54.9164532,,,False,1,https://www.infocasas.com.uy/venta-apartamento-2-dormitorios-playa-brava-punta-del-este/192245591,https://cdn1.infocasas.com.uy/web/67f4c6ec55309_infocdn.jpg
192162535,(BPV-BPV-9274)  Apartamento EN venta 1 DORMITORIO,175000.0,1.0,1.0,70.0,65.0,Punta del Este,-34.931857991665815,-54.942064900369246,2026.0,,False,1,https://www.infocasas.com.uy/bpvbpv9274-apartamento-en-venta-1-dormitorio/192162535,https://cdn1.infocasas.com.uy/repo/img/279_BPV-BPV-9274_998.jpg
192635021,Venta Torre Gauguin dos dormitorios vista al mar,289000.0,2.0,2.0,80.0,80.0,Playa Brava,-34.9531054,-54.9329747,,,False,1,https://www.infocasas.com.uy/venta-torre-gauguin-dos-dormitorios-vista-al-mar/192635021,https://cdn1.infocasas.com.uy/web/6874ce2d7f6bc_infocdn.jpg
191881590,Departamento en  La Barra,460000.0,3.0,3.0,181.0,105.0,La Barra,-34.9156036,-54.8650428,,,False,1,https://www.infocasas.com.uy/departamento-en-la-barra/191881590,https://cdn1.infocasas.com.uy/web/6788c2472d6f0_infocdn.jpg
191988570,Departamento 1 dormitorio y medio en Torre Onix,260000.0,1.0,1.0,76.0,70.0,Península,-34.9536058516,-54.9352733362,,,False,1,https://www.infocasas.com.uy/departamento-1-dormitorio-y-medio-en-torre-onix/191988570,https://cdn1.infocasas.com.uy/web/67a73184106c0_infocdn.jpg
191969353,Departamento en  la Pastora,260000.0,3.0,2.0,80.0,80.0,La Pastora,-34.9486875,-54.9373125,,,False,1,https://www.infocasas.com.uy/departamento-en-la-pastora/191969353,https://cdn1.infocasas.com.uy/web/67a30ac3494dc_infocdn.jpg
190268378,"Apartamento en venta, dos dormitorios, Rincón del Indio,",280000.0,2.0,2.0,102.0,74.0,Rincón del Indio,-34.9283744,-54.8985274,,,False,1,https://www.infocasas.com.uy/apartamento-en-venta-dos-dormitorios-rincon-del-indio/190268378,https://cdn1.infocasas.com.uy/web/6537e96e4d5bd_infocdn.jpg
190246011,DEPARTAMENTO DE 2 DORMITORIOS A ESTRENAR EN SAN RAFAEL,365000.0,2.0,2.0,89.0,112.0,San Rafael,-34.9399638,-54.9129734,2025.0,,False,1,https://www.infocasas.com.uy/departamento-de-2-dormitorios-a-estrenar-en-san-rafael/190246011,https://cdn1.infocasas.com.uy/repo/img/73429_PMI-212923-TRA_956.jpg
190930593,Venta hermoso apartamento 3 suites y dependencia Vista al mar Servicios,920000.0,3.0,3.0,210.0,184.0,Playa Brava,-34.9541614,-54.9317694,,,False,1,https://www.infocasas.com.uy/venta-hermoso-apartamento-3-suites-y-dependencia-vista-al-mar-servicios/190930593,https://cdn1.infocasas.com.uy/web/6617d249666e0_infocdn.jpg
190946392,Apartamento - Península,450000.0,3.0,3.0,107.0,107.0,Península,-34.9608066,-54.9389655,,,False,1,https://www.infocasas.com.uy/apartamento-peninsula/190946392,https://cdn1.infocasas.com.uy/web/6616bf40c3f3d_infocdn.jpg
190397070,"Apartamento en venta de 2 dormitorios en Miami Boulevard II, Punta del Este.",405000.0,2.0,2.0,100.0,120.0,Playa Mansa,0,0,2021.0,,False,1,https://www.infocasas.com.uy/apartamento-en-venta-de-2-dormitorios-en-miami-boulevard-ii-punta-del-este/190397070,https://cdn1.infocasas.com.uy/repo/img/599524_PAR-8400-TRA_102.jpg
193439161,Oportunidad en Surfside - Piso alto | 1 Dormitorio + Toilette,470000.0,1.0,2.0,116.0,116.0,Playa Brava,-34.93976725279823,-54.917720610697934,,,False,1,https://www.infocasas.com.uy/oportunidad-en-surfside-piso-alto-1-dormitorio-toilette/193439161,https://cdn1.infocasas.com.uy/repo/img/173898037_BYH-6648-TRA_455.jpg
193666277,Departamento en Manantiales SENSE 2 TM7947513,595000.0,2.0,2.0,125.0,100.0,Manantiales,-34.9062935825,-54.8376403951,,,False,1,https://www.infocasas.com.uy/departamento-en-manantiales-sense-2-tm7947513/193666277,https://cdn1.infocasas.com.uy/web/69e9c1ff4e309_infocdn.jpg
193439101,Venta: Departamento en Lomas de Manantiales II - TM7810788,240000.0,1.0,1.0,51.0,51.0,Manantiales,-34.9057846,-54.8284569,,,False,1,https://www.infocasas.com.uy/venta-departamento-en-lomas-de-manantiales-ii-tm7810788/193439101,https://cdn1.infocasas.com.uy/web/699fee5e236aa_infocdn.jpg
193675383,Apartamento  a estrenar de 1 dormitorio y medio en venta en Punta del Este,215000.0,1.0,1.0,49.0,53.0,Playa Brava,0,0,2026.0,,False,1,https://www.infocasas.com.uy/apartamento-a-estrenar-de-1-dormitorio-y-medio-en-venta-en-punta-del-este/193675383,https://cdn1.infocasas.com.uy/repo/img/201060_NGP-31348-TRA_438.jpg
193675170,APARTAMENTO A ESTRENAR,450000.0,3.0,2.0,101.0,131.0,Playa Mansa,-34.951445562564416,-54.9343411645569,2025.0,,False,1,https://www.infocasas.com.uy/apartamento-a-estrenar/193675170,https://cdn1.infocasas.com.uy/repo/img/241439_SUE-4371-TRA_922.jpg
192635352,Venta apartamento de 2 dormitorios - Punta del Este,388700.0,2.0,2.0,266.0,84.0,Punta del Este,-34.9271526597,-54.9592746905,,,False,1,https://www.infocasas.com.uy/venta-apartamento-de-2-dormitorios-punta-del-este/192635352,https://cdn1.infocasas.com.uy/web/6874dd43b34a8_infocdn.jpg
192161083,(BPV-BPV-5428)  Apartamento EN venta 2 DORMITORIOS,224000.0,2.0,2.0,143.0,75.0,Manantiales,-34.9049535538873,-54.82473850250244,2026.0,,False,1,https://www.infocasas.com.uy/bpvbpv5428-apartamento-en-venta-2-dormitorios/192161083,https://cdn1.infocasas.com.uy/repo/img/279_BPV-BPV-5428_641.jpg
192711563,Apartamento primera linea en Peninsula,650000.0,3.0,3.0,163.0,163.0,Península,-34.9650573,-54.9430974,,,False,1,https://www.infocasas.com.uy/apartamento-primera-linea-en-peninsula/192711563,https://cdn1.infocasas.com.uy/web/688dbbff4d843_infocdn.jpg
192806418,Monoambiente con pileta propia primera linea al mar en Punta Ballena,155000.0,0.0,1.0,24.0,31.0,Punta Ballena,0,0,,,False,1,https://www.infocasas.com.uy/monoambiente-con-pileta-propia-primera-linea-al-mar-en-punta-ballena/192806418,https://cdn1.infocasas.com.uy/repo/img/176283692_BON-73-TRA_987.jpg
192641393,Vende departamento en Punta del Este de 3 dormitorios en suite.,787000.0,3.0,3.0,160.0,212.0,Playa Brava,0,0,,,False,1,https://www.infocasas.com.uy/vende-departamento-en-punta-del-este-de-3-dormitorios-en-suite/192641393,https://cdn1.infocasas.com.uy/repo/img/173012432_NDM-20672-TRA_385.jpg
192160500,(BPV-BPV-2345)  Apartamento EN venta 2 DORMITORIOS,830000.0,2.0,2.0,118.0,118.0,Manantiales,-34.90468959113462,-54.83048915863037,2026.0,,False,1,https://www.infocasas.com.uy/bpvbpv2345-apartamento-en-venta-2-dormitorios/192160500,https://cdn1.infocasas.com.uy/repo/img/279_BPV-BPV-2345_953.jpg
192293531,"Apartamento a estrenar en la Mansa, 2 dormitorios con parrillero propio",210000.0,2.0,2.0,75.0,0.0,Playa Mansa,0,0,,,False,1,https://www.infocasas.com.uy/apartamento-a-estrenar-en-la-mansa-2-dormitorios-con-parrillero-propio/192293531,https://cdn1.infocasas.com.uy/repo/img/59163_COL-8272-TRA_367.jpg
192078507,Departamento monoambiente venta y alquiler temporario Rincón del Indio,420000.0,0.0,1.0,85.0,52.0,Playa Brava,-34.918229102,-54.872939158,,,False,1,https://www.infocasas.com.uy/departamento-monoambiente-venta-y-alquiler-temporario-rincon-del-indio/192078507,https://cdn1.infocasas.com.uy/web/67c0120793a53_infocdn.jpg
190960694,Punta del este 2 dormitorios 2 baños al frente en piso alto - Playa Mansa,345000.0,2.0,2.0,127.0,78.0,Playa Mansa,-34.950221,-54.9384593,,,False,1,https://www.infocasas.com.uy/punta-del-este-2-dormitorios-2-baños-al-frente-en-piso-alto-playa-mansa/190960694,https://cdn1.infocasas.com.uy/web/661d319d28a6b_infocdn.jpg
190881072,"APARTAMENTOS 1, 2 y 3 DORMITORIOS FEEL MANSA PUNTA DEL ESTE",129000.0,1.0,1.0,42.0,42.0,Playa Mansa,0,0,,,False,1,https://www.infocasas.com.uy/apartamentos-1-2-y-3-dormitorios-feel-mansa-punta-del-este/190881072,https://cdn1.infocasas.com.uy/repo/img/5226_NLV-222101-TRA_364.jpg
190924534,Venta apartamento 1 dormitorio Punta ballena,290000.0,1.0,2.0,100.0,76.0,Punta Ballena,-34.9030384,-55.0424472,,,False,1,https://www.infocasas.com.uy/venta-apartamento-1-dormitorio-punta-ballena/190924534,https://cdn1.infocasas.com.uy/web/665039d49a130_infocdn.jpg
193692139,"Primera línea de Playa Mansa, 3 dormitorios a estrenar con entrega inmediata!",490000.0,3.0,4.0,128.0,155.0,Playa Mansa,0,0,2022.0,,False,1,https://www.infocasas.com.uy/primera-linea-de-playa-mansa-3-dormitorios-a-estrenar-con-entrega-inmediata/193692139,https://cdn1.infocasas.com.uy/repo/img/261_GII-3766-TRA_465.jpg
192847684,Apartamentos A Estrenar En José Ignacio,1150000.0,3.0,3.0,180.0,0.0,José Ignacio,0,0,,,False,1,https://www.infocasas.com.uy/apartamentos-a-estrenar-en-jose-ignacio/192847684,https://cdn1.infocasas.com.uy/repo/img/15377_KBR-135-TRA_547.jpg
192639810,"Venta apartamento 1 dormitorios Torres del Este Mansa, Punta del Este ",185000.0,1.0,1.0,49.0,49.0,Punta del Este,-34.9515545,-54.9342587,,,False,1,https://www.infocasas.com.uy/venta-apartamento-1-dormitorios-torres-del-este-mansa-punta-del-este-/192639810,https://cdn1.infocasas.com.uy/web/6876027d648f5_infocdn.jpg
192635108,"Venta Mouette, Peninsula",1100000.0,3.0,3.0,571.0,191.0,Península,-34.9572588844,-54.9415242195,,,False,1,https://www.infocasas.com.uy/venta-mouette-peninsula/192635108,https://cdn1.infocasas.com.uy/web/6874d1a167775_infocdn.jpg
192644071,ROOSEVELT A ESTRENAR APARTAMENTO DE 2 DORMITORIOS + PARRILLERO PROPIO,198000.0,2.0,1.0,60.0,70.0,Roosevelt,0,0,,,False,1,https://www.infocasas.com.uy/roosevelt-a-estrenar-apartamento-de-2-dormitorios-parrillero-propio/192644071,https://cdn1.infocasas.com.uy/repo/img/176050941_SLR-200-TRA_272.jpg
193093650,Departamento - Playa Brava,1204670.0,2.0,3.0,208.0,135.0,Playa Brava,-34.9581623,-54.936751,,,False,1,https://www.infocasas.com.uy/departamento-playa-brava/193093650,https://cdn1.infocasas.com.uy/web/691585b6e1cff_infocdn.jpg
193158451,Últimas dos unidades de 2 dormitorios en Maldonado,107000.0,2.0,1.0,74.0,74.0,Maldonado,-34.8995927,-54.9886373,2026.0,,False,1,https://www.infocasas.com.uy/ultimas-dos-unidades-de-2-dormitorios-en-maldonado/193158451,https://cdn1.infocasas.com.uy/repo/img/296_69345_735.jpg
193180342,VENTA DEPARTAMENTO EN LA BARRA 2 DORMITORIOS A ESTRENAR!,375000.0,2.0,1.0,146.0,146.0,La Barra,-34.913948,-54.855896,2026.0,,False,1,https://www.infocasas.com.uy/venta-departamento-en-la-barra-2-dormitorios-a-estrenar/193180342,https://cdn1.infocasas.com.uy/repo/img/176534791_CW229223_850.jpg
192955538,Departamento - Playa Brava,650000.0,3.0,2.0,199.0,131.0,Playa Brava,-34.9441658,-54.9217472,,,False,1,https://www.infocasas.com.uy/departamento-playa-brava/192955538,https://cdn1.infocasas.com.uy/web/68e4bff69e033_infocdn.jpg
193093103,Venta y alquiler temporario de apartamento de 1 dormitorio a pasos de playa Brava,175000.0,1.0,1.0,43.0,52.0,Aidy Grill,0,0,2021.0,,False,1,https://www.infocasas.com.uy/venta-y-alquiler-temporario-de-apartamento-de-1-dormitorio-a-pasos-de-playa-brava/193093103,https://cdn1.infocasas.com.uy/repo/img/173452776_DPT-1242-TRA_924.jpg
193085549,"Apartamento en venta de 4 dormitorios, Playa Mansa",1600000.0,4.0,5.0,258.0,258.0,Playa Mansa,0,0,,,False,1,https://www.infocasas.com.uy/apartamento-en-venta-de-4-dormitorios-playa-mansa/193085549,https://cdn1.infocasas.com.uy/repo/img/176030818_CDV-26-TRA_962.jpg
192162310,(BPV-BPV-8794)  Apartamento EN venta 1 DORMITORIO,185000.0,1.0,1.0,43.0,35.0,Punta del Este,-34.95313789950189,-54.932884610065614,2025.0,,False,1,https://www.infocasas.com.uy/bpvbpv8794-apartamento-en-venta-1-dormitorio/192162310,https://cdn1.infocasas.com.uy/repo/img/279_BPV-BPV-8794_904.jpg
191778356,Venta - Departamento - 2 dormitorio - Punta Del Este - Playa Mansa,170000.0,2.0,2.0,58.0,0.0,Playa Mansa,-34.92080467849919,-54.969832010108945,,,False,1,https://www.infocasas.com.uy/venta-departamento-2-dormitorio-punta-del-este-playa-mansa/191778356,https://cdn1.infocasas.com.uy/web/6758024b481bb_infocdn.jpg
191988929,Departamento duplex  con jardin frente al mar  en Punta Ballena - Lomo de la Ballena,446000.0,2.0,2.0,111.0,0.0,Punta Ballena,-34.9116814,-55.0446882,,,False,1,https://www.infocasas.com.uy/departamento-duplex-con-jardin-frente-al-mar-en-punta-ballena-lomo-de-la-ballena/191988929,https://cdn1.infocasas.com.uy/web/67a73ac53dc5f_infocdn.jpg
191300981,Venta apartamento 2 dormitorios playa brava primera linea - punta del este,850000.0,2.0,2.0,120.0,163.0,Playa Brava,-34.94659871962099,-54.92260103424071,2022.0,,False,1,https://www.infocasas.com.uy/venta-apartamento-2-dormitorios-playa-brava-primera-linea-punta-del-este/191300981,https://cdn1.infocasas.com.uy/repo/img/694874_DMC-9648-TRA_360.jpg
191989351,Departamento 3 dormitorios -  Frente Al Mar - Edificio Tiburón 3 - Playa Brava - Punta del Este,1050000.0,3.0,3.0,260.0,222.0,Playa Brava,-34.9563509139,-54.938124291,,,False,1,https://www.infocasas.com.uy/departamento-3-dormitorios-frente-al-mar-edificio-tiburon-3-playa-brava-punta-del-este/191989351,https://cdn1.infocasas.com.uy/web/67a7504264137_infocdn.jpg
191009498,Departamento en venta Fendi Chateau 4 dormitorios Playa Mansa Punta del Este,3700000.0,4.0,3.0,488.0,380.0,Playa Mansa,-34.9615408,-54.9430621,,,False,1,https://www.infocasas.com.uy/departamento-en-venta-fendi-chateau-4-dormitorios-playa-mansa-punta-del-este/191009498,https://cdn1.infocasas.com.uy/web/6652dda32f31c_infocdn.jpg
190924961,Apartamento en la brava,240000.0,2.0,2.0,70.0,64.0,Playa Brava,-34.9523464,-54.9324148,,,False,1,https://www.infocasas.com.uy/apartamento-en-la-brava/190924961,https://cdn1.infocasas.com.uy/web/66179031ae26c_infocdn.jpg
191039871,Gran oportunidad de inversion! Primera linea MANSA,291742.0,2.0,2.0,122.0,146.0,Playa Mansa,-34.90858103407482,-55.013023664550765,2022.0,,False,1,https://www.infocasas.com.uy/gran-oportunidad-de-inversion-primera-linea-mansa/191039871,https://cdn1.infocasas.com.uy/repo/img/694874_DMC-8638-TRA_256.jpg
190925620,Venta apartamento tres dormitorios en suite Playa Brava primera linea Punta del Este,770000.0,3.0,3.0,200.0,172.0,Playa Brava,-34.9504996,-54.9289033,,,False,1,https://www.infocasas.com.uy/venta-apartamento-tres-dormitorios-en-suite-playa-brava-primera-linea-punta-del-este/190925620,https://cdn1.infocasas.com.uy/web/66179994e5195_infocdn.jpg
191000477,Departamento - San Rafael,340000.0,2.0,2.0,115.0,81.0,San Rafael,-34.9329488585,-54.922542572,,,False,1,https://www.infocasas.com.uy/departamento-san-rafael/191000477,https://cdn1.infocasas.com.uy/web/664775369804e_infocdn.jpg
190925256,Apartamento 3 dormitorios Playa Brava Rincon del Indio  Punta del Este,480000.0,3.0,3.0,140.0,112.0,Rincón del Indio,-34.9225373,-54.879707,,,False,1,https://www.infocasas.com.uy/apartamento-3-dormitorios-playa-brava-rincon-del-indio-punta-del-este/190925256,https://cdn1.infocasas.com.uy/web/6664001f2db18_infocdn.jpg
191000637,Departamento - Playa Brava,270000.0,2.0,2.0,80.0,74.0,Playa Brava,-34.949407,-54.9299011,,,False,1,https://www.infocasas.com.uy/departamento-playa-brava/191000637,https://cdn1.infocasas.com.uy/web/66477d45ebfcd_infocdn.jpg
190932884,Apartamento - Playa Mansa,145000.0,1.0,1.0,40.0,40.0,Playa Mansa,-34.9405904749,-54.9467220204,,,False,1,https://www.infocasas.com.uy/apartamento-playa-mansa/190932884,https://cdn1.infocasas.com.uy/web/660aaf014136d_infocdn.jpg
190959760,Parada 7 de la Mansa a mts. de la playa,210000.0,1.0,1.0,55.0,0.0,Playa Mansa,-34.9360588,-54.9378104,,,False,1,https://www.infocasas.com.uy/parada-7-de-la-mansa-a-mts-de-la-playa/190959760,https://cdn1.infocasas.com.uy/web/661d19a587df8_infocdn.jpg
192087139,VENTA APARTAMENTO 2 DORMITORIOS - VERAMANSA,495000.0,2.0,2.0,109.0,133.0,Playa Mansa,0,0,,,False,1,https://www.infocasas.com.uy/venta-apartamento-2-dormitorios-veramansa/192087139,https://cdn1.infocasas.com.uy/repo/img/132785_RSP-13344-TRA_392.jpg
191981707,SeaGarden de 1 dormitorio en venta,169000.0,1.0,1.0,52.0,52.0,Roosevelt,-34.92743374497072,-54.94644050796507,,,False,1,https://www.infocasas.com.uy/seagarden-de-1-dormitorio-en-venta/191981707,https://cdn1.infocasas.com.uy/repo/img/175322336_PGO-1693-TRA_404.jpg
191877419,Penthouse en venta Aquarela 3 plantas ascensor privado 4 dormitorios en suite Punta del Este,2500000.0,4.0,3.0,488.0,488.0,Playa Mansa,-34.927726215,-54.9608575821,,,False,1,https://www.infocasas.com.uy/penthouse-en-venta-aquarela-3-plantas-ascensor-privado-4-dormitorios-en-suite-punta-del-este/191877419,https://cdn1.infocasas.com.uy/web/67875f41db95f_infocdn.jpg
191067730,Departamento en Venta y en Alquiler Temporario en Garden Tower TM3051904,530000.0,3.0,3.0,230.0,170.0,Península,-34.9631006,-54.9428408,,,False,1,https://www.infocasas.com.uy/departamento-en-venta-y-en-alquiler-temporario-en-garden-tower-tm3051904/191067730,https://cdn1.infocasas.com.uy/web/667acdcab6e75_infocdn.jpg
191708655,Venta Departamento 2 dormitorios  Playa Brava Torre Trump Punta del Este,782500.0,2.0,2.0,16257.0,0.0,Punta del Este,-34.9345765,-54.9029916,,,False,1,https://www.infocasas.com.uy/venta-departamento-2-dormitorios-playa-brava-torre-trump-punta-del-este/191708655,https://cdn1.infocasas.com.uy/web/673ed879e8bcc_infocdn.jpg
191566050,"More Atlántico, 1 dorm, amenities de primer nivel.",175000.0,1.0,1.0,42.0,60.0,Roosevelt,0,0,,,False,1,https://www.infocasas.com.uy/more-atlantico-1-dorm-amenities-de-primer-nivel/191566050,https://cdn1.infocasas.com.uy/repo/img/243_NYP-39947-TRA_636.jpg
191078306,Venta de mono ambiente en Las Grutas Punta Ballena Syrah,145000.0,0.0,1.0,32.0,65.0,Playa las Grutas,0,0,2022.0,,False,1,https://www.infocasas.com.uy/venta-de-mono-ambiente-en-las-grutas-punta-ballena-syrah/191078306,https://cdn1.infocasas.com.uy/repo/img/1189_MYT-4780-TRA_927.jpg
191079005,Apartamento en Roosevelt,157164.0,1.0,1.0,44.0,40.0,Roosevelt,-34.9308664,-54.943319,,,False,1,https://www.infocasas.com.uy/apartamento-en-roosevelt/191079005,https://cdn1.infocasas.com.uy/web/667fbbbf325a1_infocdn.jpg
191069186,Punta del Este Venta Departamento Surfside al 1405 TM4490400,993300.0,1.0,1.0,171.0,171.0,Rincón del Indio,-34.919337557,-54.8729606157,,,False,1,https://www.infocasas.com.uy/punta-del-este-venta-departamento-surfside-al-1405-tm4490400/191069186,https://cdn1.infocasas.com.uy/web/68316b4a1f57a_infocdn.jpg
190930227,Venta apartamento 3 dormitorios Punta del Este,370000.0,3.0,3.0,120.0,95.0,Roosevelt,-34.9444823,-54.929404,,,False,1,https://www.infocasas.com.uy/venta-apartamento-3-dormitorios-punta-del-este/190930227,https://cdn1.infocasas.com.uy/web/6617c55dd7579_infocdn.jpg
191000724,Departamento - Playa Brava,900000.0,3.0,3.0,194.0,181.0,Playa Brava,-34.9580129,-54.9376273,,,False,1,https://www.infocasas.com.uy/departamento-playa-brava/191000724,https://cdn1.infocasas.com.uy/web/664781f52ad1b_infocdn.jpg
189692182,"Venta de apartamento en la Peninsula, 1 dormitorio, 2 baños, piscina, servicios.",250000.0,1.0,2.0,70.0,70.0,Península,0,0,,,False,1,https://www.infocasas.com.uy/venta-de-apartamento-en-la-peninsula-1-dormitorio-2-baños-piscina-servicios/189692182,https://cdn1.infocasas.com.uy/repo/img/204201_SNA-168577-TRA_787.jpg
188490472,1 - Complejo Solanas,200000.0,0.0,1.0,54.0,54.0,Punta Ballena,-34.8806198,-55.0480649,,,False,1,https://www.infocasas.com.uy/1-complejo-solanas/188490472,https://cdn1.infocasas.com.uy/web/6480941c88c0a_infocdn.jpg
189728429,"Piso alto en torre de lujo, a estrenar, parrillero propio, garaje. Losa radiante",330000.0,2.0,2.0,94.0,94.0,Playa Mansa,0,0,2022.0,,False,1,https://www.infocasas.com.uy/piso-alto-en-torre-de-lujo-a-estrenar-parrillero-propio-garaje-losa-radiante/189728429,https://cdn1.infocasas.com.uy/repo/img/243_NYP-39118-TRA_84.jpg
190966467,Apartamento - Maldonado,500000.0,2.0,2.0,147.0,108.0,Playa Mansa,-34.9154409,-54.9789119,,,False,1,https://www.infocasas.com.uy/apartamento-maldonado/190966467,https://cdn1.infocasas.com.uy/web/661ee34b42a88_infocdn.jpg
188678691,1 - Walmer Lagoon  212,387500.0,2.0,2.0,130.0,85.0,Playa Mansa,-34.908625,-55.00564,,,False,1,https://www.infocasas.com.uy/1-walmer-lagoon-212/188678691,https://cdn1.infocasas.com.uy/web/648096a3dbc9e_infocdn.jpg
188489730,"Venta apartamento 2 dormitorios, sobre el Mar!",650000.0,2.0,2.0,140.0,100.0,Punta Ballena,-34.9069959,-55.0447869,,,False,1,https://www.infocasas.com.uy/venta-apartamento-2-dormitorios-sobre-el-mar/188489730,https://cdn1.infocasas.com.uy/web/6877596f9fdd5_infocdn.jpg
186121999,Departamento en venta y alquiler en Manantiales - LAP2137017,224000.0,2.0,2.0,74.0,74.0,Manantiales,-34.904313,-54.8265644,,,False,1,https://www.infocasas.com.uy/departamento-en-venta-y-alquiler-en-manantiales-lap2137017/186121999,https://cdn1.infocasas.com.uy/web/65a542181cc5f_infocdn.jpg
193718664,Apartamento en venta parada 33 de la mansa,490000.0,3.0,3.0,173.0,125.0,Maldonado,-34.91325164448857,-54.98974549679508,2026.0,,False,1,https://www.infocasas.com.uy/apartamento-en-venta-parada-33-de-la-mansa/193718664,https://cdn1.infocasas.com.uy/repo/img/175500891_89526_73.jpg
193697016,Manglar Albor - Ideal Inversión en Playa Brava,215000.0,1.0,1.0,47.0,57.0,Playa Brava,-34.950687942973204,-54.929940098858616,2026.0,,False,1,https://www.infocasas.com.uy/manglar-albor-ideal-inversion-en-playa-brava/193697016,https://cdn1.infocasas.com.uy/repo/img/176810136_GYC-470-TRA_427.jpg
193025763,Apartamento en venta en Aidy Grill,319000.0,2.0,2.0,80.0,63.0,Aidy Grill,-34.95277635580759,-54.936337711850356,2026.0,,False,1,https://www.infocasas.com.uy/apartamento-en-venta-en-aidy-grill/193025763,https://cdn1.infocasas.com.uy/repo/img/175500891_74216_822.jpg
291344,"Venta o alquiler anual, Departamento en Península",250000.0,2.0,2.0,85.0,85.0,Península,-32.522779,-55.765835,,,False,1,https://www.infocasas.com.uy/venta-o-alquiler-anual-departamento-en-peninsula/291344,https://cdn1.infocasas.com.uy/web/646889a4eabfc_infocdn.jpg
185936931,"Exclusivo Penthouse en Torre Aquarela, piscina de uso exclusivo con vista a Punta Ballena !",2800000.0,3.0,3.0,538.0,450.0,Playa Mansa,-34.9277614002,-54.9608146667,,,False,1,https://www.infocasas.com.uy/exclusivo-penthouse-en-torre-aquarela-piscina-de-uso-exclusivo-con-vista-a-punta-ballena-/185936931,https://cdn1.infocasas.com.uy/web/66221dd89c434_infocdn.jpg
192752044,Monoambiente en venta complejo Green Park,130000.0,0.0,1.0,40.0,40.0,Portezuelo,-34.87985817978563,-55.04830007751463,,,False,1,https://www.infocasas.com.uy/monoambiente-en-venta-complejo-green-park/192752044,https://cdn1.infocasas.com.uy/repo/img/261_GII-2999-TRA_624.jpg
187757622,Apartamento - Solanas,225000.0,0.0,1.0,40.0,40.0,Solanas,-34.8757275,-55.049169,,,False,1,https://www.infocasas.com.uy/apartamento-solanas/187757622,https://cdn1.infocasas.com.uy/web/610473a86b38b_infocdn.jpg#HASTH
188360779,Apartamento - Roosevelt,165000.0,1.0,1.0,61.0,61.0,Roosevelt,-34.9263198,-54.9486407,,,False,1,https://www.infocasas.com.uy/apartamento-roosevelt/188360779,https://cdn1.infocasas.com.uy/web/6154d06a20def_infocdn.jpg#HASTH
191209891,Venta Apartamento 2 dormitorios La Pastora Punta del Este Torre con amenities,355000.0,2.0,3.0,80.0,80.0,La Pastora,-34.9519368,-54.9359965,,,False,1,https://www.infocasas.com.uy/venta-apartamento-2-dormitorios-la-pastora-punta-del-este-torre-con-amenities/191209891,https://cdn1.infocasas.com.uy/web/66b471c04853e_infocdn.jpg
186742932,Departamento - Punta del Este,890000.0,5.0,0.0,227.0,227.0,Punta del Este,-34.9615493,-54.9458188,,,False,1,https://www.infocasas.com.uy/departamento-punta-del-este/186742932,https://cdn1.infocasas.com.uy/web/61046426b88ae_infocdn.jpg#HASTH
190278228,Apartamento frente al mar de tres dormitorios en Penisnula de Punta del este,700000.0,3.0,2.0,115.0,154.0,Península,0,0,,,False,1,https://www.infocasas.com.uy/apartamento-frente-al-mar-de-tres-dormitorios-en-penisnula-de-punta-del-este/190278228,https://cdn1.infocasas.com.uy/repo/img/405_CCP-34419-TRA_515.jpg
190848750,Apartamento Dos Dormitorios a Estrenar en Maldonado,125000.0,2.0,1.0,57.0,93.0,Maldonado,0,0,2023.0,,False,1,https://www.infocasas.com.uy/apartamento-dos-dormitorios-a-estrenar-en-maldonado/190848750,https://cdn1.infocasas.com.uy/repo/img/405_CCP-34524-TRA_426.jpg
191346757,"Art Tower en venta de tres dormitorios, Punta del Este.",550000.0,3.0,3.0,135.0,165.0,Playa Mansa,-34.95181136319372,-54.93605767686847,,,False,1,https://www.infocasas.com.uy/art-tower-en-venta-de-tres-dormitorios-punta-del-este/191346757,https://cdn1.infocasas.com.uy/repo/img/405_CCP-32038-TRA_967.jpg
191445295,Apartamento de un dormitorio en edificio Surfside,495000.0,1.0,2.0,80.0,115.0,Playa Brava,0,0,2022.0,,False,1,https://www.infocasas.com.uy/apartamento-de-un-dormitorio-en-edificio-surfside/191445295,https://cdn1.infocasas.com.uy/repo/img/405_CCP-36905-TRA_706.jpg
192185324,Walmer Lagoon en venta,395000.0,2.0,3.0,83.0,143.0,Playa Mansa,-34.91004881401068,-55.00319861342773,2022.0,,False,1,https://www.infocasas.com.uy/walmer-lagoon-en-venta/192185324,https://cdn1.infocasas.com.uy/repo/img/405_CCP-34762-TRA_916.jpg
192193494,"Venta y alquiler anual o invernal de apartamento en Playa Brava, Punta del Este",310000.0,2.0,2.0,90.0,110.0,Playa Brava,0,0,,,False,1,https://www.infocasas.com.uy/venta-y-alquiler-anual-o-invernal-de-apartamento-en-playa-brava-punta-del-este/192193494,https://cdn1.infocasas.com.uy/repo/img/405_CCP-25860-TRA_189.jpg
192089337,Apartamento de lujo en Surfside – Doceava Planta con Vistas Increíbles,458700.0,1.0,2.0,80.0,115.0,Playa Brava,0,0,2022.0,,False,1,https://www.infocasas.com.uy/apartamento-de-lujo-en-surfside-–-doceava-planta-con-vistas-increibles/192089337,https://cdn1.infocasas.com.uy/repo/img/405_CCP-37867-TRA_928.jpg
192324072,Espectaculares residencias  a estrenar en  Bikini Beach Manantiales,3800000.0,4.0,4.0,275.0,0.0,Manantiales,-34.905334376678205,-54.829249431686385,,,False,1,https://www.infocasas.com.uy/espectaculares-residencias-a-estrenar-en-bikini-beach-manantiales/192324072,https://cdn1.infocasas.com.uy/repo/img/405_CCP-32075-TRA_764.jpg
193241363,Hermoso Apartamento en excelente ubicación en Punta Del Este,175000.0,2.0,1.0,57.0,86.0,Roosevelt,0,0,,,False,1,https://www.infocasas.com.uy/hermoso-apartamento-en-excelente-ubicacion-en-punta-del-este/193241363,https://cdn1.infocasas.com.uy/repo/img/405_CCP-39498-TRA_96.jpg
191550585,"Apartamento de tres dormitorios en venta, ARTOWER Punta del Este",650000.0,3.0,3.0,135.0,162.0,Playa Mansa,0,0,,,False,1,https://www.infocasas.com.uy/apartamento-de-tres-dormitorios-en-venta-artower-punta-del-este/191550585,https://cdn1.infocasas.com.uy/repo/img/405_CCP-32732-TRA_485.jpg
191180345,Apartamento de 2 Dormitorios en Venta Maldonado a metros del nuevo shopping,149500.0,2.0,1.0,48.0,52.0,Maldonado,0,0,,,False,1,https://www.infocasas.com.uy/apartamento-de-2-dormitorios-en-venta-maldonado-a-metros-del-nuevo-shopping/191180345,https://cdn1.infocasas.com.uy/repo/img/405_CCP-36711-TRA_779.jpg
191769231,Departamento Dos Ambientes en PUnta del Este,185000.0,1.0,1.0,51.0,73.0,Aidy Grill,-34.9133672,-54.9426425,2025.0,,False,1,https://www.infocasas.com.uy/departamento-dos-ambientes-en-punta-del-este/191769231,https://cdn1.infocasas.com.uy/repo/img/405_CCP-37338-TRA_268.jpg
193604042,Departamento - Bikini,660000.0,2.0,3.0,125.0,100.0,Manantiales,-34.9055325,-54.8262571,,,False,1,https://www.infocasas.com.uy/departamento-bikini/193604042,https://cdn1.infocasas.com.uy/web/69d6043c6a5e4_infocdn.jpg
193540101,Departamento en Roosevelt,167000.0,1.0,1.0,66.0,51.0,Roosevelt,-34.9166582,-54.9588008,,,False,1,https://www.infocasas.com.uy/departamento-en-roosevelt/193540101,https://cdn1.infocasas.com.uy/web/69bbbbd9b1f41_infocdn.jpg
193666280,Departamento en Venta Manantiales Sense Edificio 2 TM7950398,2500000.0,4.0,3.0,469.0,235.0,Manantiales,-34.9063243776,-54.8375867509,,,False,1,https://www.infocasas.com.uy/departamento-en-venta-manantiales-sense-edificio-2-tm7950398/193666280,https://cdn1.infocasas.com.uy/web/69e9c204ad68d_infocdn.jpg
193025569,Apartamento en venta de un dormitorio en Punta del Este,272000.0,2.0,1.0,80.0,0.0,Roosevelt,0,0,,,False,1,https://www.infocasas.com.uy/apartamento-en-venta-de-un-dormitorio-en-punta-del-este/193025569,https://cdn1.infocasas.com.uy/repo/img/173012432_NDM-12587-TRA_959.jpg
193587086,"View 2, planta 01. Piso alto. REVENTA. Losa radiante. Garaje",230000.0,1.0,1.0,53.0,75.0,Aidy Grill,-34.94482072422824,-54.93081115653381,2026.0,,False,1,https://www.infocasas.com.uy/view-2-planta-01-piso-alto-reventa-losa-radiante-garaje/193587086,https://cdn1.infocasas.com.uy/repo/img/243_NYP-41044-TRA_366.jpg
193569308,Apartamento en venta de 3 dormitorios frente al.mar,490000.0,3.0,3.0,121.0,159.0,Pinares,0,0,,,False,1,https://www.infocasas.com.uy/apartamento-en-venta-de-3-dormitorios-frente-almar/193569308,https://cdn1.infocasas.com.uy/repo/img/883204_EADM-2198-TRA_301.jpg
193586561,"Venta de apartamento con vista al mar y muy luminoso de 2 dormitorios con 2 baños, Playa Brava Aidy Grill, Punta del Este",395000.0,2.0,2.0,98.0,125.0,Aidy Grill,0,0,2021.0,,False,1,https://www.infocasas.com.uy/venta-de-apartamento-con-vista-al-mar-y-muy-luminoso-de-2-dormitorios-con-2-baños-playa-brava-aidy-grill-punta-del-este/193586561,https://cdn1.infocasas.com.uy/repo/img/173898037_BYH-6873-TRA_182.jpg
193529508,Apartamento En Venta - Zona Aidy Grill,255000.0,2.0,2.0,68.0,102.0,Aidy Grill,0,0,,,False,1,https://www.infocasas.com.uy/apartamento-en-venta-zona-aidy-grill/193529508,https://cdn1.infocasas.com.uy/repo/img/173255338_EV-4330-TRA_4.jpg
193539925,Apartamento en Venetian Parada 16 Mansa,875000.0,2.0,3.0,168.0,124.0,Playa Mansa,-34.918002,-54.9765911,,,False,1,https://www.infocasas.com.uy/apartamento-en-venetian-parada-16-mansa/193539925,https://cdn1.infocasas.com.uy/web/69bbb0b1455f3_infocdn.jpg
193692157,2 dormitorios a estrenar en Maldonado!,115000.0,2.0,1.0,55.0,55.0,Maldonado,0,0,,,False,1,https://www.infocasas.com.uy/2-dormitorios-a-estrenar-en-maldonado/193692157,https://cdn1.infocasas.com.uy/repo/img/261_GII-3774-TRA_214.jpg
192606338,"Venta Apartamento dos dormitorios, Punta del este.",185000.0,2.0,1.0,60.0,60.0,Roosevelt,-34.9132424,-54.9596503,,,False,1,https://www.infocasas.com.uy/venta-apartamento-dos-dormitorios-punta-del-este/192606338,https://cdn1.infocasas.com.uy/web/686a1bb50ceb3_infocdn.jpg
193713671,"TORRE 2, MORE ATLANTICO, 1 DORM.PISO 7 C/AMENITIES",178000.0,1.0,1.0,45.0,0.0,Roosevelt,-34.9262587,-54.9476103,2026.0,,False,1,https://www.infocasas.com.uy/torre-2-more-atlantico-1-dormpiso-7-camenities/193713671,https://cdn1.infocasas.com.uy/repo/img/13651_UY.42.1.190.240_293.jpg
193752697,venta casa Chacras del Pinar 3 dorm,178000.0,3.0,2.0,85.0,0.0,Punta Ballena,-34.882841,-55.0105864,2024.0,,False,1,https://www.infocasas.com.uy/venta-casa-chacras-del-pinar-3-dorm/193752697,https://cdn1.infocasas.com.uy/repo/img/13651_UY.42.1.96.94.V11_71.jpg
193562724,(BPV-BPV-8880)  Apartamento EN venta 3 DORMITORIOS,760000.0,3.0,3.0,162.0,140.0,Manantiales,-34.905078,-54.8281102,,,False,1,https://www.infocasas.com.uy/bpvbpv8880-apartamento-en-venta-3-dormitorios/193562724,https://cdn1.infocasas.com.uy/repo/img/279_BPV-BPV-8880_989.jpg
193603885,"Si sueñas con una propiedad en un barrio cerrado, con piscina propia, amplio parrillero techado con un living exterior esta es tu mejor inversión",348000.0,3.0,2.0,180.0,180.0,Playa las Grutas,0,0,,,False,1,https://www.infocasas.com.uy/si-sueñas-con-una-propiedad-en-un-barrio-cerrado-con-piscina-propia-amplio-parrillero-techado-con-un-living-exterior-esta-es-tu-mejor-inversion/193603885,https://cdn1.infocasas.com.uy/repo/img/175664160_ASZ-4272-TRA_813.jpg
193633106,Apartamento 3 dormitorios en View II,445000.0,3.0,2.0,120.0,0.0,Playa Brava,-34.9445152,-54.9164532,,,False,1,https://www.infocasas.com.uy/apartamento-3-dormitorios-en-view-ii/193633106,https://cdn1.infocasas.com.uy/web/69df3de3989a2_infocdn.jpg
193444549,"En venta impecable apartamento de 2 dormitorios en Mansa, Punta del Este.",765000.0,2.0,2.0,82.0,90.0,Playa Mansa,0,0,2021.0,,False,1,https://www.infocasas.com.uy/en-venta-impecable-apartamento-de-2-dormitorios-en-mansa-punta-del-este/193444549,https://cdn1.infocasas.com.uy/repo/img/173012432_NDM-25092-TRA_985.jpg
193688094,Departamento en venta 3 dormitorios - Playa Mansa,710000.0,3.0,2.0,138.0,138.0,Playa Mansa,-34.9571261,-54.940477,,,False,1,https://www.infocasas.com.uy/departamento-en-venta-3-dormitorios-playa-mansa/193688094,https://cdn1.infocasas.com.uy/web/69f1cdb342cf3_infocdn.jpg
193680555,"Es la elección perfecta, 2 dormitorios en edificio Look Brava",390000.0,2.0,2.0,122.0,134.0,Playa Brava,0,0,,,False,1,https://www.infocasas.com.uy/es-la-eleccion-perfecta-2-dormitorios-en-edificio-look-brava/193680555,https://cdn1.infocasas.com.uy/repo/img/173012432_NDM-19534-TRA_147.jpg
192634967,"Departamento en  venta, 2 dormitorios, proyecto en Playa Mansa",240000.0,2.0,2.0,83.0,69.0,Playa Mansa,-34.9211346,-54.971274,,,False,1,https://www.infocasas.com.uy/departamento-en-venta-2-dormitorios-proyecto-en-playa-mansa/192634967,https://cdn1.infocasas.com.uy/web/6874cba4ec4af_infocdn.jpg
192635008,Departamento 3 dormitorios en venta y alquiler temporario Playa Mansa,480000.0,3.0,2.0,104.0,72.0,Playa Mansa,-34.9120519,-54.9885502,,,False,1,https://www.infocasas.com.uy/departamento-3-dormitorios-en-venta-y-alquiler-temporario-playa-mansa/192635008,https://cdn1.infocasas.com.uy/web/6874cd6db2312_infocdn.jpg
192529844,VENTA APARTAMENTO 1 DORMITORIO 1 BAÑO ROOSEVELT,128493.0,1.0,1.0,41.0,41.0,Roosevelt,0,0,,,False,1,https://www.infocasas.com.uy/venta-apartamento-1-dormitorio-1-baño-roosevelt/192529844,https://cdn1.infocasas.com.uy/repo/img/173890249_REI-10862-TRA_27.jpg
191987922,Apartamento de Lujo a Estrenar en Roosevelt: 1 Dormitorio con Garaje Incluido,148000.0,1.0,1.0,38.0,38.0,Roosevelt,-34.9318414,-54.9429892,,,False,1,https://www.infocasas.com.uy/apartamento-de-lujo-a-estrenar-en-roosevelt-1-dormitorio-con-garaje-incluido/191987922,https://cdn1.infocasas.com.uy/web/67a7197dae31c_infocdn.jpg
192635320,venta monoambiente piscina privada - Punta Ballena,240000.0,0.0,1.0,124.0,59.0,Punta Ballena,-34.9155318,-55.0469133,,,False,1,https://www.infocasas.com.uy/venta-monoambiente-piscina-privada-punta-ballena/192635320,https://cdn1.infocasas.com.uy/web/6874db9d0327b_infocdn.jpg
192587069,VENTA DEPARTAMENTO A ESTRENAR EN PENINSULA PUNTA DEL ESTE,154750.0,1.0,1.0,48.0,48.0,Península,-34.96519651124592,-54.94514768321989,2024.0,,False,1,https://www.infocasas.com.uy/venta-departamento-a-estrenar-en-peninsula-punta-del-este/192587069,https://cdn1.infocasas.com.uy/repo/img/173608396_HAUS-2601-TRA_758.jpg
192635189,Penthouse espectacular en Playa Brava  ,1250000.0,3.0,3.0,400.0,400.0,Playa Brava,-34.9405696,-54.9130865,,,False,1,https://www.infocasas.com.uy/penthouse-espectacular-en-playa-brava-/192635189,https://cdn1.infocasas.com.uy/web/6874d5227347b_infocdn.jpg
190928753,Venta Apartamento Monoambiente Playa Mansa Punta del Este,185000.0,0.0,1.0,67.0,35.0,Playa Mansa,-34.9368789,-54.9281496,,,False,1,https://www.infocasas.com.uy/venta-apartamento-monoambiente-playa-mansa-punta-del-este/190928753,https://cdn1.infocasas.com.uy/web/6617a540ca1ce_infocdn.jpg
190930217,Departamento - Roosevelt,198000.0,1.0,1.0,47.0,42.0,Roosevelt,-34.9238326,-54.9510457,,,False,1,https://www.infocasas.com.uy/departamento-roosevelt/190930217,https://cdn1.infocasas.com.uy/web/6617c50da5915_infocdn.jpg
190930836,Venta Apartamento 2 dormitorios 2 baño en Manantiales Punta del Este,320000.0,2.0,2.0,54.0,54.0,Manantiales,-34.904942,-54.8277514,,,False,1,https://www.infocasas.com.uy/venta-apartamento-2-dormitorios-2-baño-en-manantiales-punta-del-este/190930836,https://cdn1.infocasas.com.uy/web/661849d39e044_infocdn.jpg
190927263,Piso alto en Roosevelt,380000.0,2.0,2.0,95.0,70.0,Roosevelt,-34.9371932,-54.9359533,,,False,1,https://www.infocasas.com.uy/piso-alto-en-roosevelt/190927263,https://cdn1.infocasas.com.uy/web/662a055937f10_infocdn.jpg
190927449,Brava,880000.0,3.0,3.0,199.0,172.0,Playa Brava,-34.9469,-54.92335,,,False,1,https://www.infocasas.com.uy/brava/190927449,https://cdn1.infocasas.com.uy/web/66485d3b46ac3_infocdn.jpg
190928856,Apartamento en Brava,195000.0,3.0,2.0,104.0,92.0,Playa Brava,-34.9540328,-54.934867,,,False,1,https://www.infocasas.com.uy/apartamento-en-brava/190928856,https://cdn1.infocasas.com.uy/web/6617a7d15425e_infocdn.jpg
190999912,Departamento - Playa Brava,1400000.0,3.0,3.0,310.0,226.0,Playa Brava,-34.9461801,-54.9228401,,,False,1,https://www.infocasas.com.uy/departamento-playa-brava/190999912,https://cdn1.infocasas.com.uy/web/664701b300741_infocdn.jpg
190929123,A estrenar,220000.0,1.0,1.0,64.0,47.0,Roosevelt,-34.9429515,-54.9309942,,,False,1,https://www.infocasas.com.uy/a-estrenar/190929123,https://cdn1.infocasas.com.uy/web/6617b3626b2da_infocdn.jpg
190925991,VENTA APARTAMENTO- Punta del Este,800000.0,4.0,3.0,172.0,172.0,Punta del Este,-34.9541392,-54.9350648,,,False,1,https://www.infocasas.com.uy/venta-apartamento-punta-del-este/190925991,https://cdn1.infocasas.com.uy/web/6601d3edee926_infocdn.jpg
190930479,Venta Departamento Punta Ballena  Parrillero Propio,421850.0,2.0,1.0,114.0,114.0,Punta Ballena,-34.9065413,-55.0415859,,,False,1,https://www.infocasas.com.uy/venta-departamento-punta-ballena-parrillero-propio/190930479,https://cdn1.infocasas.com.uy/web/6617cd0011941_infocdn.jpg
190930508,Venta apartamento un dormitorio y medio playa brava Punta del Este,265000.0,1.0,1.0,66.0,47.0,Punta del Este,-34.9535363,-54.9353657,,,False,1,https://www.infocasas.com.uy/venta-apartamento-un-dormitorio-y-medio-playa-brava-punta-del-este/190930508,https://cdn1.infocasas.com.uy/web/6617ce4f076a8_infocdn.jpg
190925571,Apartamento frente al Oceano,370000.0,3.0,2.0,101.0,101.0,Península,-34.9368789,-54.9281496,,,False,1,https://www.infocasas.com.uy/apartamento-frente-al-oceano/190925571,https://cdn1.infocasas.com.uy/web/661798a7e88ea_infocdn.jpg
190931190,"Venta Departamento monoambiente, Solanas, Punta del Este",150000.0,0.0,1.0,53.0,32.0,Solanas,-34.8735338,-55.0485249,,,False,1,https://www.infocasas.com.uy/venta-departamento-monoambiente-solanas-punta-del-este/190931190,https://cdn1.infocasas.com.uy/web/6618581bc6a9a_infocdn.jpg
191000404,Departamento - Playa Brava,590000.0,4.0,3.0,224.0,176.0,Playa Brava,-34.9451124622,-54.9266812238,,,False,1,https://www.infocasas.com.uy/departamento-playa-brava/191000404,https://cdn1.infocasas.com.uy/web/664771336a4b5_infocdn.jpg
190924954,Appartment - Península,420000.0,3.0,2.0,144.0,132.0,Península,-34.9368789,-54.9281496,,,False,1,https://www.infocasas.com.uy/appartment-peninsula/190924954,https://cdn1.infocasas.com.uy/web/661790120ff96_infocdn.jpg
190929186,Departamento - Punta del Este,400000.0,3.0,2.0,152.0,115.0,Punta del Este,-34.9487536,-54.9291073,,,False,1,https://www.infocasas.com.uy/departamento-punta-del-este/190929186,https://cdn1.infocasas.com.uy/web/6617b62e45b67_infocdn.jpg
190929380,Departamento en Playa Mansa con 3 dormitorios,540000.0,3.0,3.0,184.0,130.0,Playa Mansa,-34.918002,-54.9765911,,,False,1,https://www.infocasas.com.uy/departamento-en-playa-mansa-con-3-dormitorios/190929380,https://cdn1.infocasas.com.uy/web/6617bbe9d0cb1_infocdn.jpg
191017582,Apartamento en Roosevelt,175200.0,1.0,1.0,55.0,50.0,Roosevelt,-34.9333546,-54.940614,,,False,1,https://www.infocasas.com.uy/apartamento-en-roosevelt/191017582,https://cdn1.infocasas.com.uy/web/665ac74c7c413_infocdn.jpg
191008459,Departamento - Montoya,234000.0,2.0,1.0,83.0,83.0,Montoya,-34.9151165,-54.8546442,,,False,1,https://www.infocasas.com.uy/departamento-montoya/191008459,https://cdn1.infocasas.com.uy/web/6651a8882c684_infocdn.jpg
190938766,Venta de apartamento 2 dormitorios- Playa Brava,240000.0,2.0,2.0,125.0,106.0,Punta del Este,-34.966957144260824,-54.94609639048576,,,False,1,https://www.infocasas.com.uy/venta-de-apartamento-2-dormitorios-playa-brava/190938766,https://cdn1.infocasas.com.uy/repo/img/251_ATM-AT2-5020_330.jpg
190184029,VENTA DE APARTAMENTO A ESTRENAR DE 2 DORMITORIOS EN EDIFICIO MIAMI BOULEVARD II PUNTA DEL ESTE,415000.0,2.0,2.0,78.0,93.0,Playa Mansa,0,0,2022.0,,False,1,https://www.infocasas.com.uy/venta-de-apartamento-a-estrenar-de-2-dormitorios-en-edificio-miami-boulevard-ii-punta-del-este/190184029,https://cdn1.infocasas.com.uy/repo/img/5226_NLV-220492-TRA_890.jpg
191989289,Departamento - Punta del Este,1150000.0,3.0,3.0,180.0,153.0,Playa Mansa,-34.930831998,-54.9553349758,,,False,1,https://www.infocasas.com.uy/departamento-punta-del-este/191989289,https://cdn1.infocasas.com.uy/web/67a74d3a171d9_infocdn.jpg
191643675,DIVINO! A estrenar con vista al mar y a pasos de la playa con todos los amenities!!,275000.0,2.0,2.0,65.0,80.0,Playa Brava,0,0,2021.0,,False,1,https://www.infocasas.com.uy/divino-a-estrenar-con-vista-al-mar-y-a-pasos-de-la-playa-con-todos-los-amenities/191643675,https://cdn1.infocasas.com.uy/repo/img/243_NYP-38656-TRA_868.jpg
191215282,Venta Apartamento a estrenar 1 dormitorio,154000.0,2.0,1.0,36.0,46.0,Maldonado,0,0,2024.0,,False,1,https://www.infocasas.com.uy/venta-apartamento-a-estrenar-1-dormitorio/191215282,https://cdn1.infocasas.com.uy/repo/img/694874_DMC-13460-TRA_235.jpg
191989127,Departamento con vista al mar a estrenar en Punta del Este,195000.0,1.0,1.0,50.0,50.0,Punta del Este,-34.9341794,-54.9539517,,,False,1,https://www.infocasas.com.uy/departamento-con-vista-al-mar-a-estrenar-en-punta-del-este/191989127,https://cdn1.infocasas.com.uy/web/67a745bfbe4a5_infocdn.jpg
190929158,Departamento - Playa Brava,285000.0,2.0,2.0,80.0,58.0,Playa Brava,-34.9581623,-54.936751,,,False,1,https://www.infocasas.com.uy/departamento-playa-brava/190929158,https://cdn1.infocasas.com.uy/web/6617b4c55c5fc_infocdn.jpg
190946404,Apartamento - Playa Mansa,700000.0,3.0,3.0,147.0,122.0,Playa Mansa,-34.9161684,-54.9767745,,,False,1,https://www.infocasas.com.uy/apartamento-playa-mansa/190946404,https://cdn1.infocasas.com.uy/web/6616c1ecc3c4c_infocdn.jpg
190947680,Apartamento en  Surfside - LAP5995453,624000.0,1.0,1.0,116.0,0.0,Playa Brava,-34.9445152,-54.9164532,,,False,1,https://www.infocasas.com.uy/apartamento-en-surfside-lap5995453/190947680,https://cdn1.infocasas.com.uy/web/6617e06201ea0_infocdn.jpg
191095232,VENTA APARTAMENTO 2 DORMITORIOS EN PLAYA BRAVA PUNTA DEL ESTE,400000.0,2.0,3.0,116.0,116.0,Playa Brava,0,0,,,False,1,https://www.infocasas.com.uy/venta-apartamento-2-dormitorios-en-playa-brava-punta-del-este/191095232,https://cdn1.infocasas.com.uy/repo/img/5226_NLV-222108-TRA_327.jpg
191068868,Moderno Departamento Primera Fila a Playa Brava en Venta - TM6008255,1250000.0,4.0,3.0,321.0,265.0,Playa Brava,-34.9234760502,-54.8820136362,,,False,1,https://www.infocasas.com.uy/moderno-departamento-primera-fila-a-playa-brava-en-venta-tm6008255/191068868,https://cdn1.infocasas.com.uy/web/667af74e1ccc6_infocdn.jpg
191989454,Departamento  duplex en venta y alquiler anual  frente al mar - Playa mansa -Punta del Este,550000.0,3.0,3.0,180.0,180.0,Playa Mansa,-34.9244017,-54.9653878,,,False,1,https://www.infocasas.com.uy/departamento-duplex-en-venta-y-alquiler-anual-frente-al-mar-playa-mansa-punta-del-este/191989454,https://cdn1.infocasas.com.uy/web/67a754849be26_infocdn.jpg
191988860,Departamento - Shopping,434000.0,2.0,2.0,101.0,81.0,Roosevelt,-34.92737,-54.9471974,,,False,1,https://www.infocasas.com.uy/departamento-shopping/191988860,https://cdn1.infocasas.com.uy/web/67a737e393404_infocdn.jpg
191779703,"Vende espectacular apartamento de 2 dormitorios en suite, con excelente vista en Punta del Este.",800000.0,2.0,2.0,125.0,160.0,Playa Mansa,0,0,2022.0,,False,1,https://www.infocasas.com.uy/vende-espectacular-apartamento-de-2-dormitorios-en-suite-con-excelente-vista-en-punta-del-este/191779703,https://cdn1.infocasas.com.uy/repo/img/173012432_NDM-24775-TRA_287.jpg
191532676,"Exclusivo Departamento en Le Jardin, Playa Mansa | Vista Mar - TM6467499",650000.0,3.0,3.0,123.0,123.0,Playa Mansa,-34.9311542,-54.9556826,,,False,1,https://www.infocasas.com.uy/exclusivo-departamento-en-le-jardin-playa-mansa-vista-mar-tm6467499/191532676,https://cdn1.infocasas.com.uy/web/6702338d6a672_infocdn.jpg
191988337,Excelente Apartamento 1 dormitorio - Punta del Este,150000.0,1.0,1.0,47.0,44.0,Punta del Este,-34.9368789,-54.9281496,,,False,1,https://www.infocasas.com.uy/excelente-apartamento-1-dormitorio-punta-del-este/191988337,https://cdn1.infocasas.com.uy/web/67a7276d0655f_infocdn.jpg
190226389,"Venta Apartamento Penthouse, Frente al mar",1100000.0,4.0,6.0,198.0,412.0,Playa Mansa,-34.90973361056597,-54.99733810623167,,,False,1,https://www.infocasas.com.uy/venta-apartamento-penthouse-frente-al-mar/190226389,https://cdn1.infocasas.com.uy/repo/img/949740_INV-1008-TRA_524.jpg
191079004,Apartamento en Roosevelt,222486.0,2.0,1.0,65.0,60.0,Roosevelt,-34.9159669517,-54.9611342005,,,False,1,https://www.infocasas.com.uy/apartamento-en-roosevelt/191079004,https://cdn1.infocasas.com.uy/web/667fbb9cab115_infocdn.jpg
191068452,Espectacular Departamento La Mejor Vista al Mar TM520649,420000.0,3.0,2.0,94.0,1.0,Península,-34.9662762,-54.9481952,,,False,1,https://www.infocasas.com.uy/espectacular-departamento-la-mejor-vista-al-mar-tm520649/191068452,https://cdn1.infocasas.com.uy/web/667ae88da6d84_infocdn.jpg
191068564,Espectacular Departamento Primera Fila a Playa Bikini - TM5483009,990000.0,4.0,3.0,130.0,115.0,Manantiales,-34.9066618924,-54.8271758947,,,False,1,https://www.infocasas.com.uy/espectacular-departamento-primera-fila-a-playa-bikini-tm5483009/191068564,https://cdn1.infocasas.com.uy/web/667aec2cd9c15_infocdn.jpg
190929923,Departamento - Playa Brava,259000.0,1.0,1.0,75.0,72.0,Roosevelt,-34.9445152,-54.9164532,,,False,1,https://www.infocasas.com.uy/departamento-playa-brava/190929923,https://cdn1.infocasas.com.uy/web/6617bcd680b42_infocdn.jpg
191351719,Divino Departamento en Playa Mansa con la Mejor Vista al Mar - TM6398025,450000.0,3.0,2.0,108.0,100.0,Playa Mansa,-34.9098816481,-54.997662534,,,False,1,https://www.infocasas.com.uy/divino-departamento-en-playa-mansa-con-la-mejor-vista-al-mar-tm6398025/191351719,https://cdn1.infocasas.com.uy/web/66dd49b05059c_infocdn.jpg
190944244,Apartamento Playa Brava en Venta bajos gastos comunes,170000.0,1.0,1.0,43.0,43.0,Playa Brava,0,0,,,False,1,https://www.infocasas.com.uy/apartamento-playa-brava-en-venta-bajos-gastos-comunes/190944244,https://cdn1.infocasas.com.uy/repo/img/5226_NLV-222368-TRA_56.jpg
190948238,"Apto, 2 dormitorios, edificio con amenities- Playa Brava",300000.0,2.0,2.0,93.0,76.0,Playa Brava,-34.9490631,-54.9299413,,,False,1,https://www.infocasas.com.uy/apto-2-dormitorios-edificio-con-amenities-playa-brava/190948238,https://cdn1.infocasas.com.uy/web/6617f941b2250_infocdn.jpg
189761370,"The Colette 257 m2, a estrenar, garaje y baulera",2000000.0,3.0,3.0,257.0,257.0,Montoya,0,0,2022.0,,False,1,https://www.infocasas.com.uy/the-colette-257-m2-a-estrenar-garaje-y-baulera/189761370,https://cdn1.infocasas.com.uy/repo/img/243_NYP-39145-TRA_675.jpg
190966519,Apartamento - Playa Mansa,760000.0,2.0,2.0,114.0,90.0,Playa Mansa,-34.928803,-54.9594977,,,False,1,https://www.infocasas.com.uy/apartamento-playa-mansa/190966519,https://cdn1.infocasas.com.uy/web/661ee4d68bd19_infocdn.jpg
192989632,Apartamento en venta c/ cochera en Piriápolis,184000.0,2.0,2.0,69.0,65.0,Piriápolis,-34.91103966293923,-56.20725350588929,2026.0,,False,1,https://www.infocasas.com.uy/apartamento-en-venta-c-cochera-en-piriapolis/192989632,https://cdn1.infocasas.com.uy/repo/img/175500891_73412_160.jpg
193569858,Ocean Drive Country II,185000.0,1.0,1.0,43.0,40.0,Punta del Este,-34.92622435185225,-54.94856072546996,2026.0,,True,1,https://www.infocasas.com.uy/ocean-drive-country-ii/193569858,https://cdn1.infocasas.com.uy/repo/img/39320_1054_289.jpg
193049212,Nirán,395000.0,3.0,3.0,175.0,103.0,Punta del Este,-34.904637778767274,-55.032712319364926,2027.0,,True,1,https://www.infocasas.com.uy/niran/193049212,https://cdn1.infocasas.com.uy/repo/img/39320_653_72.jpg
185684064,Venta ó alquiler apartamento de 4 dormitorios - Playa Brava,920000.0,4.0,3.0,214.0,214.0,Playa Brava,-34.9559887,-54.9379552,,,False,1,https://www.infocasas.com.uy/venta-o-alquiler-apartamento-de-4-dormitorios-playa-brava/185684064,https://cdn1.infocasas.com.uy/web/6537b5d5328da_infocdn.jpg
192474455,Apartamento en venta en pozo de 1 dormitorio,128500.0,1.0,1.0,42.2,35.5,Cantegril,-34.92720183073671,-54.96062087019996,2026.0,,False,1,https://www.infocasas.com.uy/apartamento-en-venta-en-pozo-de-1-dormitorio/192474455,https://cdn1.infocasas.com.uy/repo/img/175500891_61697_167.jpg
193425275,Apartamento en venta c/ cochera en Playa Mansa,280000.0,2.0,2.0,81.0,64.0,Playa Mansa,-34.9188848863607,-54.97827845151161,2026.0,,False,1,https://www.infocasas.com.uy/apartamento-en-venta-c-cochera-en-playa-mansa/193425275,https://cdn1.infocasas.com.uy/repo/img/175500891_82769_439.jpg
193590903,Apartamento 2 dormitorios a estrenar – More Atlántico II,245191.0,2.0,1.0,63.0,55.0,Punta del Este,-34.9191653,-54.9559513,,,False,1,https://www.infocasas.com.uy/apartamento-2-dormitorios-a-estrenar-–-more-atlantico-ii/193590903,https://cdn1.infocasas.com.uy/web/69cf684466200_infocdn.jpg
193603164,Venta y Alquiler Invernal,295000.0,2.0,2.0,75.0,75.0,Playa Mansa,0,0,,,False,1,https://www.infocasas.com.uy/venta-y-alquiler-invernal/193603164,https://cdn1.infocasas.com.uy/repo/img/895572_PUC-2682-TRA_152.jpg
193283906,"La inversión que estabas esperando. Torre en pozo, departamentos en venta en Punta del Este",210000.0,1.0,1.0,45.0,61.0,Playa Brava,0,0,,,False,1,https://www.infocasas.com.uy/la-inversion-que-estabas-esperando-torre-en-pozo-departamentos-en-venta-en-punta-del-este/193283906,https://cdn1.infocasas.com.uy/repo/img/261_GII-3377-TRA_427.jpg
193296270,Apartamento en venta c/ cochera en Playa Brava,352000.0,2.0,2.0,84.0,69.0,Playa Brava,-34.95080661627364,-54.92979664085126,2026.0,,False,1,https://www.infocasas.com.uy/apartamento-en-venta-c-cochera-en-playa-brava/193296270,https://cdn1.infocasas.com.uy/repo/img/173628908_75693_23.jpg
193351121,"TORRES DEL ESTE - Nuevo desarrollo de lujo en Av. Chiverta, Punta del Este",255000.0,2.0,2.0,75.0,90.0,Playa Mansa,0,0,2026.0,,False,1,https://www.infocasas.com.uy/torres-del-este-nuevo-desarrollo-de-lujo-en-av-chiverta-punta-del-este/193351121,https://cdn1.infocasas.com.uy/repo/img/176651596_VDS-4940-TRA_55.jpg
193366457,Venta de Apartamento 2 dormitorios con vista al mar en Aidy Grill,280000.0,0.0,2.0,82.0,0.0,Aidy Grill,-34.9482204,-54.9295258,,,False,1,https://www.infocasas.com.uy/venta-de-apartamento-2-dormitorios-con-vista-al-mar-en-aidy-grill/193366457,https://cdn1.infocasas.com.uy/web/698594a60a903_infocdn.jpg
193688870,Living Golf - Punta Ballena,305000.0,2.0,2.0,160.0,0.0,Punta Ballena,-34.868274675649,-55.055687427521,2026.0,,False,1,https://www.infocasas.com.uy/living-golf-punta-ballena/193688870,https://cdn1.infocasas.com.uy/repo/img/13651_UY.42.1.117.81_607.jpg
193604043,Departamento - Bikini,570000.0,2.0,3.0,107.0,90.0,Manantiales,-34.9055325,-54.8262571,,,False,1,https://www.infocasas.com.uy/departamento-bikini/193604043,https://cdn1.infocasas.com.uy/web/69d6045433ef0_infocdn.jpg
193713257,Espectacular unidad de 3 dormitorios con los mejores amenities!,550000.0,3.0,4.0,136.0,168.0,Aidy Grill,0,0,2019.0,,False,1,https://www.infocasas.com.uy/espectacular-unidad-de-3-dormitorios-con-los-mejores-amenities/193713257,https://cdn1.infocasas.com.uy/repo/img/176713292_ALX-1827-TRA_129.jpg
193748240,Apartamento en venta Punta Ballena Maldonado,157520.0,1.0,1.0,40.0,40.0,Punta Ballena,-34.9071893497725,-55.04037403037414,2025.0,,False,1,https://www.infocasas.com.uy/apartamento-en-venta-punta-ballena-maldonado/193748240,https://cdn1.infocasas.com.uy/repo/img/818959_RNV-1088-TRA_307.jpg
193161379,Departamento 3 dormitorios en playa brava ,980000.0,3.0,2.0,246.0,221.0,Playa Brava,-34.9445152,-54.9164532,,,False,1,https://www.infocasas.com.uy/departamento-3-dormitorios-en-playa-brava-/193161379,https://cdn1.infocasas.com.uy/web/692f491fc6de6_infocdn.jpg
193206732,Le Parc 4,1600000.0,4.0,5.0,245.0,262.0,Playa Brava,-34.947924,-54.92697649999999,2024.0,,False,1,https://www.infocasas.com.uy/le-parc-4/193206732,https://cdn1.infocasas.com.uy/repo/img/256162_MKT-7727-TRA_106.jpg
193156969,Venta Apartamento 2 dormitorios Península Punta Del Este,259000.0,2.0,2.0,98.0,71.0,Península,-34.961542,-54.9431395,,,False,1,https://www.infocasas.com.uy/venta-apartamento-2-dormitorios-peninsula-punta-del-este/193156969,https://cdn1.infocasas.com.uy/web/692df1c525230_infocdn.jpg
193178881,Venta apartamento 2 dormitorios peninsula punta del este,185000.0,2.0,1.0,50.0,0.0,Península,0,0,,,False,1,https://www.infocasas.com.uy/venta-apartamento-2-dormitorios-peninsula-punta-del-este/193178881,https://cdn1.infocasas.com.uy/repo/img/694874_DMC-15113-TRA_885.jpg
193319950,Apartamento en construcción en la Mansa 1 dormitorio con parrillero,149000.0,1.0,1.0,46.0,0.0,Playa Mansa,0,0,2018.0,,False,1,https://www.infocasas.com.uy/apartamento-en-construccion-en-la-mansa-1-dormitorio-con-parrillero/193319950,https://cdn1.infocasas.com.uy/repo/img/173012432_NDM-28581-TRA_140.jpg
193252076,"En venta espectacular apartamento de 4 dormitorios en Manantiales, con vista al mar, y parrillero exclusivo",1380000.0,4.0,5.0,250.0,250.0,Manantiales,0,0,,,False,1,https://www.infocasas.com.uy/en-venta-espectacular-apartamento-de-4-dormitorios-en-manantiales-con-vista-al-mar-y-parrillero-exclusivo/193252076,https://cdn1.infocasas.com.uy/repo/img/173012432_NDM-28358-TRA_575.jpg
193545435,Departamento en  Ocean Drive II,250000.0,2.0,2.0,83.0,67.0,Playa Brava,-34.9445152,-54.9164532,,,False,1,https://www.infocasas.com.uy/departamento-en-ocean-drive-ii/193545435,https://cdn1.infocasas.com.uy/web/69bcfa2ea02db_infocdn.jpg
193511979,Venta apartamento dos dormitorios Punta del este Playa Mansa Parrillero propio,220000.0,2.0,2.0,63.0,63.0,Playa Mansa,0,0,2025.0,,False,1,https://www.infocasas.com.uy/venta-apartamento-dos-dormitorios-punta-del-este-playa-mansa-parrillero-propio/193511979,https://cdn1.infocasas.com.uy/repo/img/173211400_SPP-16911-TRA_892.jpg
193650348,Apartamento en venta c/ cochera en P. Ballena,676233.0,4.0,3.0,178.0,164.0,Punta Ballena,-34.910934683122086,-55.0126634932991,2026.0,,False,1,https://www.infocasas.com.uy/apartamento-en-venta-c-cochera-en-p-ballena/193650348,https://cdn1.infocasas.com.uy/repo/img/173628908_87381_640.jpg
193101891,Departamento - Playa Brava,1516000.0,3.0,3.0,262.0,177.0,Playa Brava,-34.9581623,-54.936751,,,False,1,https://www.infocasas.com.uy/departamento-playa-brava/193101891,https://cdn1.infocasas.com.uy/web/69182679ddb35_infocdn.jpg
193075917,Una planta espectacular planta frente a la playa Brava,1200000.0,3.0,3.0,194.0,161.0,Playa Brava,0,0,2021.0,,False,1,https://www.infocasas.com.uy/una-planta-espectacular-planta-frente-a-la-playa-brava/193075917,https://cdn1.infocasas.com.uy/repo/img/5226_NLV-224140-TRA_549.jpg
193139978,Apartamento en venta y alquiler anual de 2 dormitorios y dependencia playa brava full amenities,450000.0,3.0,3.0,113.0,113.0,Playa Brava,-34.9445152,-54.9164532,,,False,1,https://www.infocasas.com.uy/apartamento-en-venta-y-alquiler-anual-de-2-dormitorios-y-dependencia-playa-brava-full-amenities/193139978,https://cdn1.infocasas.com.uy/web/6926ad93a472d_infocdn.jpg
192821361,DEPARTAMENTO EN VENTA- EDIFICIO MBURUCUYA,175000.0,2.0,1.0,50.0,47.0,Aidy Grill,-34.9507595,-54.9337568,,,False,1,https://www.infocasas.com.uy/departamento-en-venta-edificio-mburucuya/192821361,https://cdn1.infocasas.com.uy/web/68b69244897e3_infocdn.jpg
193540024,Venta Departamento Trump Tower 2 suites Playa Brava,850000.0,2.0,2.0,162.0,119.0,Playa Brava,-34.9459303486,-54.922413826,,,False,1,https://www.infocasas.com.uy/venta-departamento-trump-tower-2-suites-playa-brava/193540024,https://cdn1.infocasas.com.uy/web/69bbb836e2464_infocdn.jpg
192853974,Departamento en venta 1 dormitorio y medio - Península,168000.0,1.0,2.0,53.0,53.0,Península,-34.9590455,-54.9406993,,,False,1,https://www.infocasas.com.uy/departamento-en-venta-1-dormitorio-y-medio-peninsula/192853974,https://cdn1.infocasas.com.uy/web/68c138e08fdc4_infocdn.jpg
192965413,"Venta y Alquiler Temporada Apartamento 3 Dormitorios y Dependencia, Punta del Este, Piso Alto",350000.0,3.0,3.0,120.0,101.0,Playa Mansa,-34.9428691,-54.944807,,,False,1,https://www.infocasas.com.uy/venta-y-alquiler-temporada-apartamento-3-dormitorios-y-dependencia-punta-del-este-piso-alto/192965413,https://cdn1.infocasas.com.uy/web/695379f77ca85_infocdn.jpg
192853342,En venta departamento de 2 dormitorios y 2 baños Punta del Este,420000.0,2.0,2.0,100.0,100.0,Playa Brava,0,0,,,False,1,https://www.infocasas.com.uy/en-venta-departamento-de-2-dormitorios-y-2-baños-punta-del-este/192853342,https://cdn1.infocasas.com.uy/repo/img/176030818_CDV-899-TRA_37.jpg
193749841,Apartamento en construcción en la Mansa 1 dormitorio con parrillero,149000.0,1.0,1.0,46.0,0.0,Playa Mansa,0,0,2018.0,,False,1,https://www.infocasas.com.uy/apartamento-en-construccion-en-la-mansa-1-dormitorio-con-parrillero/193749841,https://cdn1.infocasas.com.uy/repo/img/173224178_ARE-5706-TRA_772.jpg
192854227,Apartamento en Punta del Este - Casino Tower,410000.0,2.0,2.0,110.0,95.0,Playa Mansa,-34.918002,-54.9765911,,,False,1,https://www.infocasas.com.uy/apartamento-en-punta-del-este-casino-tower/192854227,https://cdn1.infocasas.com.uy/web/68c14912149f9_infocdn.jpg
193489982,CIPRIANI PUNTA DEL ESTE HALF FLOOR,4378000.0,3.0,3.0,277.0,400.0,Playa Brava,0,0,2028.0,,False,1,https://www.infocasas.com.uy/cipriani-punta-del-este-half-floor/193489982,https://cdn1.infocasas.com.uy/repo/img/256162_MKT-7996-TRA_733.jpg
192129983,SENSE Manantiales,490000.0,2.0,2.0,111.0,205.0,Manantiales,0,0,,,False,1,https://www.infocasas.com.uy/sense-manantiales/192129983,https://cdn1.infocasas.com.uy/repo/img/256162_MKT-6987-TRA_601.jpg
192078317,VENTA DEPARTAMENTO A ESTRENAR WALMER LAGOON PLAYA MANSA,340000.0,2.0,2.0,115.0,129.0,Playa Mansa,0,0,2022.0,,False,1,https://www.infocasas.com.uy/venta-departamento-a-estrenar-walmer-lagoon-playa-mansa/192078317,https://cdn1.infocasas.com.uy/repo/img/173608396_HAUS-2974-TRA_723.jpg
191988245,Apartamento en Venta y Alquiler Ocean Drive 4 dormitorios,470000.0,4.0,3.0,155.0,0.0,Cantegril,-34.9285317,-54.9470464,,,False,1,https://www.infocasas.com.uy/apartamento-en-venta-y-alquiler-ocean-drive-4-dormitorios/191988245,https://cdn1.infocasas.com.uy/web/67a723ac3a4ab_infocdn.jpg
191675572,"Venta de apartamento con vista al mar y muy luminoso de 2 dormitorios con 2 baños, Playa Brava Aidy Grill, Punta del Este",395000.0,2.0,2.0,98.0,125.0,Aidy Grill,0,0,2021.0,,False,1,https://www.infocasas.com.uy/venta-de-apartamento-con-vista-al-mar-y-muy-luminoso-de-2-dormitorios-con-2-baños-playa-brava-aidy-grill-punta-del-este/191675572,https://cdn1.infocasas.com.uy/repo/img/173452776_DPT-2325-TRA_555.jpg
191988886,"Departamento piso alto frente al mar , terazza con parrillero, Punta del Este, Playa Mansa",430000.0,3.0,3.0,150.0,150.0,Playa Mansa,-34.9397452,-54.9479564,,,False,1,https://www.infocasas.com.uy/departamento-piso-alto-frente-al-mar-terazza-con-parrillero-punta-del-este-playa-mansa/191988886,https://cdn1.infocasas.com.uy/web/67a7391063a6b_infocdn.jpg
191988092,"Departamento de un dormitorio, terraza con parrillero- playa mansa PROP1078",220000.0,1.0,1.0,64.0,64.0,Punta del Este,-34.9397623,-54.947994,,,False,1,https://www.infocasas.com.uy/departamento-de-un-dormitorio-terraza-con-parrillero-playa-mansa-prop1078/191988092,https://cdn1.infocasas.com.uy/web/67a71e9b41456_infocdn.jpg
191651171,"LA GUADALUPE, Barra Verde",168192.0,1.0,1.0,51.0,43.0,Montoya,-34.9084020525,-54.8546025431,,,False,1,https://www.infocasas.com.uy/la-guadalupe-barra-verde/191651171,https://cdn1.infocasas.com.uy/web/672b1c3f1ea55_infocdn.jpg
192544262,Apartamento en Torre Punta del Este,295000.0,3.0,2.0,110.0,100.0,Roosevelt,-34.9279937,-54.9472028,,,False,1,https://www.infocasas.com.uy/apartamento-en-torre-punta-del-este/192544262,https://cdn1.infocasas.com.uy/web/6852dc1304120_infocdn.jpg
192047783,Apartamento de 2 Dormitórios a estrenar.,245000.0,2.0,1.0,73.0,95.0,Península,0,0,,,,1,https://www.infocasas.com.uy/apartamento-de-2-dormitorios-a-estrenar/192047783,https://cdn1.infocasas.com.uy/repo/img/405_CCP-37802-TRA_45.jpg
193202409,Venta de apartamento en Torres del Este de dos dormitorios,390000.0,2.0,2.0,98.0,0.0,La Pastora,0,0,,,,1,https://www.infocasas.com.uy/venta-de-apartamento-en-torres-del-este-de-dos-dormitorios/193202409,https://cdn1.infocasas.com.uy/repo/img/405_CCP-39435-TRA_419.jpg
187298967,Apartamento - Playa Mansa,405000.0,2.0,2.0,95.0,95.0,Playa Mansa,-34.907402,-55.0176859,,,False,1,https://www.infocasas.com.uy/apartamento-playa-mansa/187298967,https://cdn1.infocasas.com.uy/web/61046b817d51b_infocdn.jpg#HASTH
190596109,Apartamento - Punta del Este. 3 dormitorios y garaje para 2 autos,265000.0,3.0,2.0,110.0,110.0,Punta del Este,-34.924931,-54.9627924,,,False,1,https://www.infocasas.com.uy/apartamento-punta-del-este-3-dormitorios-y-garaje-para-2-autos/190596109,https://cdn1.infocasas.com.uy/web/65151f6f8a98c_infocdn.jpg
190655763,punta ballena. piscina exclusiva y vista panoramica,460000.0,2.0,2.0,150.0,150.0,Punta Ballena,-34.9047606,-55.0408935,,,False,1,https://www.infocasas.com.uy/punta-ballena-piscina-exclusiva-y-vista-panoramica/190655763,https://cdn1.infocasas.com.uy/web/653cae363471f_infocdn.jpg
191682490,apartamento de 2 dormitorios en aidy grill con parrillero propio,250000.0,2.0,2.0,130.0,70.0,Aidy Grill,-34.9482204,-54.9295258,,,False,1,https://www.infocasas.com.uy/apartamento-de-2-dormitorios-en-aidy-grill-con-parrillero-propio/191682490,https://cdn1.infocasas.com.uy/web/6735a8e4cf402_infocdn.jpg
193353868,Apartamento - Península,296000.0,2.0,2.0,100.0,68.0,Península,-34.9654127,-54.9454763,,,False,1,https://www.infocasas.com.uy/apartamento-peninsula/193353868,https://cdn1.infocasas.com.uy/web/69823918dc839_infocdn.jpg
192622297,Venetian Dos Dormitorios en Venta con Garaje,851580.0,2.0,2.0,160.0,160.0,Playa Mansa,0,0,2021.0,,False,1,https://www.infocasas.com.uy/venetian-dos-dormitorios-en-venta-con-garaje/192622297,https://cdn1.infocasas.com.uy/repo/img/405_CCP-38590-TRA_244.jpg
192436094,Apartamento de 2 Dormitorios en venta  con Vista al Mar,230000.0,2.0,1.0,55.0,65.0,Aidy Grill,0,0,2020.0,,False,1,https://www.infocasas.com.uy/apartamento-de-2-dormitorios-en-venta-con-vista-al-mar/192436094,https://cdn1.infocasas.com.uy/repo/img/405_CCP-38359-TRA_860.jpg
192991825,"Apartamento en venta de 2 dormitorios y 2 baños, Rincón del Indio, Playa Brava,  Punta del Este.",420000.0,2.0,2.0,114.0,147.0,Playa Brava,0,0,2023.0,,False,1,https://www.infocasas.com.uy/apartamento-en-venta-de-2-dormitorios-y-2-baños-rincon-del-indio-playa-brava-punta-del-este/192991825,https://cdn1.infocasas.com.uy/repo/img/405_CCP-39081-TRA_190.jpg
192925342,"Apartamento de dos dormitorios en venta, Ocean Drive Country",272000.0,2.0,1.0,80.0,90.0,Roosevelt,0,0,,,False,1,https://www.infocasas.com.uy/apartamento-de-dos-dormitorios-en-venta-ocean-drive-country/192925342,https://cdn1.infocasas.com.uy/repo/img/405_CCP-35799-TRA_758.jpg
190786922,"Apartamento de 2 dormitorios en venta, Playa Brava, Punta del Este.",245000.0,2.0,1.0,55.0,65.0,Aidy Grill,0,0,2020.0,,False,1,https://www.infocasas.com.uy/apartamento-de-2-dormitorios-en-venta-playa-brava-punta-del-este/190786922,https://cdn1.infocasas.com.uy/repo/img/405_CCP-34944-TRA_939.jpg
192073249,"Venta Apartamento a Estrenar, Pileta propia Alta rentabilidad en Punta Ballena",175500.0,0.0,1.0,72.0,32.0,Punta Ballena,-34.9155318,-55.0469133,,,False,1,https://www.infocasas.com.uy/venta-apartamento-a-estrenar-pileta-propia-alta-rentabilidad-en-punta-ballena/192073249,https://cdn1.infocasas.com.uy/web/67bed1e69d63f_infocdn.jpg
192398431,PINARES EN VENTA  1 dormitorio,145000.0,1.0,1.0,59.0,80.0,Pinares,0,0,2020.0,,False,1,https://www.infocasas.com.uy/pinares-en-venta-1-dormitorio/192398431,https://cdn1.infocasas.com.uy/repo/img/147015_IPD-37156-TRA_827.jpg
192383588,Venta Apartamento Trump Tower - Punta Del Este ,800000.0,2.0,2.0,163.0,163.0,Playa Brava,0,0,2017.0,,False,1,https://www.infocasas.com.uy/venta-apartamento-trump-tower-punta-del-este-/192383588,https://cdn1.infocasas.com.uy/repo/img/175989553_DYT-13678-TRA_127.jpg
192129469,SIGLO SOL 2 - 2 DORM,285000.0,2.0,2.0,63.0,82.0,Playa Brava,-34.9445152,-54.91645320000001,2021.0,,False,1,https://www.infocasas.com.uy/siglo-sol-2-2-dorm/192129469,https://cdn1.infocasas.com.uy/repo/img/256162_MKT-6312-TRA_323.jpg
191729207,VENTA TRUMP TOWER 2 DORMITORIOS VISTA DESPEJADA,1557286.0,2.0,2.0,162.0,162.0,Playa Brava,0,0,2024.0,,False,1,https://www.infocasas.com.uy/venta-trump-tower-2-dormitorios-vista-despejada/191729207,https://cdn1.infocasas.com.uy/repo/img/173608396_HAUS-2698-TRA_502.jpg
191729212,TRUMP TOWER 1 DORMITORIO EN VENTA,669106.0,1.0,2.0,112.0,112.0,Playa Brava,0,0,2024.0,,False,1,https://www.infocasas.com.uy/trump-tower-1-dormitorio-en-venta/191729212,https://cdn1.infocasas.com.uy/repo/img/173608396_HAUS-2701-TRA_596.jpg
191691103,VENTA APARTAMENTO 2 DORMITORIOS PUNTA DEL ESTE AIDY GRILL EDIFICIO SIGLO SOL DOS,290000.0,2.0,2.0,70.0,70.0,Aidy Grill,0,0,,,False,1,https://www.infocasas.com.uy/venta-apartamento-2-dormitorios-punta-del-este-aidy-grill-edificio-siglo-sol-dos/191691103,https://cdn1.infocasas.com.uy/repo/img/173608396_HAUS-2652-TRA_141.jpg
191989178,Departamento  frente al mar   Look Brava - Punta del Este 5,595000.0,3.0,3.0,154.0,154.0,Playa Brava,-34.9441658,-54.9217472,,,False,1,https://www.infocasas.com.uy/departamento-frente-al-mar-look-brava-punta-del-este-5/191989178,https://cdn1.infocasas.com.uy/web/67a74851613cf_infocdn.jpg
191988932,Departamento  con vista al mar en alquiler   venta en lomo de Punta Ballena,446000.0,2.0,2.0,108.0,0.0,Punta Ballena,-34.9080389375,-55.0428213825,,,False,1,https://www.infocasas.com.uy/departamento-con-vista-al-mar-en-alquiler-venta-en-lomo-de-punta-ballena/191988932,https://cdn1.infocasas.com.uy/web/67a73ae732280_infocdn.jpg
191988953,Departamento de 1 dormitorio en venta en  Aidy Grill - Playa Brava. Oportunidad de Inversion!,185000.0,1.0,1.0,60.0,48.0,Aidy Grill,-34.949407,-54.9299011,,,False,1,https://www.infocasas.com.uy/departamento-de-1-dormitorio-en-venta-en-aidy-grill-playa-brava-oportunidad-de-inversion/191988953,https://cdn1.infocasas.com.uy/web/67a73bbf18082_infocdn.jpg
191988964,"Departamento de un dormitorio en punta del este , Playa Mansa",178000.0,1.0,1.0,48.0,37.0,Playa Mansa,-34.9402937,-54.9474759,,,False,1,https://www.infocasas.com.uy/departamento-de-un-dormitorio-en-punta-del-este-playa-mansa/191988964,https://cdn1.infocasas.com.uy/web/67a73c531949f_infocdn.jpg
191000308,Muy lindo departamento frente a Playa Brava con vista al mar,485000.0,2.0,2.0,175.0,175.0,Playa Brava,-34.9414626602,-54.9139594602,,,False,1,https://www.infocasas.com.uy/muy-lindo-departamento-frente-a-playa-brava-con-vista-al-mar/191000308,https://cdn1.infocasas.com.uy/web/66476c7153c0e_infocdn.jpg
190930455,Departamento - Península,695000.0,3.0,2.0,124.0,102.0,Península,-34.9668398,-54.9460649,,,False,1,https://www.infocasas.com.uy/departamento-peninsula/190930455,https://cdn1.infocasas.com.uy/web/6617cbd19153b_infocdn.jpg
190925574,Venta apartamento 3 dormitorios Mansa,580000.0,3.0,3.0,240.0,0.0,Pinares,-34.9445584,-54.9422729,,,False,1,https://www.infocasas.com.uy/venta-apartamento-3-dormitorios-mansa/190925574,https://cdn1.infocasas.com.uy/web/661798b5e5dec_infocdn.jpg
190931767,Venta Monoambiente en pozo zona roosevelt,129210.0,0.0,1.0,45.0,31.0,Roosevelt,-34.91984,-54.9552191,,,False,1,https://www.infocasas.com.uy/venta-monoambiente-en-pozo-zona-roosevelt/190931767,https://cdn1.infocasas.com.uy/web/6618e0d27aeda_infocdn.jpg
190927179,Venta Apartamento 2 dormitorios Playa Brava,369000.0,2.0,2.0,92.0,72.0,Playa Brava,-34.9490631,-54.9299413,,,False,1,https://www.infocasas.com.uy/venta-apartamento-2-dormitorios-playa-brava/190927179,https://cdn1.infocasas.com.uy/web/6617a0c4b858e_infocdn.jpg
191000490,Departamento - Pinares,440000.0,3.0,3.0,200.0,200.0,Pinares,-34.9086137554,-55.0044518998,,,False,1,https://www.infocasas.com.uy/departamento-pinares/191000490,https://cdn1.infocasas.com.uy/web/66477602af09a_infocdn.jpg
191000530,Departamento - Playa Mansa,620000.0,2.0,3.0,160.0,125.0,Playa Mansa,-34.9352487,-54.9526726,,,False,1,https://www.infocasas.com.uy/departamento-playa-mansa/191000530,https://cdn1.infocasas.com.uy/web/66519c41b910a_infocdn.jpg
190925833,Apartamento en Aidy Grill,280000.0,2.0,2.0,154.0,113.0,Aidy Grill,-34.9475606,-54.9323994,,,False,1,https://www.infocasas.com.uy/apartamento-en-aidy-grill/190925833,https://cdn1.infocasas.com.uy/web/66179cbbaec54_infocdn.jpg
191000633,Departamento - Shopping,270000.0,2.0,2.0,96.0,59.0,Roosevelt,-34.9407155,-54.934456,,,False,1,https://www.infocasas.com.uy/departamento-shopping/191000633,https://cdn1.infocasas.com.uy/web/66519cf6d04b7_infocdn.jpg
190823970,Venta Apartamento 2 Dormitorios Punta Del Este Siglo Sol,290000.0,2.0,1.0,78.0,59.0,Barrio Córdoba,-34.9528336,-54.9326223,2026.0,,False,1,https://www.infocasas.com.uy/venta-apartamento-2-dormitorios-punta-del-este-siglo-sol/190823970,https://cdn1.infocasas.com.uy/repo/img/117272_P000327-A_203.jpg
191000702,Departamento - Playa Mansa,800000.0,3.0,3.0,342.0,170.0,Playa Mansa,-34.918002,-54.9765911,,,False,1,https://www.infocasas.com.uy/departamento-playa-mansa/191000702,https://cdn1.infocasas.com.uy/web/664780afe5bd1_infocdn.jpg
191068203,Departamento en Venta en Malecon III TM4771920,540000.0,3.0,2.0,107.0,107.0,Playa Mansa,-34.9561815,-54.9399763,,,False,1,https://www.infocasas.com.uy/departamento-en-venta-en-malecon-iii-tm4771920/191068203,https://cdn1.infocasas.com.uy/web/667ae074b9e1b_infocdn.jpg
191077844,Vendo Studio en Syrah Punta Ballena frente a Playa Mansa,129000.0,0.0,1.0,32.0,65.0,Playa las Grutas,0,0,2022.0,,False,1,https://www.infocasas.com.uy/vendo-studio-en-syrah-punta-ballena-frente-a-playa-mansa/191077844,https://cdn1.infocasas.com.uy/repo/img/1189_MYT-4777-TRA_807.jpg
190946118,Apartamento - Península,260000.0,3.0,3.0,68.0,68.0,Península,-34.9621404,-54.9420724,,,False,1,https://www.infocasas.com.uy/apartamento-peninsula/190946118,https://cdn1.infocasas.com.uy/web/6616990d7cc19_infocdn.jpg
190946282,Apartamento de 2 dormitorios y 2 baños en  venta en la Peninsula Punta del Este,155000.0,2.0,2.0,60.0,56.0,Península,-34.9600771,-54.9412125,,,False,1,https://www.infocasas.com.uy/apartamento-de-2-dormitorios-y-2-baños-en-venta-en-la-peninsula-punta-del-este/190946282,https://cdn1.infocasas.com.uy/web/6616aff7c0d09_infocdn.jpg
190930302,Departamento - Playa Mansa,850000.0,4.0,1.0,159.0,159.0,Playa Mansa,-34.932528,-54.9562356,,,False,1,https://www.infocasas.com.uy/departamento-playa-mansa/190930302,https://cdn1.infocasas.com.uy/web/6617c7554d7b8_infocdn.jpg
191105805,CIPRIANI RESIDENCES - SEMI PISO - PUNTA DEL ESTE,3604500.0,3.0,4.0,405.0,405.0,Playa Brava,-34.94295780699088,-54.916861106948836,,,False,1,https://www.infocasas.com.uy/cipriani-residences-semi-piso-punta-del-este/191105805,https://cdn1.infocasas.com.uy/repo/img/173608396_HAUS-2225-TRA_48.jpg
191105804,CIPRIANI RESIDENCES - UNIDAD ESQUINA,1725000.0,2.0,2.0,203.0,203.0,Playa Brava,-34.94295780699088,-54.916861106948836,,,False,1,https://www.infocasas.com.uy/cipriani-residences-unidad-esquina/191105804,https://cdn1.infocasas.com.uy/repo/img/173608396_HAUS-2224-TRA_878.jpg
190966442,Apartamento - Playa Brava,690000.0,3.0,2.0,222.0,192.0,Playa Brava,-34.9521672,-54.9300621,,,False,1,https://www.infocasas.com.uy/apartamento-playa-brava/190966442,https://cdn1.infocasas.com.uy/web/661ee21ff347f_infocdn.jpg
190966444,Apartamento en Peninsula,155000.0,2.0,2.0,60.0,56.0,Península,-34.9624337,-54.9432886,,,False,1,https://www.infocasas.com.uy/apartamento-en-peninsula/190966444,https://cdn1.infocasas.com.uy/web/661ee2409cdcf_infocdn.jpg
190966462,Apartamento - Lomo de la Ballena,480000.0,2.0,2.0,100.0,70.0,Punta Ballena,-34.9106916,-55.0441303,,,False,1,https://www.infocasas.com.uy/apartamento-lomo-de-la-ballena/190966462,https://cdn1.infocasas.com.uy/web/661ee314bc715_infocdn.jpg
190930911,"Venta Apartamento 3 Dormitorios , Península, Punta del Este",355000.0,3.0,2.0,125.0,95.0,Península,-34.9363205,-54.9377826,,,False,1,https://www.infocasas.com.uy/venta-apartamento-3-dormitorios-peninsula-punta-del-este/190930911,https://cdn1.infocasas.com.uy/web/66184c36b4482_infocdn.jpg
190930983,"Venta Apartamento 2 Dormitorios, Roosevelt, Punta del Este",280000.0,2.0,2.0,82.0,64.0,Roosevelt,-34.941916,-54.9316869,,,False,1,https://www.infocasas.com.uy/venta-apartamento-2-dormitorios-roosevelt-punta-del-este/190930983,https://cdn1.infocasas.com.uy/web/66184f31d50c5_infocdn.jpg
190929051,Departamento - Playa Brava,990000.0,5.0,3.0,390.0,390.0,Playa Brava,-34.9534412,-54.9299439,,,False,1,https://www.infocasas.com.uy/departamento-playa-brava/190929051,https://cdn1.infocasas.com.uy/web/6617af069e7c5_infocdn.jpg
190607519,Oportunidad de compra apartamento en Punta del Este,250000.0,2.0,2.0,64.0,68.0,Roosevelt,0,0,,,False,1,https://www.infocasas.com.uy/oportunidad-de-compra-apartamento-en-punta-del-este/190607519,https://cdn1.infocasas.com.uy/repo/img/109289_NTR-6346-TRA_720.jpg
190928835,Piso alto en Brava,700000.0,3.0,2.0,131.0,131.0,Playa Brava,-34.9519185,-54.9333529,,,False,1,https://www.infocasas.com.uy/piso-alto-en-brava/190928835,https://cdn1.infocasas.com.uy/web/66485deb624f0_infocdn.jpg
190928992,Venta Pent House Playa Mansa Punta del Este,1950000.0,5.0,3.0,290.0,206.0,Playa Mansa,-34.9487511,-54.9421077,,,False,1,https://www.infocasas.com.uy/venta-pent-house-playa-mansa-punta-del-este/190928992,https://cdn1.infocasas.com.uy/web/6617ab9799fbf_infocdn.jpg
190255236,Departamento en venta/alquiler de 3 dormitorios Surfside - Rincon del indio,1420000.0,3.0,3.0,262.0,177.0,Rincón del Indio,-34.9219063,-54.8937531,,,False,1,https://www.infocasas.com.uy/departamento-en-ventaalquiler-de-3-dormitorios-surfside-rincon-del-indio/190255236,https://cdn1.infocasas.com.uy/web/675e7f93115e5_infocdn.jpg
192021535,VENTA DEPARTAMENTO PLAYA BRAVA PARADA 30 A ESTRENAR,175000.0,1.0,1.0,61.0,61.0,Playa Brava,0,0,2025.0,,False,1,https://www.infocasas.com.uy/venta-departamento-playa-brava-parada-30-a-estrenar/192021535,https://cdn1.infocasas.com.uy/repo/img/173608396_HAUS-2929-TRA_9.jpg
190948454,Departamento - Playa Brava,550000.0,3.0,3.0,260.0,215.0,Playa Brava,-34.9531097,-54.9304542,,,False,1,https://www.infocasas.com.uy/departamento-playa-brava/190948454,https://cdn1.infocasas.com.uy/web/6618018a6c02b_infocdn.jpg
190947682,Apartamento en  Surfside- LAP6003872,515000.0,0.0,1.0,85.0,0.0,Playa Brava,-34.9191773,-54.8712534,,,False,1,https://www.infocasas.com.uy/apartamento-en-surfside-lap6003872/190947682,https://cdn1.infocasas.com.uy/web/6617e0703e2d1_infocdn.jpg
190984113,"Apartamento en venta de 3 dormitorios y servicio, Torre One, punta del este",720000.0,3.0,3.0,160.0,212.0,Playa Brava,0,0,,,False,1,https://www.infocasas.com.uy/apartamento-en-venta-de-3-dormitorios-y-servicio-torre-one-punta-del-este/190984113,https://cdn1.infocasas.com.uy/repo/img/173012432_NDM-20674-TRA_525.jpg
190929374,Departamento - Playa Brava,860000.0,3.0,3.0,180.0,0.0,Playa Brava,-34.9445152,-54.9164532,,,False,1,https://www.infocasas.com.uy/departamento-playa-brava/190929374,https://cdn1.infocasas.com.uy/web/6617bbb6894e7_infocdn.jpg
191636953,Oportunidad - venta semipiso de 4 dormitorios en Aquarela ! amenities de lujo.,1100000.0,4.0,3.0,253.0,197.0,Playa Mansa,-34.9280252887,-54.9609434128,,,False,1,https://www.infocasas.com.uy/oportunidad-venta-semipiso-de-4-dormitorios-en-aquarela-amenities-de-lujo/191636953,https://cdn1.infocasas.com.uy/web/67248ad21c0de_infocdn.jpg
191595225,Amplio apartamento en ocean drive country,169000.0,1.0,1.0,76.0,76.0,Roosevelt,0,0,,,False,1,https://www.infocasas.com.uy/amplio-apartamento-en-ocean-drive-country/191595225,https://cdn1.infocasas.com.uy/repo/img/173898037_BYH-3637-TRA_426.jpg
191513578,"A estrenar, View I",197000.0,1.0,1.0,72.0,80.0,Aidy Grill,0,0,2023.0,,False,1,https://www.infocasas.com.uy/a-estrenar-view-i/191513578,https://cdn1.infocasas.com.uy/repo/img/175322336_PGO-399-TRA_20.jpg
191989024,"Departamento dos dormitorios en venta  muy cerca al mar, Playa Brava",205000.0,2.0,2.0,70.0,57.0,Playa Brava,-34.9290354136,-54.8939655596,,,False,1,https://www.infocasas.com.uy/departamento-dos-dormitorios-en-venta-muy-cerca-al-mar-playa-brava/191989024,https://cdn1.infocasas.com.uy/web/67a74066b8a9f_infocdn.jpg
191588672,"A Estrenar,  Con Vista 1 Dormitorio Con Balcon",164000.0,1.0,1.0,43.0,43.0,Playa Brava,0,0,2021.0,,False,1,https://www.infocasas.com.uy/a-estrenar-con-vista-1-dormitorio-con-balcon/191588672,https://cdn1.infocasas.com.uy/repo/img/883204_EADM-1705-TRA_711.jpg
191989059,"Departamento de 2 dormitorios en Edificio Quartier, Punta Ballena",490000.0,2.0,2.0,82.0,65.0,Punta Ballena,-34.9116814,-55.0446882,,,False,1,https://www.infocasas.com.uy/departamento-de-2-dormitorios-en-edificio-quartier-punta-ballena/191989059,https://cdn1.infocasas.com.uy/web/67a74242407bc_infocdn.jpg
191989062,"Departamento de 2 dormitorios en Edificio Quartier, Punta Ballena",396000.0,2.0,2.0,82.0,65.0,Punta Ballena,-34.9116814,-55.0446882,,,False,1,https://www.infocasas.com.uy/departamento-de-2-dormitorios-en-edificio-quartier-punta-ballena/191989062,https://cdn1.infocasas.com.uy/web/67a7425baf2cd_infocdn.jpg
191989074,Departamento duplex penthouse  - Playa Brava,450000.0,2.0,2.0,199.0,157.0,Playa Brava,-34.9503369544,-54.9291346842,,,False,1,https://www.infocasas.com.uy/departamento-duplex-penthouse-playa-brava/191989074,https://cdn1.infocasas.com.uy/web/67a742f3eba4f_infocdn.jpg
191989089,"Departamento en venta, Icon Tower",340000.0,2.0,2.0,90.0,90.0,Punta del Este,-34.9510872,-54.9278711,,,False,1,https://www.infocasas.com.uy/departamento-en-venta-icon-tower/191989089,https://cdn1.infocasas.com.uy/web/67a743cf85718_infocdn.jpg
191989353,Tiburon Terrazas Penthouse - Frente Al Mar - Playa Brava - Punta del Este,2500000.0,4.0,3.0,345.0,314.0,Playa Brava,-34.9192350695,-54.8705755392,,,False,1,https://www.infocasas.com.uy/tiburon-terrazas-penthouse-frente-al-mar-playa-brava-punta-del-este/191989353,https://cdn1.infocasas.com.uy/web/67a750600e881_infocdn.jpg
190999947,Departamento en  Playa Mansa,252000.0,2.0,2.0,88.0,64.0,Playa Mansa,-34.9279387,-54.9622587,,,False,1,https://www.infocasas.com.uy/departamento-en-playa-mansa/190999947,https://cdn1.infocasas.com.uy/web/6647048ebd888_infocdn.jpg
190931729,Venta apartamento 3 Dormitorios Playa Brava Punta del Este,520000.0,3.0,3.0,148.0,122.0,Playa Brava,-34.9581623,-54.936751,,,False,1,https://www.infocasas.com.uy/venta-apartamento-3-dormitorios-playa-brava-punta-del-este/190931729,https://cdn1.infocasas.com.uy/web/6618de3b2be3f_infocdn.jpg
190931751,Venta Apartamento 2 dormitorios Maldonado,125000.0,2.0,1.0,67.0,51.0,Maldonado,-34.905735,-54.9474945,,,False,1,https://www.infocasas.com.uy/venta-apartamento-2-dormitorios-maldonado/190931751,https://cdn1.infocasas.com.uy/web/6618dfb555c9e_infocdn.jpg
190930981,"Venta Apartamento 2 Dormitorios, Roosevelt, Punta del Este",280000.0,2.0,2.0,92.0,60.0,Roosevelt,-34.941916,-54.9316869,,,False,1,https://www.infocasas.com.uy/venta-apartamento-2-dormitorios-roosevelt-punta-del-este/190930981,https://cdn1.infocasas.com.uy/web/66184f28348df_infocdn.jpg
190950167,"Apartamento a la venta en Wind Tower Punta del Este, 2 dormitorios y 2 baños completos.",340000.0,2.0,2.0,92.0,72.0,Playa Brava,-34.9481201,-54.9285293,,,False,1,https://www.infocasas.com.uy/apartamento-a-la-venta-en-wind-tower-punta-del-este-2-dormitorios-y-2-baños-completos/190950167,https://cdn1.infocasas.com.uy/web/66183748ee44f_infocdn.jpg
190929264,"Venta y alquiler invernal Departamento 3 dormitorios - Playa Brava, Punta del Este",598000.0,3.0,3.0,138.0,126.0,Playa Brava,-34.9445152,-54.9164532,,,False,1,https://www.infocasas.com.uy/venta-y-alquiler-invernal-departamento-3-dormitorios-playa-brava-punta-del-este/190929264,https://cdn1.infocasas.com.uy/web/6617b92e0b690_infocdn.jpg
190930254,Oportunidad en José Ignacio,285000.0,1.0,1.0,57.0,51.0,José Ignacio,-34.9028809,-54.9686695,,,False,1,https://www.infocasas.com.uy/oportunidad-en-jose-ignacio/190930254,https://cdn1.infocasas.com.uy/web/6617c6265828f_infocdn.jpg
189978153,Venta apartamento 2 dormitorios playa mansa Punta del Este,780000.0,2.0,3.0,130.0,160.0,Playa Mansa,-34.92793870000001,-54.9622587,,,False,1,https://www.infocasas.com.uy/venta-apartamento-2-dormitorios-playa-mansa-punta-del-este/189978153,https://cdn1.infocasas.com.uy/repo/img/694874_DMC-10309-TRA_823.jpg
190197307,Frente a la Brava vista única al mar,460000.0,3.0,3.0,97.0,97.0,Península,0,0,,,False,1,https://www.infocasas.com.uy/frente-a-la-brava-vista-unica-al-mar/190197307,https://cdn1.infocasas.com.uy/repo/img/94_CNP-5557-TRA_22.jpg
189843118,Departamento - Playa Mansa,280000.0,3.0,2.0,94.0,68.0,Playa Mansa,-34.928553738,-54.9537815945,,,False,1,https://www.infocasas.com.uy/departamento-playa-mansa/189843118,https://cdn1.infocasas.com.uy/web/656645b6ed324_infocdn.jpg
188768462,1 - Walmer Lagoon  404,313500.0,2.0,2.0,101.0,81.0,Playa Mansa,-34.908625,-55.00564,,,False,1,https://www.infocasas.com.uy/1-walmer-lagoon-404/188768462,https://cdn1.infocasas.com.uy/web/6480974cbd524_infocdn.jpg
188908185,Edificio More Atlántico Oportunidad Inversión,149000.0,1.0,1.0,40.0,60.0,Maldonado,0,0,2023.0,,False,1,https://www.infocasas.com.uy/edificio-more-atlantico-oportunidad-inversion/188908185,https://cdn1.infocasas.com.uy/repo/img/949740_INV-257-TRA_213.jpg
189522172,Departamento en Playa Brava,1040000.0,2.0,2.0,208.0,135.0,Rincón del Indio,-34.918229102,-54.872939158,,,False,1,https://www.infocasas.com.uy/departamento-en-playa-brava/189522172,https://cdn1.infocasas.com.uy/web/6478945772641_infocdn.jpg
190180445,"La inversión que estabas esperando. Torre en pozo, departamentos en venta en                                   Punta del Este",210000.0,1.0,1.0,45.0,61.0,Playa Brava,0,0,,,False,1,https://www.infocasas.com.uy/la-inversion-que-estabas-esperando-torre-en-pozo-departamentos-en-venta-en-punta-del-este/190180445,https://cdn1.infocasas.com.uy/repo/img/173325609_MCH-9226-TRA_853.jpg
188669259,Temporada 2020 - Playa Brava,630000.0,3.0,2.0,199.0,131.0,Playa Brava,-34.9441658,-54.9217472,,,False,1,https://www.infocasas.com.uy/temporada-2020-playa-brava/188669259,https://cdn1.infocasas.com.uy/web/649f499cc48fa_infocdn.jpg
188531228,1 - Walmer Lagoon  209,258000.0,2.0,2.0,93.0,70.0,Playa Mansa,-34.908625,-55.00564,,,False,1,https://www.infocasas.com.uy/1-walmer-lagoon-209/188531228,https://cdn1.infocasas.com.uy/web/648095e947560_infocdn.jpg
185654373,Departamento en venta 3 dormitorios mas dependencia - Playa Brava,570000.0,3.0,3.0,199.0,131.0,Playa Brava,-34.9441658,-54.9217472,,,False,1,https://www.infocasas.com.uy/departamento-en-venta-3-dormitorios-mas-dependencia-playa-brava/185654373,https://cdn1.infocasas.com.uy/web/6537b4e0032ba_infocdn.jpg
185653772,Departamento - Playa Brava,450000.0,2.0,2.0,156.0,100.0,Playa Brava,-34.9441658,-54.9217472,,,False,1,https://www.infocasas.com.uy/departamento-playa-brava/185653772,https://cdn1.infocasas.com.uy/web/5de3651aa5bee_infocdn.jpg#HASTH
186203411,Playa brava frente al mar ! 3 dormitorios totalmente equipado.,500000.0,3.0,2.0,142.0,104.0,Playa Brava,-34.9499012,-54.9277512,,,False,1,https://www.infocasas.com.uy/playa-brava-frente-al-mar-3-dormitorios-totalmente-equipado/186203411,https://cdn1.infocasas.com.uy/web/649f322995f86_infocdn.jpg
185896742,Departamento - Roosevelt,240000.0,2.0,2.0,108.0,108.0,Roosevelt,-34.9262853,-54.9476206,,,False,1,https://www.infocasas.com.uy/departamento-roosevelt/185896742,https://cdn1.infocasas.com.uy/web/6537b8d1b710b_infocdn.jpg
193312805,Apartamento en venta c/ cochera en Playa Mansa,580000.0,3.0,3.0,155.0,115.0,Playa Mansa,-34.91929512525534,-54.9785650942355,2026.0,,False,1,https://www.infocasas.com.uy/apartamento-en-venta-c-cochera-en-playa-mansa/193312805,https://cdn1.infocasas.com.uy/repo/img/175500891_80562_390.jpg
289272,"Venta Le Bleu, Península",1950000.0,3.0,3.0,444.0,261.0,Península,-34.9623411595,-54.9454509735,,,False,1,https://www.infocasas.com.uy/venta-le-bleu-peninsula/289272,https://cdn1.infocasas.com.uy/web/6537af78e8a18_infocdn.jpg
291321,Departamento en venta 2 dormitorios Playa Brava,240000.0,2.0,2.0,70.0,70.0,Playa Brava,-34.9581623,-54.936751,,,False,1,https://www.infocasas.com.uy/departamento-en-venta-2-dormitorios-playa-brava/291321,https://cdn1.infocasas.com.uy/web/6537b261bc840_infocdn.jpg
185504097,Venta ó alquiler apartamento de 2 dormitorios - Rincón del Indio,350000.0,2.0,2.0,202.0,74.0,Rincón del Indio,-34.9283744,-54.8985274,,,False,1,https://www.infocasas.com.uy/venta-o-alquiler-apartamento-de-2-dormitorios-rincon-del-indio/185504097,https://cdn1.infocasas.com.uy/web/6601770f5c7a4_infocdn.jpg
186114822,Departamento en Edificio Manero a la venta y alquiler - LAP2128381,141000.0,1.0,1.0,38.0,38.0,Manantiales,-34.9046780372,-54.8263083715,,,False,1,https://www.infocasas.com.uy/departamento-en-edificio-manero-a-la-venta-y-alquiler-lap2128381/186114822,https://cdn1.infocasas.com.uy/web/651410527aeba_infocdn.jpg
186386392,Departamento La Barra Delamar - LAP1275853,950000.0,4.0,3.0,296.0,296.0,La Barra,-34.9088467628,-54.8720380011,,,False,1,https://www.infocasas.com.uy/departamento-la-barra-delamar-lap1275853/186386392,https://cdn1.infocasas.com.uy/web/651c6ac77bfe2_infocdn.jpg
193377405,APARTAMENTO EN VENTA 2 DORMITORIOS PUNTA BALLENA,295000.0,2.0,2.0,78.0,0.0,Punta Ballena,0,0,,,False,1,https://www.infocasas.com.uy/apartamento-en-venta-2-dormitorios-punta-ballena/193377405,https://cdn1.infocasas.com.uy/repo/img/277358_OJD-41396-TRA_270.jpg
193180386,Venta Apartamento Punta del Este - Playa Mansa 3 Dormitorios 4 Baños Muebles Garaje,630000.0,3.0,3.0,139.0,139.0,Playa Mansa,-34.908528,-55.009061,2024.0,,False,1,https://www.infocasas.com.uy/venta-apartamento-punta-del-este-playa-mansa-3-dormitorios-4-baños-muebles-garaje/193180386,https://cdn1.infocasas.com.uy/repo/img/176534791_CW237164_204.jpg
193176049,"Apartamento en Punta del Este, Aidy Grill",375000.0,3.0,2.0,110.0,144.0,Aidy Grill,0,0,,,False,1,https://www.infocasas.com.uy/apartamento-en-punta-del-este-aidy-grill/193176049,https://cdn1.infocasas.com.uy/repo/img/694874_DMC-15405-TRA_96.jpg
193550012,APARTAMENTO CON VISTA AL MAR EN PLAYA BRAVA PUNTA DEL ESTE - 2 DORMITORIOS - EDIF. SIGLO SOL II - BAJAS EXPENSAS,290000.0,2.0,2.0,55.0,63.0,Playa Brava,0,0,2022.0,,False,1,https://www.infocasas.com.uy/apartamento-con-vista-al-mar-en-playa-brava-punta-del-este-2-dormitorios-edif-siglo-sol-ii-bajas-expensas/193550012,https://cdn1.infocasas.com.uy/repo/img/173862716_DSA-865-TRA_739.jpg
193553636,Alquiler departamento 3 dormitorios y dependencia en Playa Brava,948000.0,3.0,3.0,178.0,157.0,Playa Brava,-34.9559887,-54.9379552,,,False,1,https://www.infocasas.com.uy/alquiler-departamento-3-dormitorios-y-dependencia-en-playa-brava/193553636,https://cdn1.infocasas.com.uy/web/69c178d2b751c_infocdn.jpg
193559470,Ocean Drive Country 2,210000.0,1.0,1.0,40.0,51.0,Roosevelt,-34.92601020000001,-54.9485436,,,False,1,https://www.infocasas.com.uy/ocean-drive-country-2/193559470,https://cdn1.infocasas.com.uy/repo/img/518811_EVE-715-TRA_342.jpg
193465563,OPORTUNIDAD APTO DE  2 DORM Y 1 BAÑO A ESTRENAR EN TORRE MIRADOR,155000.0,2.0,1.0,73.0,0.0,Maldonado,0,0,,,False,1,https://www.infocasas.com.uy/oportunidad-apto-de-2-dorm-y-1-baño-a-estrenar-en-torre-mirador/193465563,https://cdn1.infocasas.com.uy/repo/img/173325609_MCH-13981-TRA_770.jpg
193144491,"La inversión que estabas esperando. Torre en pozo, departamentos en venta en Punta del Este",210000.0,1.0,1.0,45.0,61.0,Playa Brava,0,0,,,False,1,https://www.infocasas.com.uy/la-inversion-que-estabas-esperando-torre-en-pozo-departamentos-en-venta-en-punta-del-este/193144491,https://cdn1.infocasas.com.uy/repo/img/176512310_MIL-58-TRA_633.jpg
193176442,Venta apartamento 3 dormitorios Punta del Este,364000.0,3.0,2.0,104.0,165.0,Roosevelt,-34.9249971240348,-54.950109769897445,2024.0,,False,1,https://www.infocasas.com.uy/venta-apartamento-3-dormitorios-punta-del-este/193176442,https://cdn1.infocasas.com.uy/repo/img/694874_DMC-10527-TRA_626.jpg
193176136,Venta apartamento 1 dormitorio Punta del Este,233070.0,1.0,1.0,45.0,73.0,Aidy Grill,0,0,2022.0,,False,1,https://www.infocasas.com.uy/venta-apartamento-1-dormitorio-punta-del-este/193176136,https://cdn1.infocasas.com.uy/repo/img/694874_DMC-9601-TRA_398.jpg
193582121,Apartamento en Mansa - Punta del Este en venta de 3 dormitorios.,940000.0,3.0,3.0,143.0,204.0,Playa Mansa,0,0,2021.0,,False,1,https://www.infocasas.com.uy/apartamento-en-mansa-punta-del-este-en-venta-de-3-dormitorios/193582121,https://cdn1.infocasas.com.uy/repo/img/241439_SUE-4631-TRA_591.jpg
192932413,"Vende apartamento de 2 dormitorios en Roosevelt, Punta del Este",290000.0,2.0,2.0,72.0,72.0,Roosevelt,0,0,,,False,1,https://www.infocasas.com.uy/vende-apartamento-de-2-dormitorios-en-roosevelt-punta-del-este/192932413,https://cdn1.infocasas.com.uy/repo/img/173012432_NDM-24725-TRA_549.jpg
192975997,Vende apartamento a estrenar de 1 dormitorio en Punta Ballena,240000.0,2.0,1.0,51.0,79.0,Punta Ballena,0,0,,,False,1,https://www.infocasas.com.uy/vende-apartamento-a-estrenar-de-1-dormitorio-en-punta-ballena/192975997,https://cdn1.infocasas.com.uy/repo/img/173012432_NDM-27552-TRA_774.jpg
192976162,Apartamento Venta 3 dormitorios en La Barra Con Vista al Mar,1800000.0,3.0,3.0,193.0,217.0,La Barra,-34.91710584051731,-54.8550764431305,,,False,1,https://www.infocasas.com.uy/apartamento-venta-3-dormitorios-en-la-barra-con-vista-al-mar/192976162,https://cdn1.infocasas.com.uy/repo/img/173104404_VIP-2735-TRA_301.jpg
193549851,OTTO UNO - 1 Dormitorio en Venta - A estrenar,148000.0,1.0,1.0,60.0,60.0,Roosevelt,-34.91989493969353,-54.95467488964079,2023.0,,False,1,https://www.infocasas.com.uy/otto-uno-1-dormitorio-en-venta-a-estrenar/193549851,https://cdn1.infocasas.com.uy/repo/img/173862716_DSA-683-TRA_666.jpg
193754109,"Venta apartamento. Playa brava, Punta del Este",398000.0,2.0,2.0,88.0,108.0,San Rafael,-34.94264119825225,-54.915863325195296,2026.0,,False,1,https://www.infocasas.com.uy/venta-apartamento-playa-brava-punta-del-este/193754109,https://cdn1.infocasas.com.uy/repo/img/694874_DMC-16998-TRA_555.jpg
193727637,Lindo departamento con Gran Iluminación. Torre moderna a pasos del mar,445000.0,2.0,2.0,110.0,110.0,Playa Brava,0,0,,,False,1,https://www.infocasas.com.uy/lindo-departamento-con-gran-iluminacion-torre-moderna-a-pasos-del-mar/193727637,https://cdn1.infocasas.com.uy/repo/img/175659749_EBR-918-TRA_727.jpg
193344406,"Departamento de 3 dormtiorios + dependencia en venta, Piso alto con vista panoramica",2000000.0,3.0,3.0,227.0,250.0,Playa Mansa,0,0,2022.0,,False,1,https://www.infocasas.com.uy/departamento-de-3-dormtiorios-dependencia-en-venta-piso-alto-con-vista-panoramica/193344406,https://cdn1.infocasas.com.uy/repo/img/173012432_NDM-28641-TRA_771.jpg
193650617,Venta apartamento 2 dormitorios. Maldonado.,125000.0,2.0,1.0,60.0,80.0,Maldonado,0,0,,,False,1,https://www.infocasas.com.uy/venta-apartamento-2-dormitorios-maldonado/193650617,https://cdn1.infocasas.com.uy/repo/img/694874_DMC-16714-TRA_500.jpg
193675448,Apartamento como nuevo a pasos de la playa,230000.0,1.0,1.0,47.0,42.0,Playa Brava,-34.9445152,-54.9164532,,,False,1,https://www.infocasas.com.uy/apartamento-como-nuevo-a-pasos-de-la-playa/193675448,https://cdn1.infocasas.com.uy/web/69ec6c6962259_infocdn.jpg
193608416,Apartamento a estrenar en Punta del Este a cuadras del shopping sobre avenida Roosevelt,167000.0,1.0,1.0,51.0,51.0,Aidy Grill,-34.9407487,-54.9344136,,,False,1,https://www.infocasas.com.uy/apartamento-a-estrenar-en-punta-del-este-a-cuadras-del-shopping-sobre-avenida-roosevelt/193608416,https://cdn2.infocasas.com.uy/repo/img/69d749018abd7_infocdn__mynmofyi62e9i4lxrrm4natqiypfff3fgbwhtkvejpg.jpg
193643257,VENTA DEPARTAMENTO A ESTRENAR MANGLAR BRAVA 2 DORMITORIOS,330000.0,2.0,2.0,88.0,88.0,Playa Brava,-34.94928532804879,-54.92830609281538,2026.0,,False,1,https://www.infocasas.com.uy/venta-departamento-a-estrenar-manglar-brava-2-dormitorios/193643257,https://cdn1.infocasas.com.uy/repo/img/173608396_HAUS-4021-TRA_724.jpg
193757640,"Penthouse dúplex de 4 suites con azotea, parrillero y más de 500 m² de lujo contemporáneo",1750000.0,4.0,4.0,502.0,549.0,Playa Brava,0,0,,,False,1,https://www.infocasas.com.uy/penthouse-duplex-de-4-suites-con-azotea-parrillero-y-mas-de-500-m²-de-lujo-contemporaneo/193757640,https://cdn1.infocasas.com.uy/repo/img/173452776_DPT-170-TRA_230.jpg
193757080,Venta 3 suites a estrenar,1250000.0,3.0,3.0,168.0,213.0,Playa Brava,0,0,,,False,1,https://www.infocasas.com.uy/venta-3-suites-a-estrenar/193757080,https://cdn1.infocasas.com.uy/repo/img/147015_IPD-39273-TRA_415.jpg
193753839,Alquiler Anual Milenium 3 dormitorios y dependencia,1200000.0,3.0,3.0,230.0,230.0,Playa Mansa,-34.918002,-54.9765911,,,False,1,https://www.infocasas.com.uy/alquiler-anual-milenium-3-dormitorios-y-dependencia/193753839,https://cdn1.infocasas.com.uy/web/6a06cc72a93eb_infocdn.jpg
193390982,Venta y alquiler anual Apto 2D 2B Brava Punta con Amenities y próximo al mar,299000.0,2.0,2.0,60.0,72.0,Playa Brava,-34.9490957,-54.9311706,,,False,1,https://www.infocasas.com.uy/venta-y-alquiler-anual-apto-2d-2b-brava-punta-con-amenities-y-proximo-al-mar/193390982,https://cdn1.infocasas.com.uy/repo/img/974465_TRU-919-TRA_705.jpg
192812608,Apartamento en Mansa - Punta del Este en venta de 3 dormitorios.,940000.0,3.0,3.0,120.0,140.0,Playa Mansa,0,0,2021.0,,False,1,https://www.infocasas.com.uy/apartamento-en-mansa-punta-del-este-en-venta-de-3-dormitorios/192812608,https://cdn1.infocasas.com.uy/repo/img/599524_PAR-11185-TRA_230.jpg
193539995,Departamento - Manantiales,701000.0,3.0,3.0,209.0,112.0,Manantiales,-34.9051407,-54.8285652,,,False,1,https://www.infocasas.com.uy/departamento-manantiales/193539995,https://cdn1.infocasas.com.uy/web/69bbb6f9d5a08_infocdn.jpg
192577246,Departamento en Rincón del Indio,640000.0,2.0,2.0,250.0,130.0,Rincón del Indio,-34.9246547475,-54.8851912542,,,False,1,https://www.infocasas.com.uy/departamento-en-rincon-del-indio/192577246,https://cdn1.infocasas.com.uy/web/685e401cd935f_infocdn.jpg
192587075,DEPARTAMENTO EN VENTA A ESTRENAR PENINSULA PUNTA DEL ESTE,198000.0,1.0,1.0,50.0,50.0,Península,-34.96519651124592,-54.94514768321989,2024.0,,False,1,https://www.infocasas.com.uy/departamento-en-venta-a-estrenar-peninsula-punta-del-este/192587075,https://cdn1.infocasas.com.uy/repo/img/173608396_HAUS-3211-TRA_906.jpg
192649471,Venta Departamento 2 suites mas dependencia Playa Brava Punta del Este,670000.0,2.0,2.0,174.0,143.0,Playa Brava,-34.9368789,-54.9281496,,,False,1,https://www.infocasas.com.uy/venta-departamento-2-suites-mas-dependencia-playa-brava-punta-del-este/192649471,https://cdn1.infocasas.com.uy/web/68789c160bbb2_infocdn.jpg
193539952,"Departamento en  venta, 3 dormitorios + servicio, Roosevelt Punta del Este",320000.0,3.0,2.0,159.0,153.0,Roosevelt,-34.9166582,-54.9588008,,,False,1,https://www.infocasas.com.uy/departamento-en-venta-3-dormitorios-servicio-roosevelt-punta-del-este/193539952,https://cdn1.infocasas.com.uy/web/69bbb53f30bb9_infocdn.jpg
192780461,Venta departamento de 3 dormitorios en Roosevelt Punta del Este ,330000.0,3.0,2.0,77.0,77.0,Roosevelt,-34.9417304,-54.9145233,,,False,1,https://www.infocasas.com.uy/venta-departamento-de-3-dormitorios-en-roosevelt-punta-del-este-/192780461,https://cdn1.infocasas.com.uy/web/68a86f9227130_infocdn.jpg
192766609,"Moderno Apartamento de 1 Dormitorio en suite piso alto en Venta de Torre Surfside Village, Punta del Este",630000.0,1.0,1.0,115.0,115.0,Playa Brava,0,0,2021.0,,False,1,https://www.infocasas.com.uy/moderno-apartamento-de-1-dormitorio-en-suite-piso-alto-en-venta-de-torre-surfside-village-punta-del-este/192766609,https://cdn1.infocasas.com.uy/repo/img/173452776_DPT-679-TRA_804.jpg
189447752,Apartamento en Venta Tres Suites y Dependencia Playa Brava,880000.0,3.0,4.0,206.0,369.0,Playa Brava,0,0,,,,1,https://www.infocasas.com.uy/apartamento-en-venta-tres-suites-y-dependencia-playa-brava/189447752,https://cdn1.infocasas.com.uy/repo/img/405_CCP-33008-TRA_979.jpg
191223190,Le Parc III en venta esquinero piso alto en venta,1390000.0,3.0,3.0,227.0,242.0,Playa Brava,-34.94545545528991,-54.91757993896483,,,,1,https://www.infocasas.com.uy/le-parc-iii-en-venta-esquinero-piso-alto-en-venta/191223190,https://cdn1.infocasas.com.uy/repo/img/405_CCP-36779-TRA_990.jpg
192666138,Apartamento en venta en primera fila frente al mar,690000.0,3.0,3.0,115.0,160.0,Playa Mansa,0,0,,,,1,https://www.infocasas.com.uy/apartamento-en-venta-en-primera-fila-frente-al-mar/192666138,https://cdn1.infocasas.com.uy/repo/img/405_CCP-36312-TRA_245.jpg
188977965,Apartamento - Maldonado. 3 dormitorios,149000.0,3.0,1.0,110.0,110.0,Maldonado,-34.9238326,-54.9510457,,,False,1,https://www.infocasas.com.uy/apartamento-maldonado-3-dormitorios/188977965,https://cdn1.infocasas.com.uy/web/66d2d90e6a26c_infocdn.jpg
189038188,Apartamento - Maldonado,72000.0,2.0,1.0,54.0,54.0,Maldonado,-34.8890618,-54.9644484,,,False,1,https://www.infocasas.com.uy/apartamento-maldonado/189038188,https://cdn1.infocasas.com.uy/web/6509404de1e7d_infocdn.jpg
191271029,roosevelt,185000.0,1.0,1.0,54.0,54.0,Roosevelt,-34.9429313,-54.9310227,,,False,1,https://www.infocasas.com.uy/roosevelt/191271029,https://cdn1.infocasas.com.uy/web/66ced8ee27d79_infocdn.jpg
189660037,Apartamento - Solanas,200000.0,0.0,1.0,75.0,75.0,Solanas,-34.876005,-55.0513003,,,False,1,https://www.infocasas.com.uy/apartamento-solanas/189660037,https://cdn1.infocasas.com.uy/web/633bd76140b90_infocdn.jpg
189076408,Apartamento - Peninsula. Frente al mar. 3 dormitorios y parrillero de uso exclusivo,670000.0,3.0,3.0,153.0,153.0,Playa Brava,-34.9581623,-54.936751,,,False,1,https://www.infocasas.com.uy/apartamento-peninsula-frente-al-mar-3-dormitorios-y-parrillero-de-uso-exclusivo/189076408,https://cdn1.infocasas.com.uy/web/65bb3a1f44682_infocdn.jpg
191646511,Apartamento - Punta Ballena. 2 dormitorios,288000.0,2.0,2.0,114.0,79.0,Punta Ballena,-34.8917244,-55.0379361,,,False,1,https://www.infocasas.com.uy/apartamento-punta-ballena-2-dormitorios/191646511,https://cdn1.infocasas.com.uy/web/6729c7bf579ff_infocdn.jpg
193353877,Apartamento - Playa Brava,192516.0,0.0,1.0,45.0,45.0,Playa Brava,-34.9489039,-54.9325044,,,False,1,https://www.infocasas.com.uy/apartamento-playa-brava/193353877,https://cdn1.infocasas.com.uy/web/6982394d9c8dd_infocdn.jpg
192162131,(BPV-BPV-8594)  Apartamento EN venta 3 DORMITORIOS,510000.0,3.0,2.0,151.0,108.0,Punta del Este,-34.92545949079142,-54.89119928330183,2026.0,,False,1,https://www.infocasas.com.uy/bpvbpv8594-apartamento-en-venta-3-dormitorios/192162131,https://cdn1.infocasas.com.uy/repo/img/279_BPV-BPV-8594_45.jpg
192445288,Venta Apartamento 2 Dormitorios en Roosevelt,250000.0,2.0,1.0,63.0,51.0,Roosevelt,-34.9360588,-54.9378104,,,False,1,https://www.infocasas.com.uy/venta-apartamento-2-dormitorios-en-roosevelt/192445288,https://cdn1.infocasas.com.uy/web/68316e5a2ca45_infocdn.jpg
192259818,TORRES DEL ESTE - 3 DORMITORIOS,322000.0,3.0,2.0,131.0,131.0,Aidy Grill,-34.95153216209096,-54.933855583267196,2026.0,,False,1,https://www.infocasas.com.uy/torres-del-este-3-dormitorios/192259818,https://cdn1.infocasas.com.uy/repo/img/173608396_HAUS-185-TRA_501.jpg
192105149,Venta departamento un dormitorio playa mansa Saint Honore,240000.0,1.0,1.0,45.0,45.0,Playa Mansa,0,0,2020.0,,False,1,https://www.infocasas.com.uy/venta-departamento-un-dormitorio-playa-mansa-saint-honore/192105149,https://cdn1.infocasas.com.uy/repo/img/173608396_HAUS-3000-TRA_255.jpg
192635399,Departamento en venta 1 dormitorio - Roosevelt,184000.0,1.0,1.0,60.0,60.0,Roosevelt,-34.9372398,-54.935956,,,False,1,https://www.infocasas.com.uy/departamento-en-venta-1-dormitorio-roosevelt/192635399,https://cdn1.infocasas.com.uy/web/6874df5fda51f_infocdn.jpg
192056861,"Venta Penthouse duplex, Playa Mansa, Punta del Este",4500000.0,4.0,5.0,502.0,502.0,Playa Mansa,-34.92884836320621,-54.95941138355865,2022.0,,False,1,https://www.infocasas.com.uy/venta-penthouse-duplex-playa-mansa-punta-del-este/192056861,https://cdn1.infocasas.com.uy/repo/img/173612388_WRW-4765-TRA_623.jpg
193540123,Excelente apartamento a estrenar frente al mar,328000.0,2.0,2.0,114.0,81.0,Playa Mansa,-34.9211346,-54.971274,,,False,1,https://www.infocasas.com.uy/excelente-apartamento-a-estrenar-frente-al-mar/193540123,https://cdn1.infocasas.com.uy/web/69bbbcf18eed9_infocdn.jpg
190924550,Apartamento en mansa,312000.0,2.0,2.0,99.0,99.0,Playa Mansa,-34.9368789,-54.9281496,,,False,1,https://www.infocasas.com.uy/apartamento-en-mansa/190924550,https://cdn1.infocasas.com.uy/web/66178ad8b5f16_infocdn.jpg
190927291,Mansa,398000.0,3.0,2.0,149.0,79.0,Playa Mansa,-34.9542247,-54.9358507,,,False,1,https://www.infocasas.com.uy/mansa/190927291,https://cdn1.infocasas.com.uy/web/662a05910e3b0_infocdn.jpg
190928765,Venta departamento 3 dormitorios en Rincón del Indio,480000.0,3.0,3.0,160.0,133.0,Rincón del Indio,-34.9178088,-54.8696622,,,False,1,https://www.infocasas.com.uy/venta-departamento-3-dormitorios-en-rincon-del-indio/190928765,https://cdn1.infocasas.com.uy/web/662a0615c4f3e_infocdn.jpg
190931143,"Venta Terreno 1172 m2 Jardines de Córdoba, Punta del Este",260000.0,0.0,0.0,0.0,0.0,Punta del Este,-34.9166261,-54.941017,,,False,1,https://www.infocasas.com.uy/venta-terreno-1172-m2-jardines-de-cordoba-punta-del-este/190931143,https://cdn1.infocasas.com.uy/web/661855c10d6d7_infocdn.jpg
190927072,Venta apartamento 2 dormitorios Peninsula,265000.0,2.0,2.0,86.0,76.0,Península,-34.9606821,-54.9421643,,,False,1,https://www.infocasas.com.uy/venta-apartamento-2-dormitorios-peninsula/190927072,https://cdn1.infocasas.com.uy/web/66179f2b373cf_infocdn.jpg
190928823,Pent House frente al mar,1000000.0,3.0,3.0,122.0,122.0,Península,-34.9368789,-54.9281496,,,False,1,https://www.infocasas.com.uy/pent-house-frente-al-mar/190928823,https://cdn1.infocasas.com.uy/web/6617a6ed6c688_infocdn.jpg
190928850,Apartamento en Roosevelt,210000.0,2.0,2.0,80.0,59.0,Roosevelt,-34.9372398,-54.935956,,,False,1,https://www.infocasas.com.uy/apartamento-en-roosevelt/190928850,https://cdn1.infocasas.com.uy/web/66485df0c1be2_infocdn.jpg
190930113,Departamento - Playa Mansa,620000.0,3.0,3.0,123.0,103.0,Playa Mansa,-34.947806,-54.9401954,,,False,1,https://www.infocasas.com.uy/departamento-playa-mansa/190930113,https://cdn1.infocasas.com.uy/web/6617c1d734299_infocdn.jpg
190930205,Venta apartamento 2 dormitorios en suite Punta del Este,420000.0,2.0,2.0,105.0,87.0,Playa Brava,-34.9559887,-54.9379552,,,False,1,https://www.infocasas.com.uy/venta-apartamento-2-dormitorios-en-suite-punta-del-este/190930205,https://cdn1.infocasas.com.uy/web/6617c4a0944f4_infocdn.jpg
190930266,Venta apartamento 3 dormitorios más dependencia Punta del Este,650000.0,3.0,2.0,175.0,151.0,Península,-34.9635251,-54.9455682,,,False,1,https://www.infocasas.com.uy/venta-apartamento-3-dormitorios-mas-dependencia-punta-del-este/190930266,https://cdn1.infocasas.com.uy/web/6617c68577485_infocdn.jpg
191000365,Departamento - Roosevelt,300000.0,3.0,2.0,140.0,115.0,Roosevelt,-34.9362456344,-54.9294370603,,,False,1,https://www.infocasas.com.uy/departamento-roosevelt/191000365,https://cdn1.infocasas.com.uy/web/66476f78a3283_infocdn.jpg
191000411,Departamento - Playa Brava,410000.0,2.0,3.0,342.0,0.0,Playa Brava,-34.9498072755,-54.9295436868,,,False,1,https://www.infocasas.com.uy/departamento-playa-brava/191000411,https://cdn1.infocasas.com.uy/web/664771c90130e_infocdn.jpg
191084967,APARTAMENTO EN VENTA 3 DORMITORIOS EDIFICIO ATLANTICO,252000.0,3.0,2.0,78.0,87.0,Roosevelt,0,0,2023.0,,False,1,https://www.infocasas.com.uy/apartamento-en-venta-3-dormitorios-edificio-atlantico/191084967,https://cdn1.infocasas.com.uy/repo/img/132785_RSP-15677-TRA_43.jpg
190929943,Departamento - Playa Mansa,1100000.0,3.0,3.0,240.0,240.0,Playa Mansa,-34.9476716,-54.9409908,,,False,1,https://www.infocasas.com.uy/departamento-playa-mansa/190929943,https://cdn1.infocasas.com.uy/web/6617bd81ee46a_infocdn.jpg
190929992,Departamento - Roosevelt,420000.0,3.0,2.0,132.0,104.0,Roosevelt,-34.9238206,-54.9510276,,,False,1,https://www.infocasas.com.uy/departamento-roosevelt/190929992,https://cdn1.infocasas.com.uy/web/6617bf46f2318_infocdn.jpg
191008408,La Barra a metros del mar  ,2000000.0,3.0,3.0,251.0,190.0,La Barra,-34.9167667,-54.8549758,,,False,1,https://www.infocasas.com.uy/la-barra-a-metros-del-mar-/191008408,https://cdn1.infocasas.com.uy/web/6651a6271a5f7_infocdn.jpg
191008418,Departamento - Manantiales,970000.0,3.0,2.0,165.0,104.0,Manantiales,-34.904868041,-54.8284506798,,,False,1,https://www.infocasas.com.uy/departamento-manantiales/191008418,https://cdn1.infocasas.com.uy/web/6651a6784ede8_infocdn.jpg
191067090,Departamento en Venta Torrelobos,980000.0,4.0,3.0,310.0,260.0,Playa Brava,-34.947001,-54.923885,,,False,1,https://www.infocasas.com.uy/departamento-en-venta-torrelobos/191067090,https://cdn1.infocasas.com.uy/web/667aada71dbe2_infocdn.jpg
190930917,Venta Apartamento de 3 suite en Playa Mansa Punta del Este,460000.0,3.0,3.0,170.0,116.0,Playa Mansa,-34.918002,-54.9765911,,,False,1,https://www.infocasas.com.uy/venta-apartamento-de-3-suite-en-playa-mansa-punta-del-este/190930917,https://cdn1.infocasas.com.uy/web/66184c74941ed_infocdn.jpg
190930936,Apartamento a estrenar en primera linea,520000.0,3.0,3.0,166.0,109.0,Playa Mansa,-34.9237845,-54.9164953,,,False,1,https://www.infocasas.com.uy/apartamento-a-estrenar-en-primera-linea/190930936,https://cdn1.infocasas.com.uy/web/66184d36d6507_infocdn.jpg
192129822,SURFSIDE 03 - 2 DORMS,730000.0,2.0,3.0,175.0,208.0,Playa Brava,-34.947924,-54.92697649999999,2023.0,,False,1,https://www.infocasas.com.uy/surfside-03-2-dorms/192129822,https://cdn1.infocasas.com.uy/repo/img/256162_MKT-6824-TRA_347.jpg
192129460,LE PARC 4 - CENTRAL 02,1200000.0,3.0,4.0,170.0,214.0,Playa Brava,-34.947924,-54.92697649999999,2024.0,,False,1,https://www.infocasas.com.uy/le-parc-4-central-02/192129460,https://cdn1.infocasas.com.uy/repo/img/256162_MKT-6284-TRA_354.jpg
192162011,(BPV-BPV-8337)  Apartamento EN venta 2 DORMITORIOS,750000.0,2.0,3.0,163.0,120.0,Playa Brava,-34.9345765,-54.9029916,2026.0,,False,1,https://www.infocasas.com.uy/bpvbpv8337-apartamento-en-venta-2-dormitorios/192162011,https://cdn1.infocasas.com.uy/repo/img/279_BPV-BPV-8337_254.jpg
191290782,Apartamento en Aidy Grill,180000.0,1.0,1.0,72.0,59.0,Aidy Grill,-34.9431337286,-54.9295713079,,,False,1,https://www.infocasas.com.uy/apartamento-en-aidy-grill/191290782,https://cdn1.infocasas.com.uy/web/66d2ce243e5d2_infocdn.jpg
191068344,Departamento PH en Venta en Silente TM5026902,1200000.0,3.0,3.0,470.0,188.0,Playa Brava,-34.9581623,-54.936751,,,False,1,https://www.infocasas.com.uy/departamento-ph-en-venta-en-silente-tm5026902/191068344,https://cdn1.infocasas.com.uy/web/667ae52981120_infocdn.jpg
190852263,"A una cuadra del mar con todos los servicios, Playa Brava, Punta del Este.  ALQUILER INVERNAL U$S 1300 POR MES",400000.0,2.0,2.0,99.0,128.0,Playa Brava,-34.94903469890746,-54.92856626708988,,,False,1,https://www.infocasas.com.uy/a-una-cuadra-del-mar-con-todos-los-servicios-playa-brava-punta-del-este-alquiler-invernal-us-1300-por-mes/190852263,https://cdn1.infocasas.com.uy/repo/img/202911_TDP-5020-TRA_872.jpg
190960723,"Venta apartamento 2 dormitorios con terraza en Península, Punta del Este",238000.0,2.0,2.0,65.0,60.0,Península,-34.9346143,-54.9243355,,,False,1,https://www.infocasas.com.uy/venta-apartamento-2-dormitorios-con-terraza-en-peninsula-punta-del-este/190960723,https://cdn1.infocasas.com.uy/web/661d32a53e94c_infocdn.jpg
190960770,3 dormitorios 2 baños vista al mar 2 terrazas y parrillero - Península punta del este,285000.0,3.0,2.0,80.0,80.0,Península,-34.9615931,-54.9458338,,,False,1,https://www.infocasas.com.uy/3-dormitorios-2-baños-vista-al-mar-2-terrazas-y-parrillero-peninsula-punta-del-este/190960770,https://cdn1.infocasas.com.uy/web/661d3456eb36b_infocdn.jpg
190960841,Apartamento 2 dormitorios - Cantegril,260000.0,2.0,2.0,75.0,0.0,Cantegril,-34.9245749,-54.9466108,,,False,1,https://www.infocasas.com.uy/apartamento-2-dormitorios-cantegril/190960841,https://cdn1.infocasas.com.uy/web/661d3793e083b_infocdn.jpg
189789628,"Penthouse a estrenar en venta con agradable vista al Mar,",420000.0,1.0,1.0,55.0,118.0,José Ignacio,0,0,,,False,1,https://www.infocasas.com.uy/penthouse-a-estrenar-en-venta-con-agradable-vista-al-mar/189789628,https://cdn1.infocasas.com.uy/repo/img/173012432_NDM-12546-TRA_80.jpg
188111694,Temporada 2020-  Apto - Punta Ballena,375000.0,2.0,2.0,85.0,85.0,Punta Ballena,-34.8889634,-55.0388678,,,False,1,https://www.infocasas.com.uy/temporada-2020-apto-punta-ballena/188111694,https://cdn1.infocasas.com.uy/web/6537c375b2d42_infocdn.jpg
190961409,"Venta apartamento 3 dormitorios con amplia terraza con parrillero, Playa Mansa Punta del Este",350492.0,3.0,2.0,156.0,93.0,Playa Brava,-34.9491101,-54.9284197,,,False,1,https://www.infocasas.com.uy/venta-apartamento-3-dormitorios-con-amplia-terraza-con-parrillero-playa-mansa-punta-del-este/190961409,https://cdn1.infocasas.com.uy/web/661d464b541f9_infocdn.jpg
190961424,apartamento de 3 dormitorios en primera linea de la mansa,470000.0,3.0,3.0,155.0,130.0,Playa Mansa,-34.9233682056,-54.9666347401,,,False,1,https://www.infocasas.com.uy/apartamento-de-3-dormitorios-en-primera-linea-de-la-mansa/190961424,https://cdn1.infocasas.com.uy/web/661d4694cdbac_infocdn.jpg
190961824,Apartamento en venta 2 dormitorios,230000.0,2.0,3.0,68.0,68.0,Roosevelt,-34.9425233,-54.914629,,,False,1,https://www.infocasas.com.uy/apartamento-en-venta-2-dormitorios/190961824,https://cdn1.infocasas.com.uy/web/661d4eb9db6b1_infocdn.jpg
190966402,Apartamento - Manantiales,530000.0,2.0,2.0,155.0,73.0,Manantiales,-34.9047484274,-54.8295323868,,,False,1,https://www.infocasas.com.uy/apartamento-manantiales/190966402,https://cdn1.infocasas.com.uy/web/661ee022acc4a_infocdn.jpg
186556171,"Penthouse, Playa Brava",1895000.0,3.0,3.0,500.0,0.0,Playa Brava,-34.921392632,-54.8756706238,,,False,1,https://www.infocasas.com.uy/penthouse-playa-brava/186556171,https://cdn1.infocasas.com.uy/web/6537bf16cf663_infocdn.jpg
289791,Venta o Alquiler Aquarela - Playa Mansa -  4 dormitorios mas dependencia,1000000.0,4.0,3.0,253.0,253.0,Playa Mansa,-34.9276558445,-54.9609434128,,,True,1,https://www.infocasas.com.uy/venta-o-alquiler-aquarela-playa-mansa-4-dormitorios-mas-dependencia/289791,https://cdn1.infocasas.com.uy/repo/img/50ef9793ee937a563149d34148f233feafdd0d6a.jpg#HASTH
291455,Departamento - Punta del Este,650000.0,4.0,3.0,3.0,400.0,Punta del Este,-32.522779,-55.765835,,,False,1,https://www.infocasas.com.uy/departamento-punta-del-este/291455,https://cdn1.infocasas.com.uy/web/649ef4b57b83c_infocdn.jpg
291446,"Departamento en venta, 2 dormitorios, Roosevelt, Punta del Este",270000.0,2.0,2.0,111.0,90.0,Roosevelt,-32.522779,-55.765835,,,False,1,https://www.infocasas.com.uy/departamento-en-venta-2-dormitorios-roosevelt-punta-del-este/291446,https://cdn1.infocasas.com.uy/web/649ef49ada8aa_infocdn.jpg
186526551,Departamento en venta de 2 dormitorios Surfside - Rincon del Indio,950000.0,2.0,2.0,226.0,149.0,Rincón del Indio,-34.918229102,-54.872939158,,,False,1,https://www.infocasas.com.uy/departamento-en-venta-de-2-dormitorios-surfside-rincon-del-indio/186526551,https://cdn1.infocasas.com.uy/web/675e7e895118d_infocdn.jpg
193086133,En venta apartamento de 3 dormitorios en Manantiales Punta del Este,850000.0,3.0,4.0,104.0,166.0,Manantiales,0,0,,,False,1,https://www.infocasas.com.uy/en-venta-apartamento-de-3-dormitorios-en-manantiales-punta-del-este/193086133,https://cdn1.infocasas.com.uy/repo/img/176030818_CDV-232-TRA_734.jpg
192415398,"Apartamento de un dormitorio en Punta del Este, Playa Mansa en Alquiler Anual",195000.0,1.0,1.0,55.0,55.0,Playa Mansa,0,0,2022.0,,False,1,https://www.infocasas.com.uy/apartamento-de-un-dormitorio-en-punta-del-este-playa-mansa-en-alquiler-anual/192415398,https://cdn1.infocasas.com.uy/repo/img/405_CCP-34182-TRA_554.jpg
190276140,"Apartamento en Venta a Estrenar de Dos Dormitorios Zona Aidy Gril, Punta del Este",270000.0,2.0,2.0,100.0,100.0,Aidy Grill,0,0,,,False,1,https://www.infocasas.com.uy/apartamento-en-venta-a-estrenar-de-dos-dormitorios-zona-aidy-gril-punta-del-este/190276140,https://cdn1.infocasas.com.uy/repo/img/405_CCP-34399-TRA_262.jpg
191219725,Apartamento en Venta 2 Dormitorios,230000.0,2.0,1.0,55.0,65.0,Aidy Grill,0,0,2020.0,,False,1,https://www.infocasas.com.uy/apartamento-en-venta-2-dormitorios/191219725,https://cdn1.infocasas.com.uy/repo/img/405_CCP-34830-TRA_801.jpg
193626225,Apartamento en Venta Art Tower Tres Dormitorios en Suite,650000.0,3.0,3.0,135.0,162.0,Playa Mansa,-34.95181136319372,-54.93605767686847,,,False,1,https://www.infocasas.com.uy/apartamento-en-venta-art-tower-tres-dormitorios-en-suite/193626225,https://cdn1.infocasas.com.uy/repo/img/405_CCP-32684-TRA_279.jpg
193512972,"Apartamento con vista al Mar en venta de dos dormitorios, La Pastora, Punta del Este.",300000.0,2.0,2.0,86.0,86.0,Aidy Grill,0,0,2020.0,,False,1,https://www.infocasas.com.uy/apartamento-con-vista-al-mar-en-venta-de-dos-dormitorios-la-pastora-punta-del-este/193512972,https://cdn1.infocasas.com.uy/repo/img/405_CCP-39839-TRA_245.jpg
189491339,"Silente IV, Parada 32 Playa Brava 3 suites y Dependencia",643500.0,3.0,4.0,183.0,237.0,Playa Brava,0,0,,,False,1,https://www.infocasas.com.uy/silente-iv-parada-32-playa-brava-3-suites-y-dependencia/189491339,https://cdn1.infocasas.com.uy/repo/img/405_CCP-33050-TRA_188.jpg
193211842,Venta Apartamento 2 Dormitorios con Renta  Maldonado Centro,143215.0,2.0,1.0,65.0,52.0,Centro,-34.9069723,-54.9566137,,,False,1,https://www.infocasas.com.uy/venta-apartamento-2-dormitorios-con-renta-maldonado-centro/193211842,https://cdn1.infocasas.com.uy/web/6942566b8ca3a_infocdn.jpg
193178674,Vende apartamento de 2 dormitorios en punta del este,270000.0,2.0,1.0,89.0,89.0,Roosevelt,0,0,2023.0,,False,1,https://www.infocasas.com.uy/vende-apartamento-de-2-dormitorios-en-punta-del-este/193178674,https://cdn1.infocasas.com.uy/repo/img/173012432_NDM-23435-TRA_85.jpg
193759846,Venta apartamento 2 dormitorios,810000.0,2.0,3.0,165.0,0.0,Playa Brava,0,0,,,False,1,https://www.infocasas.com.uy/venta-apartamento-2-dormitorios/193759846,https://cdn1.infocasas.com.uy/repo/img/173224178_ARE-5510-TRA_24.jpg
193745618,Apartamento 2 dormitorios en Maldonado ideal para renta,150000.0,2.0,1.0,73.0,0.0,Maldonado,0,0,2019.0,,False,1,https://www.infocasas.com.uy/apartamento-2-dormitorios-en-maldonado-ideal-para-renta/193745618,https://cdn1.infocasas.com.uy/repo/img/202911_TDP-9788-TRA_350.jpg
193744432,TORRE DEL ESTE,395000.0,3.0,3.0,131.0,131.0,Playa Mansa,0,0,,,False,1,https://www.infocasas.com.uy/torre-del-este/193744432,https://cdn1.infocasas.com.uy/repo/img/202911_TDP-9795-TRA_415.jpg
193671215,"Venta Apartamento de 1 dorm. 1 baño 50m2, Piriapolis, Maldonado",185000.0,1.0,1.0,50.0,0.0,Cerro San Antonio,-34.872059341514635,-55.27448099790039,2026.0,,False,1,https://www.infocasas.com.uy/venta-apartamento-de-1-dorm-1-baño-50m2-piriapolis-maldonado/193671215,https://cdn1.infocasas.com.uy/repo/img/176434890_SMR-41686-TRA_754.jpg
193433153,Departamento en  Venta en Jose Ignacio Planta Baja,585000.0,3.0,2.0,191.0,80.0,José Ignacio,-34.8349339285,-54.6482688183,,,False,1,https://www.infocasas.com.uy/departamento-en-venta-en-jose-ignacio-planta-baja/193433153,https://cdn1.infocasas.com.uy/web/699e12e58eda6_infocdn.jpg
193429663,"Moderno Apartamento de 2 Dormitorios en Playa Brava, Punta del Este - Ref : EQP7453",290000.0,2.0,2.0,78.0,86.0,Aidy Grill,0,0,2021.0,,False,1,https://www.infocasas.com.uy/moderno-apartamento-de-2-dormitorios-en-playa-brava-punta-del-este-ref-eqp7453/193429663,https://cdn1.infocasas.com.uy/repo/img/176001116_EQP-7453-TRA_938.jpg
193178880,Venta apartamento 2 dormitorios punta del este,253000.0,2.0,2.0,69.0,75.0,Roosevelt,-34.931330428775944,-54.94249229629515,,,False,1,https://www.infocasas.com.uy/venta-apartamento-2-dormitorios-punta-del-este/193178880,https://cdn1.infocasas.com.uy/repo/img/694874_DMC-15134-TRA_457.jpg
193166558,Venta Apto 2D a estrenar Brava Punta con Amenities prox mar,305000.0,2.0,2.0,70.0,82.0,Playa Brava,-34.9490957,-54.9311706,,,False,1,https://www.infocasas.com.uy/venta-apto-2d-a-estrenar-brava-punta-con-amenities-prox-mar/193166558,https://cdn1.infocasas.com.uy/repo/img/974465_TRU-563-TRA_970.jpg
193478414,Apartamento tipo casa de 2 dormitorios a estrenar con gran terraza y jardín Playa Mansa Punta del Este,388000.0,2.0,2.0,220.0,220.0,Playa Mansa,-34.926334195745525,-54.95849971969603,2025.0,,False,1,https://www.infocasas.com.uy/apartamento-tipo-casa-de-2-dormitorios-a-estrenar-con-gran-terraza-y-jardin-playa-mansa-punta-del-este/193478414,https://cdn1.infocasas.com.uy/repo/img/173608395_ASR-4376-TRA_617.jpg
193144055,Venta Apartamento 2 Dormitorios y Amenities en Playa Mansa,469299.0,2.0,2.0,132.0,0.0,Playa Mansa,-34.918002,-54.9765911,,,False,1,https://www.infocasas.com.uy/venta-apartamento-2-dormitorios-y-amenities-en-playa-mansa/193144055,https://cdn1.infocasas.com.uy/web/6974723a082c7_infocdn.jpg
193058330,Poseidón Laguna — Apartamento a estrenar de 2 dormitorios en Playa Mansa.,437500.0,2.0,3.0,127.0,88.0,Laguna del Diario,-34.9082188,-55.0087347,,,False,1,https://www.infocasas.com.uy/poseidon-laguna-—-apartamento-a-estrenar-de-2-dormitorios-en-playa-mansa/193058330,https://cdn1.infocasas.com.uy/web/6909a70ca7a4c_infocdn.jpg
193666283,Departamento en Venta Manantiales Sense 2 TM7975019,765000.0,2.0,2.0,275.0,121.0,Manantiales,-34.9064123635,-54.8376725816,,,False,1,https://www.infocasas.com.uy/departamento-en-venta-manantiales-sense-2-tm7975019/193666283,https://cdn1.infocasas.com.uy/web/69e9c23edf6a3_infocdn.jpg
193309653,Venta de apartamento 3 Dormitorios con 3 baños y un mentraje imponente. OPORTUNIDAD.,489000.0,3.0,3.0,153.0,187.0,Roosevelt,-34.9306399,-54.94356029999999,2016.0,,False,1,https://www.infocasas.com.uy/venta-de-apartamento-3-dormitorios-con-3-baños-y-un-mentraje-imponente-oportunidad/193309653,https://cdn1.infocasas.com.uy/repo/img/176389669_TEK-9637-TRA_242.jpg
193757849,Penthouse Sense Manantiales,1850000.0,3.0,3.0,396.0,196.0,Manantiales,-34.9055325,-54.8262571,,,False,1,https://www.infocasas.com.uy/penthouse-sense-manantiales/193757849,https://cdn1.infocasas.com.uy/web/6a081db36afe5_infocdn.jpg
193586287,"Venta de monoambiente ideal para estudiantes, profesionales y alquiler .",137000.0,0.0,1.0,37.0,0.0,Roosevelt,0,0,,,False,1,https://www.infocasas.com.uy/venta-de-monoambiente-ideal-para-estudiantes-profesionales-y-alquiler-/193586287,https://cdn1.infocasas.com.uy/repo/img/204201_SNA-169122-TRA_768.jpg
193617858,Apartamento de 2 dormitorios en venta,290000.0,2.0,2.0,68.0,80.0,Playa Brava,0,0,,,False,1,https://www.infocasas.com.uy/apartamento-de-2-dormitorios-en-venta/193617858,https://cdn1.infocasas.com.uy/repo/img/203121_SIP-13627-TRA_314.jpg
193598944,Torres del Este excelente orientación y vistas en piso 10,189000.0,1.0,1.0,50.0,0.0,Aidy Grill,0,0,,,False,1,https://www.infocasas.com.uy/torres-del-este-excelente-orientacion-y-vistas-en-piso-10/193598944,https://cdn1.infocasas.com.uy/repo/img/5226_NLV-225130-TRA_350.jpg
193552692,Apartamento 4 dormitorios Playa Brava Punta del Este,680000.0,4.0,3.0,165.0,165.0,Playa Brava,-34.9445152,-54.9164532,,,False,1,https://www.infocasas.com.uy/apartamento-4-dormitorios-playa-brava-punta-del-este/193552692,https://cdn1.infocasas.com.uy/web/69c0aacab3b69_infocdn.jpg
193682354,Unidad Esquinera de 2 Dormitorios con Gran Terraza y garage en subsuelo en Playa Mansa,375000.0,2.0,2.0,88.0,88.0,Playa Mansa,-34.938215810964024,-54.949082364343255,,,False,1,https://www.infocasas.com.uy/unidad-esquinera-de-2-dormitorios-con-gran-terraza-y-garage-en-subsuelo-en-playa-mansa/193682354,https://cdn1.infocasas.com.uy/repo/img/173608395_ASR-4740-TRA_864.jpg
193702588,"Departamento a estrenar de 2 dormitorios en venta en Torres del Este, Punta del Este",320000.0,2.0,2.0,63.0,78.0,Playa Mansa,0,0,2025.0,,False,1,https://www.infocasas.com.uy/departamento-a-estrenar-de-2-dormitorios-en-venta-en-torres-del-este-punta-del-este/193702588,https://cdn1.infocasas.com.uy/repo/img/173012432_NDM-25951-TRA_42.jpg
193687688,OPORTUNIDAD TORRE DE CATEGORIA,420000.0,3.0,2.0,101.0,131.0,Playa Mansa,-34.951445562564416,-54.9343411645569,2025.0,,False,1,https://www.infocasas.com.uy/oportunidad-torre-de-categoria/193687688,https://cdn1.infocasas.com.uy/repo/img/241439_SUE-4381-TRA_247.jpg
193421927,Venta apartamento dos dormitorios Punta del este Playa Mansa Parrillero propio,220000.0,2.0,2.0,63.0,63.0,Playa Mansa,0,0,2025.0,,False,1,https://www.infocasas.com.uy/venta-apartamento-dos-dormitorios-punta-del-este-playa-mansa-parrillero-propio/193421927,https://cdn1.infocasas.com.uy/repo/img/173898037_BYH-6609-TRA_796.jpg
192718709,Venta de apartamento a estrenar 1 dormitorio shopping Atlantico,165000.0,1.0,1.0,52.0,52.0,Maldonado,0,0,2024.0,,False,1,https://www.infocasas.com.uy/venta-de-apartamento-a-estrenar-1-dormitorio-shopping-atlantico/192718709,https://cdn1.infocasas.com.uy/repo/img/1189_MYT-5419-TRA_124.jpg
193589533,Espectacular  apartamento a estrenar!!,1250000.0,3.0,3.0,213.0,213.0,Playa Brava,0,0,,,False,1,https://www.infocasas.com.uy/espectacular-apartamento-a-estrenar/193589533,https://cdn1.infocasas.com.uy/repo/img/5226_NLV-225093-TRA_215.jpg
192996546,"Aduana 102 Departamento en Venta con Vista al Mar, Manantiales - TM7427387",270000.0,2.0,2.0,87.0,74.0,Manantiales,-34.9055539975,-54.8265883942,,,False,1,https://www.infocasas.com.uy/aduana-102-departamento-en-venta-con-vista-al-mar-manantiales-tm7427387/192996546,https://cdn1.infocasas.com.uy/web/68f33adf6ed08_infocdn.jpg
192635349,Departamento en venta monoambiente - Punta del Este,130000.0,0.0,1.0,31.0,29.0,Península,-34.9615971,-54.9431868,,,False,1,https://www.infocasas.com.uy/departamento-en-venta-monoambiente-punta-del-este/192635349,https://cdn1.infocasas.com.uy/web/69006f79aa9a0_infocdn.jpg
192533157,Moderno apartamento próximo a Punta shopping con vista panorámica y variedad de amenities,385000.0,3.0,2.0,125.0,92.0,Aidy Grill,-34.9423169,-54.9312906,,,False,1,https://www.infocasas.com.uy/moderno-apartamento-proximo-a-punta-shopping-con-vista-panoramica-y-variedad-de-amenities/192533157,https://cdn1.infocasas.com.uy/web/684fbdb19011e_infocdn.jpg
192323889,Departamento en  Playa Brava,1500000.0,3.0,3.0,295.0,211.0,Playa Brava,-34.9469,-54.92335,,,False,1,https://www.infocasas.com.uy/departamento-en-playa-brava/192323889,https://cdn1.infocasas.com.uy/web/681079122cdce_infocdn.jpg
192634966,Departamento en venta 3 Dormitorios Edificio Torreón  Playa Mansa,580000.0,3.0,3.0,170.0,149.0,Playa Mansa,-34.950221,-54.9384593,,,False,1,https://www.infocasas.com.uy/departamento-en-venta-3-dormitorios-edificio-torreon-playa-mansa/192634966,https://cdn1.infocasas.com.uy/web/6874cb99cffaf_infocdn.jpg
192524549,"Moderno Apartamento de 1 Dormitorio en suite piso alto en Venta de Torre Surfside Village, Punta del Este",630000.0,1.0,1.0,115.0,115.0,Playa Brava,0,0,2021.0,,False,1,https://www.infocasas.com.uy/moderno-apartamento-de-1-dormitorio-en-suite-piso-alto-en-venta-de-torre-surfside-village-punta-del-este/192524549,https://cdn1.infocasas.com.uy/repo/img/175716718_CHZ-965-TRA_351.jpg
192381541,"Espectacular Apartamento de Dos Dormitorios, Dependencia y Parrillero a Estrenar en Punta del Este - Ref : EQP5195",595000.0,2.0,2.0,203.0,219.0,Rincón del Indio,0,0,,,False,1,https://www.infocasas.com.uy/espectacular-apartamento-de-dos-dormitorios-dependencia-y-parrillero-a-estrenar-en-punta-del-este-ref-eqp5195/192381541,https://cdn1.infocasas.com.uy/repo/img/176001116_EQP-5195-TRA_166.jpg
191988978,Departamento  frente al mar de 3 dormitorios - Playa mansa -Punta del este,465000.0,3.0,2.0,130.0,109.0,Playa Mansa,-34.9147896599,-54.9801115315,,,False,1,https://www.infocasas.com.uy/departamento-frente-al-mar-de-3-dormitorios-playa-mansa-punta-del-este/191988978,https://cdn1.infocasas.com.uy/web/67a73d33d89a9_infocdn.jpg
191848641,"Trump Tower. Piso alto, 2 suites + baño social. Garaje",950000.0,2.0,2.0,136.0,162.0,Playa Brava,0,0,2024.0,,False,1,https://www.infocasas.com.uy/trump-tower-piso-alto-2-suites-baño-social-garaje/191848641,https://cdn1.infocasas.com.uy/repo/img/243_NYP-39250-TRA_966.jpg
192471873,Departamentos en edificio Pampas.,319000.0,3.0,2.0,127.0,0.0,Playa Brava,0,0,2016.0,,False,1,https://www.infocasas.com.uy/departamentos-en-edificio-pampas/192471873,https://cdn1.infocasas.com.uy/repo/img/173012432_NDM-3112-TRA_561.jpg
192298247,Departamento en Venta La Barra Primer piso - TM6933320,1850000.0,3.0,3.0,252.0,193.0,Montoya,-34.9166445297,-54.8548833656,,,False,1,https://www.infocasas.com.uy/departamento-en-venta-la-barra-primer-piso-tm6933320/192298247,https://cdn1.infocasas.com.uy/web/68088d0e88b17_infocdn.jpg
192162855,(BPV-BPV-9918)  Apartamento en venta Sense Manantiales 3 dormitorios,1200000.0,4.0,3.0,207.0,155.0,Manantiales,-34.905078,-54.8281102,2025.0,,False,1,https://www.infocasas.com.uy/bpvbpv9918-apartamento-en-venta-sense-manantiales-3-dormitorios/192162855,https://cdn1.infocasas.com.uy/repo/img/279_BPV-BPV-9918_703.jpg
192216549,venta apartamento 3 dormitorios Punta del Este,255000.0,3.0,2.0,78.0,117.0,Playa Mansa,0,0,2022.0,,False,1,https://www.infocasas.com.uy/venta-apartamento-3-dormitorios-punta-del-este/192216549,https://cdn1.infocasas.com.uy/repo/img/173608396_HAUS-1461-TRA_29.jpg
192640592,Gran oportunidad de departamento en linda zona,186000.0,1.0,1.0,71.0,68.0,Aidy Grill,0,0,2022.0,,False,1,https://www.infocasas.com.uy/gran-oportunidad-de-departamento-en-linda-zona/192640592,https://cdn1.infocasas.com.uy/repo/img/173012432_NDM-8875-TRA_763.jpg
192687941,Venta apartamento dos dormitorios punta del este playa brava edificio siglo sol ii vista al mar,285000.0,2.0,2.0,81.0,89.0,Playa Brava,0,0,2021.0,,False,1,https://www.infocasas.com.uy/venta-apartamento-dos-dormitorios-punta-del-este-playa-brava-edificio-siglo-sol-ii-vista-al-mar/192687941,https://cdn1.infocasas.com.uy/repo/img/173012432_NDM-27005-TRA_769.jpg
192634915,"Apartamento en Edificio Biarritz, Punta del Este",85000.0,0.0,1.0,28.0,28.0,Península,-34.9616425,-54.9446079,,,False,1,https://www.infocasas.com.uy/apartamento-en-edificio-biarritz-punta-del-este/192634915,https://cdn1.infocasas.com.uy/web/6874b3d87933a_infocdn.jpg
192720764,Vende departamento de 3 suites en Punta del Este.,834000.0,3.0,3.0,160.0,212.0,Playa Brava,0,0,,,False,1,https://www.infocasas.com.uy/vende-departamento-de-3-suites-en-punta-del-este/192720764,https://cdn1.infocasas.com.uy/repo/img/173012432_NDM-20673-TRA_885.jpg
192026540,"Departamento en venta Ocean Drive - Punta del Este, cerca  Shopping",240000.0,1.0,1.0,65.0,65.0,Roosevelt,-34.9454109749,-54.9293179681,,,False,1,https://www.infocasas.com.uy/departamento-en-venta-ocean-drive-punta-del-este-cerca-shopping/192026540,https://cdn1.infocasas.com.uy/web/67b04357a4579_infocdn.jpg
192161171,(BPV-BPV-5897)  Apartamento EN venta 3 DORMITORIOS,417000.0,3.0,3.0,117.0,117.0,Punta del Este,-34.920842699724595,-54.954900113035265,2026.0,,False,1,https://www.infocasas.com.uy/bpvbpv5897-apartamento-en-venta-3-dormitorios/192161171,https://cdn1.infocasas.com.uy/repo/img/279_BPV-BPV-5897_96.jpg
193586445,PENT HOUSE EN PINARES PRIMERA FILA 3 DORMITORIOS A ESTRENAR - Ref : EQP8090,950000.0,3.0,3.0,136.0,170.0,Pinares,0,0,,,False,1,https://www.infocasas.com.uy/pent-house-en-pinares-primera-fila-3-dormitorios-a-estrenar-ref-eqp8090/193586445,https://cdn1.infocasas.com.uy/repo/img/176001116_EQP-8090-TRA_963.jpg
192008114,Impecable departamento de 2 dormitorios a estrenar.,199000.0,2.0,2.0,77.0,136.0,Pinares,0,0,,,False,1,https://www.infocasas.com.uy/impecable-departamento-de-2-dormitorios-a-estrenar/192008114,https://cdn1.infocasas.com.uy/repo/img/173012432_NDM-17070-TRA_214.jpg
191232056,"VENTA APARTAMENTO VIEW ll PUNTA DEL ESTE, ENTREGA 2025, DOS DORMITORIOS",281000.0,2.0,2.0,69.0,69.0,Roosevelt,0,0,2025.0,,False,1,https://www.infocasas.com.uy/venta-apartamento-view-ll-punta-del-este-entrega-2025-dos-dormitorios/191232056,https://cdn1.infocasas.com.uy/repo/img/1189_MYT-4831-TRA_799.jpg
193761281,Venta apartamento 2 dormitorios - Zona Aidy Grill,255000.0,2.0,2.0,68.0,102.0,Aidy Grill,0,0,,,False,1,https://www.infocasas.com.uy/venta-apartamento-2-dormitorios-zona-aidy-grill/193761281,https://cdn1.infocasas.com.uy/repo/img/173224178_ARE-6102-TRA_901.jpg
191650971,VENTA DEPARTAMENTO A ESTRENAR 1 DORMITORIO PUNTA DEL ESTE EDIFCIO SUDESTE,186000.0,1.0,1.0,48.0,48.0,Península,-34.96519651124592,-54.94514768321989,2024.0,,False,1,https://www.infocasas.com.uy/venta-departamento-a-estrenar-1-dormitorio-punta-del-este-edifcio-sudeste/191650971,https://cdn1.infocasas.com.uy/repo/img/173608396_HAUS-2597-TRA_673.jpg
190956160,"Duplex   Loft amoblados, Punta del Este Parada 32 Playa Brava",1450000.0,5.0,3.0,520.0,0.0,Rincón del Indio,-34.9222090614,-54.8784728748,,,False,1,https://www.infocasas.com.uy/duplex-loft-amoblados-punta-del-este-parada-32-playa-brava/190956160,https://cdn1.infocasas.com.uy/web/661994d5aa9e7_infocdn.jpg
190931482,Venta Apartamento 1 dormitorio Punta del Este A Estrenar Bajos gastos comunes,198000.0,1.0,1.0,64.0,47.0,Roosevelt,-34.9429515,-54.9309942,,,False,1,https://www.infocasas.com.uy/venta-apartamento-1-dormitorio-punta-del-este-a-estrenar-bajos-gastos-comunes/190931482,https://cdn1.infocasas.com.uy/web/6618640328ba5_infocdn.jpg
190931566,Venta Apartamento en excelente barrio privado Solanas Punta del Este,150000.0,0.0,1.0,38.0,32.0,Solanas,-34.8735338,-55.0485249,,,False,1,https://www.infocasas.com.uy/venta-apartamento-en-excelente-barrio-privado-solanas-punta-del-este/190931566,https://cdn1.infocasas.com.uy/web/6618664808491_infocdn.jpg
190930525,Venta apartamento 2 dormitorios Punta Ballena Las Grutas Vista al Mar Amenities,329000.0,2.0,2.0,84.0,64.0,Punta Ballena,-34.9059371,-55.0414955,,,False,1,https://www.infocasas.com.uy/venta-apartamento-2-dormitorios-punta-ballena-las-grutas-vista-al-mar-amenities/190930525,https://cdn1.infocasas.com.uy/web/6617ceca49293_infocdn.jpg
190929978,Departamento - Playa Brava,530000.0,3.0,3.0,123.0,102.0,Playa Brava,-34.9480176155,-54.9285124117,,,False,1,https://www.infocasas.com.uy/departamento-playa-brava/190929978,https://cdn1.infocasas.com.uy/web/6617bed45519b_infocdn.jpg
190928729,Piso alto a estrenar,220000.0,1.0,1.0,77.0,61.0,Roosevelt,-34.959578,-54.9398589,,,False,1,https://www.infocasas.com.uy/piso-alto-a-estrenar/190928729,https://cdn1.infocasas.com.uy/web/6617a47a2c092_infocdn.jpg
190927438,"Venta Apartamento 3 dormitorios Roosevelt, Punta del Este",260000.0,3.0,2.0,130.0,130.0,Roosevelt,-34.9324195,-54.9412658,,,False,1,https://www.infocasas.com.uy/venta-apartamento-3-dormitorios-roosevelt-punta-del-este/190927438,https://cdn1.infocasas.com.uy/web/6617a31e1437e_infocdn.jpg
190928949,Departamento venta de 3 dormitorios en Playa Mansa,700000.0,3.0,3.0,186.0,148.0,Playa Mansa,-34.9580129,-54.9376273,,,False,1,https://www.infocasas.com.uy/departamento-venta-de-3-dormitorios-en-playa-mansa/190928949,https://cdn1.infocasas.com.uy/web/66485e0d86a6c_infocdn.jpg
190947643,Apartamento 1 dormitorio TORRES DEL ESTE BRAVA,230000.0,1.0,1.0,61.0,61.0,Playa Brava,0,0,2025.0,,False,1,https://www.infocasas.com.uy/apartamento-1-dormitorio-torres-del-este-brava/190947643,https://cdn1.infocasas.com.uy/repo/img/5226_NLV-222379-TRA_833.jpg
191065564,Departamento en Venta en Ocean Drive TM6207108,355000.0,3.0,3.0,92.0,92.0,Roosevelt,-34.9444823,-54.929404,,,False,1,https://www.infocasas.com.uy/departamento-en-venta-en-ocean-drive-tm6207108/191065564,https://cdn1.infocasas.com.uy/web/667a43e46d736_infocdn.jpg
191000667,Departamento en Punta Ballena,850000.0,3.0,3.0,190.0,154.0,Punta Ballena,-34.8978910279,-55.0376158281,,,False,1,https://www.infocasas.com.uy/departamento-en-punta-ballena/191000667,https://cdn1.infocasas.com.uy/web/66477ed94862b_infocdn.jpg
191002109,Venta apartamento de 1 dormitorio Punta del Este,179000.0,1.0,1.0,57.0,42.0,Roosevelt,-34.9429313,-54.9310227,,,False,1,https://www.infocasas.com.uy/venta-apartamento-de-1-dormitorio-punta-del-este/191002109,https://cdn1.infocasas.com.uy/web/6649a38c19930_infocdn.jpg
191000360,Departamento - Playa Mansa,590000.0,2.0,2.0,193.0,140.0,Playa Mansa,-34.9352487,-54.9526726,,,False,1,https://www.infocasas.com.uy/departamento-playa-mansa/191000360,https://cdn1.infocasas.com.uy/web/66519b11279ef_infocdn.jpg
189849881,Lindo departamento con Gran Iluminación. Torre moderna a pasos del mar,445000.0,2.0,2.0,110.0,110.0,Playa Brava,0,0,,,False,1,https://www.infocasas.com.uy/lindo-departamento-con-gran-iluminacion-torre-moderna-a-pasos-del-mar/189849881,https://cdn1.infocasas.com.uy/repo/img/173012432_NDM-6598-TRA_853.jpg
191989035,"Departamento muy cerca al mar , 2 dormitorios, parrillero - Playa Brava",250000.0,2.0,2.0,70.0,57.0,Playa Brava,-34.9445152,-54.9164532,,,False,1,https://www.infocasas.com.uy/departamento-muy-cerca-al-mar-2-dormitorios-parrillero-playa-brava/191989035,https://cdn1.infocasas.com.uy/web/67a740f63b5da_infocdn.jpg
191989095,Departamento frente al mar en venta  - Playa Brava,950000.0,3.0,3.0,222.0,0.0,Playa Brava,-34.9458750724,-54.9216098429,,,False,1,https://www.infocasas.com.uy/departamento-frente-al-mar-en-venta-playa-brava/191989095,https://cdn1.infocasas.com.uy/web/67a74402d3ded_infocdn.jpg
191582275,Departamento con Pileta en Montoya a Pasos de la Playa en Venta y Alquiler - TM2076308774,350000.0,3.0,3.0,126.0,62.0,La Barra,-34.9176565,-54.8519985,,,False,1,https://www.infocasas.com.uy/departamento-con-pileta-en-montoya-a-pasos-de-la-playa-en-venta-y-alquiler-tm2076308774/191582275,https://cdn1.infocasas.com.uy/web/671205a263e8c_infocdn.jpg
191582394,Apartamento en Las Grutas,160000.0,0.0,1.0,75.0,35.0,Punta Ballena,-34.9055093843,-55.0416857175,,,False,1,https://www.infocasas.com.uy/apartamento-en-las-grutas/191582394,https://cdn1.infocasas.com.uy/web/67120d9cd7ccf_infocdn.jpg
191277316,APARTAMENTO EN VENTA A ESTRENAR,290000.0,2.0,1.0,58.0,88.0,Maldonado,0,0,,,False,1,https://www.infocasas.com.uy/apartamento-en-venta-a-estrenar/191277316,https://cdn1.infocasas.com.uy/repo/img/201060_NGP-29905-TRA_148.jpg
191989231,Departamento frente al mar primera linea - Playa Mansa,400000.0,2.0,3.0,160.0,160.0,Playa Mansa,-34.9179878,-54.9731559,,,False,1,https://www.infocasas.com.uy/departamento-frente-al-mar-primera-linea-playa-mansa/191989231,https://cdn1.infocasas.com.uy/web/67a74b3ec9205_infocdn.jpg
192100508,Oportunidad Apartamento en Venta 2 Dormitorios Greenlife,269000.0,2.0,3.0,99.0,85.0,Punta del Este,-34.9330708,-54.9395818,,,False,1,https://www.infocasas.com.uy/oportunidad-apartamento-en-venta-2-dormitorios-greenlife/192100508,https://cdn1.infocasas.com.uy/web/67c7f9b0ced3d_infocdn.jpg
191988453,Apartamento en Venta y Alquiler Temporario - Alexander Collection,315000.0,1.0,1.0,94.0,94.0,Playa Mansa,-34.9590409,-54.9407056,,,False,1,https://www.infocasas.com.uy/apartamento-en-venta-y-alquiler-temporario-alexander-collection/191988453,https://cdn1.infocasas.com.uy/web/67a72ba6bd25b_infocdn.jpg
191257743,Venta apartamento 3 dormitorios playa brava Punta del Este,1822000.0,3.0,5.0,227.0,311.0,Playa Brava,-34.94659871962099,-54.92260103424071,2022.0,,False,1,https://www.infocasas.com.uy/venta-apartamento-3-dormitorios-playa-brava-punta-del-este/191257743,https://cdn1.infocasas.com.uy/repo/img/694874_DMC-9689-TRA_368.jpg
192013474,"venta apartamento 3 dormitorios. San Rafael, Punta del Este",540000.0,3.0,4.0,114.0,297.0,San Rafael,-34.94264119825225,-54.915863325195296,2026.0,,False,1,https://www.infocasas.com.uy/venta-apartamento-3-dormitorios-san-rafael-punta-del-este/192013474,https://cdn1.infocasas.com.uy/repo/img/694874_DMC-14205-TRA_301.jpg
191392312,Apartamento de 2 dormitorios en Aidy Grill - Punta del Este,290000.0,2.0,2.0,99.0,94.0,Aidy Grill,0,0,2022.0,,False,1,https://www.infocasas.com.uy/apartamento-de-2-dormitorios-en-aidy-grill-punta-del-este/191392312,https://cdn1.infocasas.com.uy/repo/img/173012432_NDM-17274-TRA_590.jpg
190574743,"Trump Tower , Playa Brava",800000.0,2.0,2.0,162.0,119.0,Playa Brava,-34.7905524,-54.9207695,,,False,1,https://www.infocasas.com.uy/trump-tower-playa-brava/190574743,https://cdn1.infocasas.com.uy/web/6618645194ef5_infocdn.jpg
190757169,"Exclusivo Departamento en Alquiler, Punta del Este Uruguay ",1850000.0,4.0,3.0,298.0,0.0,Playa Brava,-34.9194008,-54.8711918,,,False,1,https://www.infocasas.com.uy/exclusivo-departamento-en-alquiler-punta-del-este-uruguay-/190757169,https://cdn1.infocasas.com.uy/web/656b3776e0b7d_infocdn.jpg
188989267,Venta de apartamento de 2 dormitorios en Punta del Este,400000.0,2.0,2.0,99.0,128.0,Playa Brava,0,0,,,False,1,https://www.infocasas.com.uy/venta-de-apartamento-de-2-dormitorios-en-punta-del-este/188989267,https://cdn1.infocasas.com.uy/repo/img/173325609_MCH-7846-TRA_685.jpg
190961831,"Venta apartamento 3 dormitorios y garaje en Península, Punta del Este",189000.0,3.0,3.0,76.0,76.0,Península,-34.9623851,-54.943833,,,False,1,https://www.infocasas.com.uy/venta-apartamento-3-dormitorios-y-garaje-en-peninsula-punta-del-este/190961831,https://cdn1.infocasas.com.uy/web/661d4ef674104_infocdn.jpg
189840592,Apartamento en venta de 2 dormitorios en Punta del Este,360000.0,2.0,2.0,80.0,93.0,Playa Mansa,0,0,,,False,1,https://www.infocasas.com.uy/apartamento-en-venta-de-2-dormitorios-en-punta-del-este/189840592,https://cdn1.infocasas.com.uy/repo/img/173325609_MCH-8839-TRA_318.jpg
187907721,"Punta ballena, Apto 3 dor, Piscina uso exclusivo con vista al mar !!!",850000.0,3.0,2.0,280.0,280.0,Punta Ballena,0,0,,,False,1,https://www.infocasas.com.uy/punta-ballena-apto-3-dor-piscina-uso-exclusivo-con-vista-al-mar-/187907721,https://cdn1.infocasas.com.uy/repo/img/203121_SIP-4884-TRA_705.jpg
188802439,Apartamento en venta -LAP4079637,430000.0,2.0,2.0,120.0,0.0,Aidy Grill,-34.9558005687,-54.9379586651,,,False,1,https://www.infocasas.com.uy/apartamento-en-venta-lap4079637/188802439,https://cdn1.infocasas.com.uy/web/65a54a80e5e9b_infocdn.jpg
188663656,1 - Walmer Lagoon  210,180500.0,1.0,1.0,62.0,46.0,Playa Mansa,-34.908625,-55.00564,,,False,1,https://www.infocasas.com.uy/1-walmer-lagoon-210/188663656,https://cdn1.infocasas.com.uy/web/6480969bf1cea_infocdn.jpg
188531223,1 - Walmer Lagoon  109,253000.0,2.0,2.0,93.0,70.0,Playa Mansa,-34.908625,-55.00564,,,False,1,https://www.infocasas.com.uy/1-walmer-lagoon-109/188531223,https://cdn1.infocasas.com.uy/web/648095e0d0f53_infocdn.jpg
190929174,Departamento - Punta Ballena,510000.0,3.0,2.0,143.0,143.0,Punta Ballena,-34.8889634,-55.0388678,,,False,1,https://www.infocasas.com.uy/departamento-punta-ballena/190929174,https://cdn1.infocasas.com.uy/web/6617b59cc986f_infocdn.jpg
190925746,Apartamento en Brava,299000.0,2.0,2.0,83.0,65.0,Playa Brava,-34.9531943,-54.9337346,,,False,1,https://www.infocasas.com.uy/apartamento-en-brava/190925746,https://cdn1.infocasas.com.uy/web/66179b974973c_infocdn.jpg
190639630,Departamento 2 dormitorios en Ed. de primera categoría,599500.0,2.0,2.0,135.0,208.0,Playa Brava,0,0,,,False,1,https://www.infocasas.com.uy/departamento-2-dormitorios-en-ed-de-primera-categoria/190639630,https://cdn1.infocasas.com.uy/repo/img/94_CNP-13778-TRA_921.jpg
190930725,Venta Departamento  2 Dormitorios  Punta del Este Vista al Mar,450000.0,2.0,2.0,107.0,81.0,Punta del Este,-34.9535363,-54.9353657,,,False,1,https://www.infocasas.com.uy/venta-departamento-2-dormitorios-punta-del-este-vista-al-mar/190930725,https://cdn1.infocasas.com.uy/web/661845ac8c88b_infocdn.jpg
190925883,Venta apartamento 2 dormitorios Brava,410000.0,2.0,2.0,119.0,172.0,Playa Brava,-34.9495131,-54.9294495,,,False,1,https://www.infocasas.com.uy/venta-apartamento-2-dormitorios-brava/190925883,https://cdn1.infocasas.com.uy/web/66179dba80da4_infocdn.jpg
190946407,Apartamento - La Pastora,260000.0,2.0,3.0,81.0,76.0,Playa Brava,-34.9525410447,-54.9311974889,,,False,1,https://www.infocasas.com.uy/apartamento-la-pastora/190946407,https://cdn1.infocasas.com.uy/web/6616c2ec0de8d_infocdn.jpg
189728417,"Pronto para entrar, REVENTA, vista al mar, edificio con servicios.",294000.0,2.0,2.0,86.0,106.0,Playa Brava,0,0,2021.0,,False,1,https://www.infocasas.com.uy/pronto-para-entrar-reventa-vista-al-mar-edificio-con-servicios/189728417,https://cdn1.infocasas.com.uy/repo/img/243_NYP-39024-TRA_586.jpg
189723745,"Miami Boulevard 2, a estrenar. Esquinero",610000.0,3.0,2.0,160.0,160.0,Playa Mansa,0,0,2022.0,,False,1,https://www.infocasas.com.uy/miami-boulevard-2-a-estrenar-esquinero/189723745,https://cdn1.infocasas.com.uy/repo/img/243_NYP-39127-TRA_312.jpg
189512829,"Venta apartamento, 3 dormitorios en Punta Ballena",750000.0,3.0,2.0,280.0,190.0,Punta del Este,-34.9128217289,-55.0452160835,,,False,1,https://www.infocasas.com.uy/venta-apartamento-3-dormitorios-en-punta-ballena/189512829,https://cdn1.infocasas.com.uy/web/6874bea58054e_infocdn.jpg
189752386,VENTA DE APARTAMENTO DE 2 DORMITORIOS EN TORRE GREEN LIFE PUNTA DEL ESTE,235000.0,2.0,2.0,80.0,85.0,Roosevelt,0,0,,,False,1,https://www.infocasas.com.uy/venta-de-apartamento-de-2-dormitorios-en-torre-green-life-punta-del-este/189752386,https://cdn1.infocasas.com.uy/repo/img/5226_NLV-200364-TRA_191.jpg
193025737,Apartamento en venta c/ cochera en Piriápolis,192000.0,2.0,2.0,97.0,64.0,Piriápolis,-34.86378461277188,-55.28130251897515,2026.0,,False,1,https://www.infocasas.com.uy/apartamento-en-venta-c-cochera-en-piriapolis/193025737,https://cdn1.infocasas.com.uy/repo/img/175500891_73324_158.jpg
186131086,Departamento - LAP2152773,295000.0,2.0,2.0,93.0,92.0,Manantiales,-34.904313,-54.8265644,,,False,1,https://www.infocasas.com.uy/departamento-lap2152773/186131086,https://cdn1.infocasas.com.uy/web/64944767d31ea_infocdn.jpg
186527552,Venta departamento 2 dormitorios Surfside - Rincon del Indio,980000.0,2.0,2.0,208.0,135.0,Rincón del Indio,-34.918229102,-54.872939158,,,False,1,https://www.infocasas.com.uy/venta-departamento-2-dormitorios-surfside-rincon-del-indio/186527552,https://cdn1.infocasas.com.uy/web/675e7e9d3bd84_infocdn.jpg
186528585,Departamento monoambiente en venta Surfside - Rincón del Indio,377700.0,0.0,1.0,85.0,52.0,Playa Brava,-34.918229102,-54.872939158,,,False,1,https://www.infocasas.com.uy/departamento-monoambiente-en-venta-surfside-rincon-del-indio/186528585,https://cdn1.infocasas.com.uy/web/675e7ec260b10_infocdn.jpg
193067298,Apartamento en venta c/ cochera en La Pastora,322500.0,2.0,2.0,98.0,74.0,La Pastora,-34.95349958606169,-54.93448742136052,2026.0,,False,1,https://www.infocasas.com.uy/apartamento-en-venta-c-cochera-en-la-pastora/193067298,https://cdn1.infocasas.com.uy/repo/img/175500891_75260_660.jpg
192130617,Apartamento en venta de 1 dormitorio c/ cochera en Cantegril,160000.0,1.0,1.0,52.0,52.0,Cantegril,-34.93486118130678,-54.942156857174695,2026.0,,False,1,https://www.infocasas.com.uy/apartamento-en-venta-de-1-dormitorio-c-cochera-en-cantegril/192130617,https://cdn1.infocasas.com.uy/repo/img/175500891_55603_283.jpg
185671946,Departamento venta 3 dormitorios San Rafael Vista al mar,900000.0,3.0,2.0,200.0,142.0,San Rafael,-34.9368789,-54.9281496,,,False,1,https://www.infocasas.com.uy/departamento-venta-3-dormitorios-san-rafael-vista-al-mar/185671946,https://cdn1.infocasas.com.uy/web/649eff0ac1caf_infocdn.jpg
289288,"Venta departamento tres dormitorios con aminities y garage Tiburón III, Playa Brava",1200000.0,3.0,3.0,243.0,243.0,Playa Brava,-34.9463370818,-54.9224912643,,,False,1,https://www.infocasas.com.uy/venta-departamento-tres-dormitorios-con-aminities-y-garage-tiburon-iii-playa-brava/289288,https://cdn1.infocasas.com.uy/web/5a6a4008c9274_infocdn.jpg#HASTH
295166,"VENTA 6 dormitorios con cochera , Puerto , Punta del Este",780000.0,5.0,3.0,254.0,254.0,Península,-34.7905524,-54.9207695,,,False,1,https://www.infocasas.com.uy/venta-6-dormitorios-con-cochera-puerto-punta-del-este/295166,https://cdn1.infocasas.com.uy/web/5bbda10571106_infocdn.jpg#HASTH
193465727,Nostrum Roosevelt,113875.0,1.0,1.0,47.0,43.0,Roosevelt,-34.9166582,-54.9588008,,,False,1,https://www.infocasas.com.uy/nostrum-roosevelt/193465727,https://cdn1.infocasas.com.uy/web/69a92dfdee3f0_infocdn.jpg
193305428,Venta Apartamento 3 Dormirorios Parada No22,241000.0,3.0,2.0,119.0,78.0,Punta del Este,-34.9351083,-54.9388404,2026.0,,False,1,https://www.infocasas.com.uy/venta-apartamento-3-dormirorios-parada-no22/193305428,https://cdn1.infocasas.com.uy/repo/img/667263_80003_250.jpg
193513218,Primera linea brava en venta,1250000.0,3.0,4.0,212.0,212.0,Playa Brava,0,0,,,False,1,https://www.infocasas.com.uy/primera-linea-brava-en-venta/193513218,https://cdn1.infocasas.com.uy/repo/img/173211400_SPP-16929-TRA_92.jpg
193544725,"Apartamento en 2 dormitorios, Punta del Este. Aidy Grill",220000.0,2.0,2.0,74.0,60.0,Aidy Grill,0,0,2026.0,,False,1,https://www.infocasas.com.uy/apartamento-en-2-dormitorios-punta-del-este-aidy-grill/193544725,https://cdn1.infocasas.com.uy/repo/img/173628908_78452_888.jpg
193603667,VENTA 1 DORMITORIO BRAVA A ESTRENAR,210000.0,1.0,1.0,49.0,66.0,Playa Mansa,-34.951445562564416,-54.9343411645569,2025.0,,False,1,https://www.infocasas.com.uy/venta-1-dormitorio-brava-a-estrenar/193603667,https://cdn1.infocasas.com.uy/repo/img/241439_SUE-4544-TRA_33.jpg
193319598,Oportunidad 2 dormitorios.,315000.0,2.0,2.0,63.0,83.0,Playa Brava,0,0,2021.0,,False,1,https://www.infocasas.com.uy/oportunidad-2-dormitorios/193319598,https://cdn1.infocasas.com.uy/repo/img/173255338_EV-843-TRA_606.jpg
193555378,SURFSIDE TIPOLOGIA 05 PISO BAJO,550770.0,1.0,2.0,109.0,172.0,Playa Brava,-34.947924,-54.92697649999999,2023.0,,False,1,https://www.infocasas.com.uy/surfside-tipologia-05-piso-bajo/193555378,https://cdn1.infocasas.com.uy/repo/img/256162_MKT-5639-TRA_65.jpg
193211183,APARTAMENTO EN VENTA A ESTRENAR MANANTIALES * VISTA AL MAR,525300.0,2.0,2.0,155.0,155.0,Manantiales,-34.903953,-54.811649,2023.0,,False,1,https://www.infocasas.com.uy/apartamento-en-venta-a-estrenar-manantiales-vista-al-mar/193211183,https://cdn1.infocasas.com.uy/repo/img/176534791_CW211288_203.jpg
192459041,Departamento en  Quartier Brava 30,1232000.0,4.0,3.0,236.0,170.0,Playa Brava,-34.9239064,-54.8804932,,,False,1,https://www.infocasas.com.uy/departamento-en-quartier-brava-30/192459041,https://cdn1.infocasas.com.uy/web/6836b50f6152e_infocdn.jpg
192259864,Venta Pent House 3 dormitorios Playa Brava Punta del Este,850000.0,3.0,3.0,261.0,218.0,Playa Brava,-34.9450780463,-54.9154232317,,,False,1,https://www.infocasas.com.uy/venta-pent-house-3-dormitorios-playa-brava-punta-del-este/192259864,https://cdn1.infocasas.com.uy/web/67f8bb706ab28_infocdn.jpg
192162363,(BPV-BPV-8883)  Apartamento EN venta 4 DORMITORIOS,1800000.0,4.0,3.0,384.0,196.0,Manantiales,-34.905078,-54.8281102,2026.0,,False,1,https://www.infocasas.com.uy/bpvbpv8883-apartamento-en-venta-4-dormitorios/192162363,https://cdn1.infocasas.com.uy/repo/img/279_BPV-BPV-8883_682.jpg
193730513,"En venta apartamento de 3 dormitorios en Torre Venetian, en Mansa, Punta del Este",1035000.0,3.0,3.0,145.0,178.0,Playa Mansa,0,0,2022.0,,False,1,https://www.infocasas.com.uy/en-venta-apartamento-de-3-dormitorios-en-torre-venetian-en-mansa-punta-del-este/193730513,https://cdn1.infocasas.com.uy/repo/img/173012432_NDM-28599-TRA_4.jpg
193599365,"Le Parc III, departamento de 3 dormitorios en venta, Punta del Este",1150000.0,3.0,3.0,0.0,0.0,Playa Brava,0,0,2024.0,,False,1,https://www.infocasas.com.uy/le-parc-iii-departamento-de-3-dormitorios-en-venta-punta-del-este/193599365,https://cdn1.infocasas.com.uy/repo/img/173012432_NDM-18039-TRA_646.jpg
193549730,MOOD 5 Beach Residences - Unidad 1 Dormitorio - A Estrenar,153470.0,1.0,1.0,47.0,55.0,Playa Mansa,0,0,2026.0,,False,1,https://www.infocasas.com.uy/mood-5-beach-residences-unidad-1-dormitorio-a-estrenar/193549730,https://cdn1.infocasas.com.uy/repo/img/173862716_DSA-744-TRA_271.jpg
193620880,VENTA 1 DORMITORIO TORRE DE CATEGORIA,240000.0,1.0,1.0,49.0,66.0,Playa Mansa,-34.951445562564416,-54.9343411645569,2025.0,,False,1,https://www.infocasas.com.uy/venta-1-dormitorio-torre-de-categoria/193620880,https://cdn1.infocasas.com.uy/repo/img/241439_SUE-4452-TRA_423.jpg
193735986,Torre Gauguin - 2 Dormitorios,230000.0,2.0,1.0,51.0,63.0,Playa Brava,0,0,,,False,1,https://www.infocasas.com.uy/torre-gauguin-2-dormitorios/193735986,https://cdn1.infocasas.com.uy/repo/img/895572_PUC-2850-TRA_540.jpg
193661333,Frente al mar y laguna con vistas paradisíacas.,455000.0,3.0,3.0,128.0,140.0,Playa Mansa,0,0,2022.0,,False,1,https://www.infocasas.com.uy/frente-al-mar-y-laguna-con-vistas-paradisiacas/193661333,https://cdn1.infocasas.com.uy/repo/img/261_GII-3641-TRA_456.jpg
193688212,"Vende apartamento de 1 dormitorio, en Aidy Grill, Punta del Este.",200000.0,1.0,1.0,46.0,78.0,Aidy Grill,0,0,2022.0,,False,1,https://www.infocasas.com.uy/vende-apartamento-de-1-dormitorio-en-aidy-grill-punta-del-este/193688212,https://cdn1.infocasas.com.uy/repo/img/59163_COL-10955-TRA_482.jpg
193608481,Departamento en La Barra,421719.0,3.0,3.0,108.0,78.0,La Barra,-34.9128476,-54.8562563,,,False,1,https://www.infocasas.com.uy/departamento-en-la-barra/193608481,https://cdn1.infocasas.com.uy/web/69d754f1cdb89_infocdn.jpg
193617708,Departamento en La Barra,375000.0,4.0,3.0,120.0,0.0,La Barra,-34.9177842897,-54.8513095899,,,False,1,https://www.infocasas.com.uy/departamento-en-la-barra/193617708,https://cdn1.infocasas.com.uy/web/69d9f2c4ad88d_infocdn.jpg
193132805,View II Punta del Este,200000.0,1.0,1.0,45.0,73.0,Aidy Grill,-34.945028290534694,-54.93130643743438,2025.0,,False,1,https://www.infocasas.com.uy/view-ii-punta-del-este/193132805,https://cdn1.infocasas.com.uy/repo/img/147015_IPD-41847-TRA_752.jpg
193576684,Diamond Residence Punta del Este!,170000.0,1.0,1.0,46.0,54.0,Roosevelt,0,0,2024.0,,False,1,https://www.infocasas.com.uy/diamond-residence-punta-del-este/193576684,https://cdn1.infocasas.com.uy/repo/img/694874_DMC-8747-TRA_236.jpg
193540083,Excelente apartamento a metros del mar ,350000.0,2.0,2.0,98.0,98.0,Playa Mansa,-34.9517288,-54.9387512,,,False,1,https://www.infocasas.com.uy/excelente-apartamento-a-metros-del-mar-/193540083,https://cdn1.infocasas.com.uy/web/69bbbb106493e_infocdn.jpg
191894757,Departamento en  Playa Brava,390000.0,4.0,3.0,160.0,0.0,Playa Brava,-34.9553452,-54.9371951,,,False,1,https://www.infocasas.com.uy/departamento-en-playa-brava/191894757,https://cdn1.infocasas.com.uy/web/678df2132dcf2_infocdn.jpg
191988202,"Departamento  frente al mar Selenza Village ,  Manantiales",540000.0,2.0,2.0,143.0,95.0,Manantiales,-34.9059861,-54.8199548,,,False,1,https://www.infocasas.com.uy/departamento-frente-al-mar-selenza-village-manantiales/191988202,https://cdn1.infocasas.com.uy/web/67a721c38766f_infocdn.jpg
191988875,Departamento con vista  al mar en venta  en Punta del este -Península,350000.0,3.0,0.0,110.0,0.0,Península,-34.9623457741,-54.9409067984,,,False,1,https://www.infocasas.com.uy/departamento-con-vista-al-mar-en-venta-en-punta-del-este-peninsula/191988875,https://cdn1.infocasas.com.uy/web/67a738b1c4ab8_infocdn.jpg
191988101,Departamento  en Punta del Este con amenities,269000.0,3.0,2.0,80.0,70.0,Cantegril,-34.9266640357,-54.949301183,,,False,1,https://www.infocasas.com.uy/departamento-en-punta-del-este-con-amenities/191988101,https://cdn1.infocasas.com.uy/web/67a71eca8f54a_infocdn.jpg
191988034,Departamento penthouse en Playa Mansa,270000.0,1.0,1.0,128.0,64.0,Punta del Este,-34.9397623,-54.947994,,,False,1,https://www.infocasas.com.uy/departamento-penthouse-en-playa-mansa/191988034,https://cdn1.infocasas.com.uy/web/67a71d5f852d2_infocdn.jpg
192453657,Apartamento en  alquiler temporario en la peninsula Punta del Este,220000.0,2.0,2.0,60.0,60.0,Península,-34.9615971,-54.9431868,,,False,1,https://www.infocasas.com.uy/apartamento-en-alquiler-temporario-en-la-peninsula-punta-del-este/192453657,https://cdn1.infocasas.com.uy/web/68356576985c2_infocdn.jpg
192161082,(BPV-BPV-5423)  Apartamento EN venta 2 DORMITORIOS,292000.0,2.0,2.0,127.0,93.0,Manantiales,-34.9049535538873,-54.82473850250244,2026.0,,False,1,https://www.infocasas.com.uy/bpvbpv5423-apartamento-en-venta-2-dormitorios/192161082,https://cdn1.infocasas.com.uy/repo/img/279_BPV-BPV-5423_803.jpg
192384316,"Apartamento en venta 2 dormitorios, Altos del Golf, Playa Brava! - Ref : EQP7160",190000.0,2.0,1.0,62.0,74.0,Playa Brava,0,0,,,False,1,https://www.infocasas.com.uy/apartamento-en-venta-2-dormitorios-altos-del-golf-playa-brava-ref-eqp7160/192384316,https://cdn1.infocasas.com.uy/repo/img/176001116_EQP-7160-TRA_115.jpg
192312053,Apartamento 1 dormitorio Edificio Q Punta Ballena,285000.0,1.0,1.0,70.0,70.0,Punta Ballena,-34.89244326442487,-55.03713135917667,,,False,1,https://www.infocasas.com.uy/apartamento-1-dormitorio-edificio-q-punta-ballena/192312053,https://cdn1.infocasas.com.uy/repo/img/109289_NTR-4844-TRA_976.jpg
191988927,Departamento duplex con jardin  frente al mar en Punta Ballena,422000.0,2.0,2.0,114.0,0.0,Punta Ballena,-34.9116814,-55.0446882,,,False,1,https://www.infocasas.com.uy/departamento-duplex-con-jardin-frente-al-mar-en-punta-ballena/191988927,https://cdn1.infocasas.com.uy/web/67a73ab540245_infocdn.jpg
192665595,Apartamento a estrenar en venta.,271000.0,3.0,2.0,75.0,0.0,Roosevelt,0,0,,,False,1,https://www.infocasas.com.uy/apartamento-a-estrenar-en-venta/192665595,https://cdn1.infocasas.com.uy/repo/img/173903975_KCP-21096083-TRA_613.jpg
191908736,"En venta apartamento de 3 dormitorios con vista al mar en Mansa, Punta del Este.",1500000.0,3.0,3.0,180.0,258.0,Playa Mansa,0,0,2022.0,,False,1,https://www.infocasas.com.uy/en-venta-apartamento-de-3-dormitorios-con-vista-al-mar-en-mansa-punta-del-este/191908736,https://cdn1.infocasas.com.uy/repo/img/173012432_NDM-25023-TRA_877.jpg
192030627,Apartamento en Playa Brava de Punta del Este,260000.0,2.0,3.0,128.0,0.0,Playa Brava,-34.9445152,-54.9164532,,,False,1,https://www.infocasas.com.uy/apartamento-en-playa-brava-de-punta-del-este/192030627,https://cdn1.infocasas.com.uy/web/67b2dc1a411b6_infocdn.jpg
192161300,(BPV-BPV-6336)  Excelente apartamento en venta en Venetian Playa Mansa,1960000.0,4.0,3.0,280.0,181.0,Playa Mansa,-34.929493346980195,-54.958324497565634,2025.0,,False,1,https://www.infocasas.com.uy/bpvbpv6336-excelente-apartamento-en-venta-en-venetian-playa-mansa/192161300,https://cdn1.infocasas.com.uy/repo/img/279_BPV-BPV-6336_487.jpg
191445298,Apartamento monoambiente en edifico Surfside,520000.0,0.0,1.0,52.0,85.0,Playa Brava,0,0,2022.0,,False,1,https://www.infocasas.com.uy/apartamento-monoambiente-en-edifico-surfside/191445298,https://cdn1.infocasas.com.uy/repo/img/405_CCP-36906-TRA_753.jpg
191521246,Apartamento en Miami Boulevard en Venta de Dos Dormitorios,460000.0,2.0,2.0,78.0,93.0,Playa Mansa,0,0,,,False,1,https://www.infocasas.com.uy/apartamento-en-miami-boulevard-en-venta-de-dos-dormitorios/191521246,https://cdn1.infocasas.com.uy/repo/img/405_CCP-36990-TRA_734.jpg
189817068,Venta departamento 2 dormitorios,299000.0,2.0,2.0,86.0,86.0,Aidy Grill,-34.954460428702035,-54.93028288085936,2020.0,,False,1,https://www.infocasas.com.uy/venta-departamento-2-dormitorios/189817068,https://cdn1.infocasas.com.uy/repo/img/405_CCP-32152-TRA_496.jpg
193512983,Apartamento de un dormitorio en venta - Dos Ambientes,198000.0,1.0,1.0,42.0,50.0,Aidy Grill,-34.954460428702035,-54.93028288085936,2020.0,,False,1,https://www.infocasas.com.uy/apartamento-de-un-dormitorio-en-venta-dos-ambientes/193512983,https://cdn1.infocasas.com.uy/repo/img/405_CCP-39843-TRA_686.jpg
193530180,Apartamento en Manglar Dos dormitorios en Venta,330000.0,2.0,2.0,86.0,129.0,Aidy Grill,0,0,,,False,1,https://www.infocasas.com.uy/apartamento-en-manglar-dos-dormitorios-en-venta/193530180,https://cdn1.infocasas.com.uy/repo/img/405_CCP-39858-TRA_172.jpg
192288217,"Penthouse Duplex de tres dormitorios en venta, Punta del Este",735000.0,3.0,3.0,220.0,280.0,Playa Mansa,-34.94767160000001,-54.94099079999999,,,False,1,https://www.infocasas.com.uy/penthouse-duplex-de-tres-dormitorios-en-venta-punta-del-este/192288217,https://cdn1.infocasas.com.uy/repo/img/405_CCP-33245-TRA_983.jpg
190248611,Apartamento en  centro de Maldonado ,139000.0,3.0,2.0,90.0,90.0,Maldonado,-34.9027462,-54.9491154,,,False,1,https://www.infocasas.com.uy/apartamento-en-centro-de-maldonado-/190248611,https://cdn1.infocasas.com.uy/web/642e6c2389979_infocdn.jpg
190275451,Apartamento en  Península ,310000.0,3.0,2.0,234.0,84.0,Punta del Este,-34.9704086,-54.9505836,,,False,1,https://www.infocasas.com.uy/apartamento-en-peninsula-/190275451,https://cdn1.infocasas.com.uy/web/6444d51b78d91_infocdn.jpg
191165536,OPORTUNIDAD Apartamento en Venta 2 dormitorios con Vista al Mar en Playa Brava Punta del Este,279000.0,2.0,2.0,83.0,83.0,Playa Brava,-34.95317657693959,-54.93278269966124,,,False,1,https://www.infocasas.com.uy/oportunidad-apartamento-en-venta-2-dormitorios-con-vista-al-mar-en-playa-brava-punta-del-este/191165536,https://cdn1.infocasas.com.uy/repo/img/140802_BBR-604-TRA_973.jpg
191068530,Departamento en Alma de Manantiales con Vista al Mar - TM5411307,650000.0,2.0,2.0,111.0,70.0,Manantiales,-34.9048066055,-54.8300926589,,,False,1,https://www.infocasas.com.uy/departamento-en-alma-de-manantiales-con-vista-al-mar-tm5411307/191068530,https://cdn1.infocasas.com.uy/web/667aeae744be2_infocdn.jpg
191000366,Departamento clásico en Punta del Este playa Brava,550000.0,3.0,3.0,166.0,0.0,Playa Brava,-34.9479949917,-54.9253828995,,,False,1,https://www.infocasas.com.uy/departamento-clasico-en-punta-del-este-playa-brava/191000366,https://cdn1.infocasas.com.uy/web/66476f85d466e_infocdn.jpg
190924833,"Venta apartamento 3 suites, servicio, toillete Playa mansa Punta del Este",750000.0,4.0,3.0,190.0,151.0,Playa Mansa,-34.9415164,-54.9460317,,,False,1,https://www.infocasas.com.uy/venta-apartamento-3-suites-servicio-toillete-playa-mansa-punta-del-este/190924833,https://cdn1.infocasas.com.uy/web/67f8bb3b4a32a_infocdn.jpg
190925043,Venta Apartamento 2 dormitorios Roosevelt,190000.0,2.0,1.0,47.0,47.0,Roosevelt,-34.937882,-54.935456,,,False,1,https://www.infocasas.com.uy/venta-apartamento-2-dormitorios-roosevelt/190925043,https://cdn1.infocasas.com.uy/web/661791cca7b8f_infocdn.jpg
190925225,Venta Apartamento 3 dormitorios en suite   dependencia Playa Brava Punta del Este,890000.0,3.0,3.0,215.0,195.0,Playa Brava,-34.9471447602,-54.9240647691,,,False,1,https://www.infocasas.com.uy/venta-apartamento-3-dormitorios-en-suite-dependencia-playa-brava-punta-del-este/190925225,https://cdn1.infocasas.com.uy/web/661841b2b2c26_infocdn.jpg
190928959,Venta Apartamento 1 dormitorio Playa Brava Punta del Este,210000.0,1.0,1.0,73.0,58.0,Playa Brava,-34.9519185,-54.9333529,,,False,1,https://www.infocasas.com.uy/venta-apartamento-1-dormitorio-playa-brava-punta-del-este/190928959,https://cdn1.infocasas.com.uy/web/6617a9d37a767_infocdn.jpg
191000479,Departamento - San Rafael,360000.0,2.0,2.0,120.0,85.0,San Rafael,-34.9329488585,-54.922542572,,,False,1,https://www.infocasas.com.uy/departamento-san-rafael/191000479,https://cdn1.infocasas.com.uy/web/66477551d8ede_infocdn.jpg
191000482,Departamento - Playa Brava,600000.0,3.0,2.0,199.0,131.0,Playa Brava,-34.9444413873,-54.921973194,,,False,1,https://www.infocasas.com.uy/departamento-playa-brava/191000482,https://cdn1.infocasas.com.uy/web/6647756193985_infocdn.jpg
190925711,Apartamento a estrenar,360000.0,2.0,2.0,166.0,114.0,Playa Brava,-34.9580129,-54.9376273,,,False,1,https://www.infocasas.com.uy/apartamento-a-estrenar/190925711,https://cdn1.infocasas.com.uy/web/66179b2a34a47_infocdn.jpg
191000620,Departamento en Punta Ballena,340000.0,2.0,2.0,130.0,104.0,Punta Ballena,-34.8758280682,-55.0513106898,,,False,1,https://www.infocasas.com.uy/departamento-en-punta-ballena/191000620,https://cdn1.infocasas.com.uy/web/66477c30d20da_infocdn.jpg
191000660,Departamento - Playa Mansa,500000.0,3.0,3.0,120.0,0.0,Playa Mansa,-34.932528,-54.9562356,,,False,1,https://www.infocasas.com.uy/departamento-playa-mansa/191000660,https://cdn1.infocasas.com.uy/web/66477e72b8641_infocdn.jpg
191068899,Departamento Primera Fila a Playa Brava,430000.0,3.0,3.0,143.0,1.0,San Rafael,-34.9416041678,-54.9137388045,,,False,1,https://www.infocasas.com.uy/departamento-primera-fila-a-playa-brava/191068899,https://cdn1.infocasas.com.uy/web/667af8892d390_infocdn.jpg
191068035,Punta del Este Venta Departamento Surfside al 1400 tm 4490123,1516000.0,3.0,3.0,262.0,0.0,Rincón del Indio,-34.9191968016,-54.8729177004,,,False,1,https://www.infocasas.com.uy/punta-del-este-venta-departamento-surfside-al-1400-tm-4490123/191068035,https://cdn1.infocasas.com.uy/web/667ad9bdc3c68_infocdn.jpg
191008423,Departamento en  Cristal View,590000.0,2.0,3.0,132.0,91.0,Solanas,-34.8787764,-55.0526334,,,False,1,https://www.infocasas.com.uy/departamento-en-cristal-view/191008423,https://cdn1.infocasas.com.uy/web/6651a6ac2124b_infocdn.jpg
191008503,Departamento en  Mansa  ,600000.0,3.0,3.0,174.0,133.0,Playa Mansa,-34.9162236,-54.9768101,,,False,1,https://www.infocasas.com.uy/departamento-en-mansa-/191008503,https://cdn1.infocasas.com.uy/web/6651aab98bb14_infocdn.jpg
191084968,APARTAMENTO EN VENTA 2 DORMITORIOS 1 BAÑO EN EDIFICIO ATLANTICO,225000.0,2.0,1.0,60.0,65.0,Roosevelt,0,0,2023.0,,False,1,https://www.infocasas.com.uy/apartamento-en-venta-2-dormitorios-1-baño-en-edificio-atlantico/191084968,https://cdn1.infocasas.com.uy/repo/img/132785_RSP-15678-TRA_288.jpg
190930075,Departamento - Playa Brava,340000.0,2.0,2.0,127.0,90.0,Playa Brava,-34.9441658,-54.9217472,,,False,1,https://www.infocasas.com.uy/departamento-playa-brava/190930075,https://cdn1.infocasas.com.uy/web/6617c0e7910cb_infocdn.jpg
190955711,EDIFICIO HORIZONTE PUNTA DEL ESTE,450000.0,3.0,3.0,356.0,131.0,Punta del Este,-34.9245415,-54.9654424,,,False,1,https://www.infocasas.com.uy/edificio-horizonte-punta-del-este/190955711,https://cdn1.infocasas.com.uy/web/66198b5f4485a_infocdn.jpg
190931279,Venta apartamento 2 dormitorios Playa Brava Punta del Este,389000.0,2.0,2.0,119.0,84.0,Playa Brava,-34.9581623,-54.936751,,,False,1,https://www.infocasas.com.uy/venta-apartamento-2-dormitorios-playa-brava-punta-del-este/190931279,https://cdn1.infocasas.com.uy/web/66185c6747fa3_infocdn.jpg
191008372,Departamento - Playa Brava,1600000.0,3.0,3.0,310.0,226.0,Playa Brava,-34.9461801,-54.9228401,,,False,1,https://www.infocasas.com.uy/departamento-playa-brava/191008372,https://cdn1.infocasas.com.uy/web/6651a488c1bd4_infocdn.jpg
190931485,Apartamento en Puerto,520000.0,3.0,3.0,125.0,101.0,Península,-34.905408,-54.9501708,,,False,1,https://www.infocasas.com.uy/apartamento-en-puerto/190931485,https://cdn1.infocasas.com.uy/web/6618643197e89_infocdn.jpg
190750960,VENTA IMPACTANTE APARTAMENTO 2 DORMITORIOS EN EDIFICIO SURFSIDE,1144000.0,2.0,3.0,226.0,226.0,Rincón del Indio,-34.91741410786848,-54.87350588043211,,,False,1,https://www.infocasas.com.uy/venta-impactante-apartamento-2-dormitorios-en-edificio-surfside/190750960,https://cdn1.infocasas.com.uy/repo/img/73429_PMI-213081-TRA_790.jpg
190931395,Venta Departamento 1 Dormitorio y Medio Punta Del Este,208000.0,1.0,1.0,65.0,53.0,Aidy Grill,-34.9482204,-54.9295258,,,False,1,https://www.infocasas.com.uy/venta-departamento-1-dormitorio-y-medio-punta-del-este/190931395,https://cdn1.infocasas.com.uy/web/661860b4d390a_infocdn.jpg
190927067,Venta apartamento 2 dormitorios Peninsula,260000.0,2.0,2.0,68.0,63.0,Península,-34.9368789,-54.9281496,,,False,1,https://www.infocasas.com.uy/venta-apartamento-2-dormitorios-peninsula/190927067,https://cdn1.infocasas.com.uy/web/66179f1288b6f_infocdn.jpg
191115642,Departamento en venta - Playa Brava,450000.0,3.0,3.0,121.0,113.0,Playa Brava,43.4831519,-1.558626,,,False,1,https://www.infocasas.com.uy/departamento-en-venta-playa-brava/191115642,https://cdn1.infocasas.com.uy/web/66962abad9fc3_infocdn.jpg
191067576,Punta del Este Venta y Alquiler Departamento Imperiale II 5,1105000.0,4.0,3.0,214.0,0.0,Península,-34.9559887,-54.9379552,,,False,1,https://www.infocasas.com.uy/punta-del-este-venta-y-alquiler-departamento-imperiale-ii-5/191067576,https://cdn1.infocasas.com.uy/web/667ac79e17b78_infocdn.jpg
190928728,A estrenar en Roosevelt,198000.0,1.0,1.0,68.0,52.0,Roosevelt,-34.959578,-54.9398589,,,False,1,https://www.infocasas.com.uy/a-estrenar-en-roosevelt/190928728,https://cdn1.infocasas.com.uy/web/6617a46f647a9_infocdn.jpg
190928758,Venta apartamento 3 dormitorios Mansa,790000.0,3.0,2.0,160.0,127.0,Playa Mansa,-34.950592,-54.9355476,,,False,1,https://www.infocasas.com.uy/venta-apartamento-3-dormitorios-mansa/190928758,https://cdn1.infocasas.com.uy/web/6617a5686363a_infocdn.jpg
191008260,Departamento - Playa Brava,350000.0,2.0,3.0,105.0,85.0,Playa Brava,-34.9514089677,-54.9314294973,,,False,1,https://www.infocasas.com.uy/departamento-playa-brava/191008260,https://cdn1.infocasas.com.uy/web/66519efea8b1a_infocdn.jpg
191000748,Departamento - Península,269000.0,1.0,2.0,70.0,41.0,Península,-34.9668398,-54.9460649,,,False,1,https://www.infocasas.com.uy/departamento-peninsula/191000748,https://cdn1.infocasas.com.uy/web/6647835f5121e_infocdn.jpg
190930108,Departamento - Playa Mansa,615000.0,3.0,2.0,120.0,82.0,Playa Mansa,-34.947806,-54.9401954,,,False,1,https://www.infocasas.com.uy/departamento-playa-mansa/190930108,https://cdn1.infocasas.com.uy/web/6617c1add53b0_infocdn.jpg
190930332,Departamento - Aidy Grill,900000.0,3.0,3.0,192.0,192.0,Aidy Grill,-34.9473666,-54.9241563,,,False,1,https://www.infocasas.com.uy/departamento-aidy-grill/190930332,https://cdn1.infocasas.com.uy/web/6617c807cba41_infocdn.jpg
190262737,VENTA DE APARTAMENTO 1 DORMITORIO EDIFICIO ONE II,225000.0,1.0,1.0,60.0,67.0,Playa Brava,0,0,,,False,1,https://www.infocasas.com.uy/venta-de-apartamento-1-dormitorio-edificio-one-ii/190262737,https://cdn1.infocasas.com.uy/repo/img/132785_RSP-13470-TRA_132.jpg
190928994,Mansa primera linea,1495000.0,4.0,3.0,260.0,229.0,Playa Mansa,-34.918002,-54.9765911,,,False,1,https://www.infocasas.com.uy/mansa-primera-linea/190928994,https://cdn1.infocasas.com.uy/web/6617abc38eece_infocdn.jpg
189506794,Apartamento en Venta Tres Suites y Dependencia Playa Brava,880000.0,3.0,4.0,206.0,369.0,Golf,0,0,,,False,1,https://www.infocasas.com.uy/apartamento-en-venta-tres-suites-y-dependencia-playa-brava/189506794,https://cdn1.infocasas.com.uy/repo/img/694874_DMC-9664-TRA_97.jpg
190966603,Apartamento en edificio estrella de mar,279000.0,2.0,2.0,85.0,76.0,Playa Brava,-34.9531097,-54.9304542,,,False,1,https://www.infocasas.com.uy/apartamento-en-edificio-estrella-de-mar/190966603,https://cdn1.infocasas.com.uy/web/661ee70513df5_infocdn.jpg
189728430,"Miami Boulevard 2, a estrenar. Esquinero. Gastos pagos",585000.0,3.0,2.0,160.0,160.0,Playa Mansa,0,0,2022.0,,False,1,https://www.infocasas.com.uy/miami-boulevard-2-a-estrenar-esquinero-gastos-pagos/189728430,https://cdn1.infocasas.com.uy/repo/img/243_NYP-39126-TRA_603.jpg
190859932,Departamento - Playa Brava,710000.0,3.0,2.0,190.0,190.0,Playa Brava,-32.522779,-55.765835,,,False,1,https://www.infocasas.com.uy/departamento-playa-brava/190859932,https://cdn1.infocasas.com.uy/web/65b387db90c9e_infocdn.jpg
190946234,Apartamento en  venta de 1 dormitorio en Punta del Este ,220000.0,1.0,1.0,52.0,42.0,Playa Mansa,-34.916353715,-54.9766489619,,,False,1,https://www.infocasas.com.uy/apartamento-en-venta-de-1-dormitorio-en-punta-del-este-/190946234,https://cdn1.infocasas.com.uy/web/6616a8546001f_infocdn.jpg
190946373,Apartamento en  Quartier Punta del Este,450000.0,2.0,2.0,140.0,118.0,Punta Ballena,-34.9014087,-55.0406855,,,False,1,https://www.infocasas.com.uy/apartamento-en-quartier-punta-del-este/190946373,https://cdn1.infocasas.com.uy/web/6616baacd89b3_infocdn.jpg
190932895,Apartamento - Playa Brava,290000.0,2.0,2.0,75.0,66.0,Playa Brava,-34.9530976,-54.9335737,,,False,1,https://www.infocasas.com.uy/apartamento-playa-brava/190932895,https://cdn1.infocasas.com.uy/web/660aaf484efd6_infocdn.jpg
190960079,"Apartamento 2 dormitorios con terraza en La Pastora, Punta del Este",265000.0,2.0,2.0,89.0,71.0,Playa Brava,-34.9530981858,-54.9329541499,,,False,1,https://www.infocasas.com.uy/apartamento-2-dormitorios-con-terraza-en-la-pastora-punta-del-este/190960079,https://cdn1.infocasas.com.uy/web/661d20d09d0ef_infocdn.jpg
190930318,Departamento - Playa Brava,280000.0,3.0,2.0,100.0,86.0,Playa Brava,-34.9456921,-54.9189169,,,False,1,https://www.infocasas.com.uy/departamento-playa-brava/190930318,https://cdn1.infocasas.com.uy/web/6617c7a30e6d4_infocdn.jpg
190930341,Departamento - Punta del Este,180000.0,1.0,1.0,52.0,0.0,Punta del Este,-34.9517443,-54.934984,,,False,1,https://www.infocasas.com.uy/departamento-punta-del-este/190930341,https://cdn1.infocasas.com.uy/web/66054bb50b1e5_infocdn.jpg
190930802,Venta Apartamento 2 dormitorios 2 baños Punta del Este,245000.0,2.0,2.0,91.0,60.0,Punta del Este,-34.9440439,-54.933545,,,False,1,https://www.infocasas.com.uy/venta-apartamento-2-dormitorios-2-baños-punta-del-este/190930802,https://cdn1.infocasas.com.uy/web/66184897c18cb_infocdn.jpg
190257691,"Apartamento 3 dormitorios Manantiales, Punta del Este.",1590000.0,3.0,4.0,187.0,266.0,Manantiales,0,0,2022.0,,False,1,https://www.infocasas.com.uy/apartamento-3-dormitorios-manantiales-punta-del-este/190257691,https://cdn1.infocasas.com.uy/repo/img/694874_DMC-9349-TRA_493.jpg
190266348,"Venta departamento, 3 dormitorios pent-house, Roosevelt Punta del Este",650000.0,3.0,3.0,185.0,242.0,Roosevelt,-34.9372398,-54.935956,,,False,1,https://www.infocasas.com.uy/venta-departamento-3-dormitorios-penthouse-roosevelt-punta-del-este/190266348,https://cdn1.infocasas.com.uy/web/676129bfb27a5_infocdn.jpg
190960863,Apartamento 2 dormitorios en suite y terraza frente al Puerto de Punta del Este,1050000.0,2.0,2.0,200.0,135.0,Península,-34.9624337,-54.9432886,,,False,1,https://www.infocasas.com.uy/apartamento-2-dormitorios-en-suite-y-terraza-frente-al-puerto-de-punta-del-este/190960863,https://cdn1.infocasas.com.uy/web/661d3879b293d_infocdn.jpg
189612062,Departamento - Roosevelt,365000.0,4.0,3.0,159.0,159.0,Roosevelt,-34.9239842,-54.9504723,,,False,1,https://www.infocasas.com.uy/departamento-roosevelt/189612062,https://cdn1.infocasas.com.uy/web/649f607d5d028_infocdn.jpg
188035091,"Venetian, esquinero a Punta Ballena, piso alto, 2 garajes.",2000000.0,4.0,4.0,251.0,274.0,Playa Mansa,-34.92893790444394,-54.959604789810165,2022.0,,False,1,https://www.infocasas.com.uy/venetian-esquinero-a-punta-ballena-piso-alto-2-garajes/188035091,https://cdn1.infocasas.com.uy/repo/img/243_NYP-38302-TRA_385.jpg
188637421,Venta Departamento - Playa mansa,480000.0,2.0,2.0,184.0,137.0,Playa Mansa,-34.9088295796,-55.0148021698,,,False,1,https://www.infocasas.com.uy/venta-departamento-playa-mansa/188637421,https://cdn1.infocasas.com.uy/web/66017874c52a0_infocdn.jpg
187430740,"Apartamento en Look Brava, Temporada 2020 - Playa Brava",400000.0,2.0,2.0,146.0,101.0,Playa Brava,-34.9441658,-54.9217472,,,False,1,https://www.infocasas.com.uy/apartamento-en-look-brava-temporada-2020-playa-brava/187430740,https://cdn1.infocasas.com.uy/web/649f3bec2a1b3_infocdn.jpg
185718037,Venta departamento 3 dormitorios - Roosevelt,450000.0,3.0,3.0,140.0,104.0,Roosevelt,-34.966667,-54.95,,,False,1,https://www.infocasas.com.uy/venta-departamento-3-dormitorios-roosevelt/185718037,https://cdn1.infocasas.com.uy/web/6874b9903589d_infocdn.jpg
193148673,Apartamento en venta c/ cochera en Roosevelt,175000.0,1.0,1.0,51.0,40.0,Punta Shopping,-34.93319157244379,-54.94209728763491,2026.0,,False,1,https://www.infocasas.com.uy/apartamento-en-venta-c-cochera-en-roosevelt/193148673,https://cdn1.infocasas.com.uy/repo/img/175500891_76964_136.jpg
190952748,Apartamento en  peninsula - fontemar ,300000.0,4.0,3.0,120.0,110.0,Península,-34.9649371,-54.9462962,,,False,1,https://www.infocasas.com.uy/apartamento-en-peninsula-fontemar-/190952748,https://cdn1.infocasas.com.uy/web/66191f05a3c8a_infocdn.jpg
192690719,Apartamento - Punta del Este. 1 dormitorio,135000.0,1.0,1.0,35.0,35.0,Península,-34.9633102,-54.9420383,,,False,1,https://www.infocasas.com.uy/apartamento-punta-del-este-1-dormitorio/192690719,https://cdn1.infocasas.com.uy/web/6887b374b8ffd_infocdn.jpg
186103809,Departamento - Cantegril,149800.0,1.0,1.0,48.0,48.0,Cantegril,-34.9260087,-54.9485448,,,False,1,https://www.infocasas.com.uy/departamento-cantegril/186103809,https://cdn1.infocasas.com.uy/web/6493e71b338a2_infocdn.jpg
189627284,Apartamento - Roosevelt,145000.0,1.0,1.0,50.0,50.0,Roosevelt,-34.9260653,-54.9486109,,,False,1,https://www.infocasas.com.uy/apartamento-roosevelt/189627284,https://cdn1.infocasas.com.uy/web/6322f1c5b08cb_infocdn.jpg#HASTH
192987133,Apartamento en Manantiales. 1 dormitorios con parrillero,142000.0,1.0,1.0,73.0,38.0,Manantiales,-34.9055203,-54.8262615,,,False,1,https://www.infocasas.com.uy/apartamento-en-manantiales-1-dormitorios-con-parrillero/192987133,https://cdn1.infocasas.com.uy/web/68f0a292626c7_infocdn.jpg
190076001,Apartamento - Punta Ballena,350000.0,2.0,2.0,80.0,80.0,Punta Ballena,-34.8921165,-55.0371742,,,False,1,https://www.infocasas.com.uy/apartamento-punta-ballena/190076001,https://cdn1.infocasas.com.uy/web/63a2aa3f9cbd4_infocdn.jpg
186742933,Departamento - Punta del Este,980000.0,2.0,3.0,200.0,135.0,Punta del Este,-34.9635526,-54.945564,,,False,1,https://www.infocasas.com.uy/departamento-punta-del-este/186742933,https://cdn1.infocasas.com.uy/web/61046433c80a9_infocdn.jpg#HASTH
186092061,Departamento - Península,260000.0,3.0,2.0,90.0,90.0,Península,-34.9603649,-54.9415586,,,False,1,https://www.infocasas.com.uy/departamento-peninsula/186092061,https://cdn1.infocasas.com.uy/web/61045292eb2f5_infocdn.jpg#HASTH
191525548,Apartamento - Península,139000.0,1.0,1.0,35.0,35.0,Península,-34.9595971,-54.9408293,,,False,1,https://www.infocasas.com.uy/apartamento-peninsula/191525548,https://cdn1.infocasas.com.uy/web/66ff9d2c9e8c4_infocdn.jpg
190902712,roosevelt,267000.0,3.0,2.0,100.0,100.0,Roosevelt,-34.9400313,-54.9326894,,,False,1,https://www.infocasas.com.uy/roosevelt/190902712,https://cdn1.infocasas.com.uy/web/65f8a0a92e647_infocdn.jpg
193587925,Apartamento de dos dormitorios en suites en Paramount Smart Tower en Venta,575000.0,2.0,2.0,82.0,90.0,Playa Mansa,-34.9423846197398,-54.94465135505065,2021.0,,,1,https://www.infocasas.com.uy/apartamento-de-dos-dormitorios-en-suites-en-paramount-smart-tower-en-venta/193587925,https://cdn1.infocasas.com.uy/repo/img/405_CCP-33606-TRA_904.jpg
193667834,ARTE BARRA DEPARTAMENTO EN VENTA CON PILETA,1950000.0,3.0,4.0,440.0,190.0,La Barra,-34.9154695,-54.853907,,,,1,https://www.infocasas.com.uy/arte-barra-departamento-en-venta-con-pileta/193667834,https://cdn1.infocasas.com.uy/repo/img/405_CCP-40015-TRA_284.jpg
193206942,"Apartamento de un dormitorio y medio en alquiler temporal, frente al mar en playa mansa.",340000.0,1.0,1.0,60.0,70.0,Playa Mansa,0,0,2023.0,,,1,https://www.infocasas.com.uy/apartamento-de-un-dormitorio-y-medio-en-alquiler-temporal-frente-al-mar-en-playa-mansa/193206942,https://cdn1.infocasas.com.uy/repo/img/405_CCP-34329-TRA_181.jpg
191798207,"Veramansa venta de apartamento, Punta Del Este",410000.0,2.0,2.0,112.0,139.0,Pinares,0,0,,,,1,https://www.infocasas.com.uy/veramansa-venta-de-apartamento-punta-del-este/191798207,https://cdn1.infocasas.com.uy/repo/img/405_CCP-36292-TRA_5.jpg
193541172,"TRUMP TOWER Apartamento primera linea en Playa Brava, Punta del Este dos dormitorios en Alquiler Anual",900000.0,2.0,2.0,163.0,180.0,Playa Brava,0,0,,,,1,https://www.infocasas.com.uy/trump-tower-apartamento-primera-linea-en-playa-brava-punta-del-este-dos-dormitorios-en-alquiler-anual/193541172,https://cdn1.infocasas.com.uy/repo/img/405_CCP-34062-TRA_667.jpg
189918220,"La inversión que estabas esperando. Torre en pozo, departamentos en venta en Punta del Este",210000.0,1.0,1.0,45.0,61.0,Playa Brava,0,0,,,,1,https://www.infocasas.com.uy/la-inversion-que-estabas-esperando-torre-en-pozo-departamentos-en-venta-en-punta-del-este/189918220,https://cdn1.infocasas.com.uy/repo/img/405_CCP-33754-TRA_262.jpg
191852663,Departamento en  La Barra Venta pb Arte Barra TM6688910,2100000.0,3.0,3.0,191.0,191.0,La Barra,-34.9167667,-54.8549758,,,False,1,https://www.infocasas.com.uy/departamento-en-la-barra-venta-pb-arte-barra-tm6688910/191852663,https://cdn1.infocasas.com.uy/web/68088cebe3a3e_infocdn.jpg
191988163,Monoambiente a estrenar en Green Park PROP1095,198500.0,0.0,1.0,42.0,40.0,Punta del Este,-34.9030384,-55.0424472,,,False,1,https://www.infocasas.com.uy/monoambiente-a-estrenar-en-green-park-prop1095/191988163,https://cdn1.infocasas.com.uy/web/67a720777c780_infocdn.jpg
191362546,VENTA APARTAMENTO UN DORMITORIO PUNTA DEL ESTE EDIFICIO TRUMP TOWER,850000.0,1.0,1.0,75.0,75.0,Playa Brava,0,0,2024.0,,False,1,https://www.infocasas.com.uy/venta-apartamento-un-dormitorio-punta-del-este-edificio-trump-tower/191362546,https://cdn1.infocasas.com.uy/repo/img/173608396_HAUS-2380-TRA_188.jpg
191989016,"Departamento 2 dormitorios contra  frente al mar en  Punta del Este , Playa Mansa",350000.0,2.0,2.0,153.0,88.0,Playa Mansa,-34.9233808,-54.9663001,,,False,1,https://www.infocasas.com.uy/departamento-2-dormitorios-contra-frente-al-mar-en-punta-del-este-playa-mansa/191989016,https://cdn1.infocasas.com.uy/web/67a73ffedde28_infocdn.jpg
191989041,Departamento  frente al mar en venta - Lomo de la Ballena- punta ballena Sierra Ballena,399000.0,2.0,2.0,145.0,100.0,Punta Ballena,-34.9093558027,-55.0426188614,,,False,1,https://www.infocasas.com.uy/departamento-frente-al-mar-en-venta-lomo-de-la-ballena-punta-ballena-sierra-ballena/191989041,https://cdn1.infocasas.com.uy/web/67a7412db8ac8_infocdn.jpg
191989105,Apartamento  frente al mar en venta - Playa Brava  - Look Brava,484000.0,3.0,2.0,126.0,100.0,Playa Brava,-34.9441658,-54.9217472,,,False,1,https://www.infocasas.com.uy/apartamento-frente-al-mar-en-venta-playa-brava-look-brava/191989105,https://cdn1.infocasas.com.uy/web/67a74492485db_infocdn.jpg
192160726,(BPV-BPV-3540)  Tiburon III - Unico semi piso de 514m2 a estrenar!!!,2600000.0,4.0,3.0,514.0,514.0,Playa Brava,-34.9347245,-54.90334039999999,2026.0,,False,1,https://www.infocasas.com.uy/bpvbpv3540-tiburon-iii-unico-semi-piso-de-514m2-a-estrenar/192160726,https://cdn1.infocasas.com.uy/repo/img/279_BPV-BPV-3540_313.jpg
192160781,(BPV-BPV-4058)  Apartamento EN venta 2 DORMITORIOS,285000.0,2.0,3.0,83.0,69.0,Punta del Este,-34.931857991665815,-54.942064900369246,2026.0,,False,1,https://www.infocasas.com.uy/bpvbpv4058-apartamento-en-venta-2-dormitorios/192160781,https://cdn1.infocasas.com.uy/repo/img/279_BPV-BPV-4058_844.jpg
191520947,Apartamento en Torre Esmeralda,395000.0,3.0,3.0,105.0,89.0,Playa Brava,-34.9490631,-54.9299413,,,False,1,https://www.infocasas.com.uy/apartamento-en-torre-esmeralda/191520947,https://cdn1.infocasas.com.uy/web/66fe554f75c21_infocdn.jpg
191623271,Apartamento en Playa Brava,620000.0,4.0,3.0,191.0,191.0,Playa Brava,-34.9529500151,-54.9298536349,,,False,1,https://www.infocasas.com.uy/apartamento-en-playa-brava/191623271,https://cdn1.infocasas.com.uy/web/67208a06decb6_infocdn.jpg
191989166,"Look brava frente al mar piso alto - dos dormitorios  - Look brava -playa brava , punta del este",525000.0,2.0,2.0,122.0,100.0,Playa Brava,-34.9445175809,-54.921811573,,,False,1,https://www.infocasas.com.uy/look-brava-frente-al-mar-piso-alto-dos-dormitorios-look-brava-playa-brava-punta-del-este/191989166,https://cdn1.infocasas.com.uy/web/67a747af687d8_infocdn.jpg
191691127,VENTA APARTAMENTO UN DORMITORIO PUNTA DEL ESTE EDIFICIO SIGLO SOL DOS,170000.0,1.0,1.0,43.0,43.0,Aidy Grill,0,0,,,False,1,https://www.infocasas.com.uy/venta-apartamento-un-dormitorio-punta-del-este-edificio-siglo-sol-dos/191691127,https://cdn1.infocasas.com.uy/repo/img/173608396_HAUS-2653-TRA_61.jpg
191698176,Departamento en Venta y Alquiler Temporario en Torre One I TM6509847,480000.0,3.0,3.0,121.0,121.0,Playa Brava,-34.9448661,-54.927452,,,False,1,https://www.infocasas.com.uy/departamento-en-venta-y-alquiler-temporario-en-torre-one-i-tm6509847/191698176,https://cdn1.infocasas.com.uy/web/679489b079d96_infocdn.jpg
192082877,Apartamento a estrenar 2 dormitorios 2 baños,220000.0,2.0,2.0,70.0,80.0,Arcobaleno,0,0,2024.0,,False,1,https://www.infocasas.com.uy/apartamento-a-estrenar-2-dormitorios-2-baños/192082877,https://cdn1.infocasas.com.uy/repo/img/174931428_BRU-419-TRA_204.jpg
191989207,Departamento en venta de 3 dormitorios y dependencia  - Playa Mansa- Punta del Este Ref:5458,1400000.0,3.0,3.0,410.0,410.0,Playa Mansa,-34.918002,-54.9765911,,,False,1,https://www.infocasas.com.uy/departamento-en-venta-de-3-dormitorios-y-dependencia-playa-mansa-punta-del-este-ref5458/191989207,https://cdn1.infocasas.com.uy/web/67a74a16314d4_infocdn.jpg
191988056,Departamento de 2 dormitorios en  Rincón del Indio,220000.0,2.0,1.0,100.0,100.0,Rincón del Indio,-34.9268708,-54.888386,,,False,1,https://www.infocasas.com.uy/departamento-de-2-dormitorios-en-rincon-del-indio/191988056,https://cdn1.infocasas.com.uy/web/67a71dec573ee_infocdn.jpg
191988074,Departamento en  Torre Marfil - Punta del este,155000.0,2.0,2.0,75.0,75.0,Cantegril,-34.9330708,-54.9395818,,,False,1,https://www.infocasas.com.uy/departamento-en-torre-marfil-punta-del-este/191988074,https://cdn1.infocasas.com.uy/web/67a71e447e95a_infocdn.jpg
191989057,Duplex Penthouse  en Edificio Tequendama de 4 dormitorios en Suite - frente al mar playa mansa - Punta del Este,1950000.0,5.0,3.0,605.0,580.0,Playa Mansa,-34.9503258,-54.9390177,,,False,1,https://www.infocasas.com.uy/duplex-penthouse-en-edificio-tequendama-de-4-dormitorios-en-suite-frente-al-mar-playa-mansa-punta-del-este/191989057,https://cdn1.infocasas.com.uy/web/67a7421971e98_infocdn.jpg
191159302,Apartamento de 1 dormitorio en La Barra con financiación,191600.0,1.0,1.0,61.0,49.0,La Barra,-34.908164,-54.8517802,,,False,1,https://www.infocasas.com.uy/apartamento-de-1-dormitorio-en-la-barra-con-financiacion/191159302,https://cdn1.infocasas.com.uy/web/68e0ce25925aa_infocdn.jpg
193754457,PENT HOUSE EN PINARES PRIMERA FILA 3 DORMITORIOS A ESTRENAR,950000.0,3.0,3.0,136.0,170.0,Pinares,0,0,,,False,1,https://www.infocasas.com.uy/pent-house-en-pinares-primera-fila-3-dormitorios-a-estrenar/193754457,https://cdn1.infocasas.com.uy/repo/img/173224178_ARE-6151-TRA_819.jpg
193753927,Torres del Este excelente orientación y vistas en piso 10,189000.0,1.0,1.0,50.0,0.0,Aidy Grill,0,0,,,False,1,https://www.infocasas.com.uy/torres-del-este-excelente-orientacion-y-vistas-en-piso-10/193753927,https://cdn1.infocasas.com.uy/repo/img/173224178_ARE-5832-TRA_342.jpg
193702601,"Departamento de 4 dormitorios en venta, frente al mar. Torre Le Parc IV",1580000.0,4.0,5.0,186.0,242.0,Playa Brava,0,0,2024.0,,False,1,https://www.infocasas.com.uy/departamento-de-4-dormitorios-en-venta-frente-al-mar-torre-le-parc-iv/193702601,https://cdn1.infocasas.com.uy/repo/img/173012432_NDM-29955-TRA_19.jpg
192746763,Apartamento en alquiler anual.,260000.0,2.0,2.0,90.0,0.0,Roosevelt,0,0,,,False,1,https://www.infocasas.com.uy/apartamento-en-alquiler-anual/192746763,https://cdn1.infocasas.com.uy/repo/img/173903975_KCP-21095782-TRA_571.jpg
192685159,Apartamento en venta de 2 dormitorios Punta del Este.,285000.0,2.0,1.0,100.0,120.0,Playa Brava,0,0,2021.0,,False,1,https://www.infocasas.com.uy/apartamento-en-venta-de-2-dormitorios-punta-del-este/192685159,https://cdn1.infocasas.com.uy/repo/img/599524_PAR-11094-TRA_718.jpg
192079598,Apartamento en Venta de Dos Dormitorios playa brava,950000.0,2.0,3.0,162.0,180.0,Playa Brava,0,0,,,False,1,https://www.infocasas.com.uy/apartamento-en-venta-de-dos-dormitorios-playa-brava/192079598,https://cdn1.infocasas.com.uy/repo/img/174931428_BRU-313-TRA_742.jpg
191988835,"Apartamento en venta Montoya, La Barra",415000.0,3.0,3.0,110.0,110.0,Montoya,-34.9154695,-54.853907,,,False,1,https://www.infocasas.com.uy/apartamento-en-venta-montoya-la-barra/191988835,https://cdn1.infocasas.com.uy/web/67a736d1506c3_infocdn.jpg
190948542,Apto 2 dormitorios- Playa Mansa,245000.0,2.0,2.0,93.0,69.0,Playa Mansa,-34.918002,-54.9765911,2026.0,,False,1,https://www.infocasas.com.uy/apto-2-dormitorios-playa-mansa/190948542,https://cdn1.infocasas.com.uy/web/6618041a14659_infocdn.jpg
190278271,BUENA VISTA MAR - RINCON DEL INDIO,230000.0,2.0,2.0,90.0,73.0,Rincón del Indio,-34.9284136,-54.8949454,2023.0,,False,1,https://www.infocasas.com.uy/buena-vista-mar-rincon-del-indio/190278271,https://cdn1.infocasas.com.uy/repo/img/173608396_HAUS-63-TRA_281.jpg
190023950,Venta apartamento 2 dormitorios Maldonado.,135000.0,2.0,2.0,72.0,72.0,Maldonado,-34.89948303040967,-54.98497848709105,2022.0,,False,1,https://www.infocasas.com.uy/venta-apartamento-2-dormitorios-maldonado/190023950,https://cdn1.infocasas.com.uy/repo/img/694874_DMC-10346-TRA_320.jpg
190167536,"Unidad a estrenar en venta frente al mar, 2 dormitorios. Walmer Lagoon",395000.0,2.0,2.0,83.0,144.0,Playa Mansa,0,0,,,False,1,https://www.infocasas.com.uy/unidad-a-estrenar-en-venta-frente-al-mar-2-dormitorios-walmer-lagoon/190167536,https://cdn1.infocasas.com.uy/repo/img/173012432_NDM-15983-TRA_865.jpg
190929260,Departamento - Playa Mansa,460000.0,2.0,2.0,137.0,100.0,Playa Mansa,-34.9156301,-54.9788153,,,False,1,https://www.infocasas.com.uy/departamento-playa-mansa/190929260,https://cdn1.infocasas.com.uy/web/6617b90381da5_infocdn.jpg
190299089,Hermoso Departamento esquinero en venta con agradable vista al Mar. Torre Venetian,1650000.0,4.0,4.0,182.0,222.0,Playa Mansa,0,0,2022.0,,False,1,https://www.infocasas.com.uy/hermoso-departamento-esquinero-en-venta-con-agradable-vista-al-mar-torre-venetian/190299089,https://cdn1.infocasas.com.uy/repo/img/173012432_NDM-8330-TRA_980.jpg
190946412,Apartamento - Pinares,450000.0,2.0,2.0,147.0,108.0,Pinares,-34.9156949984,-54.9788736988,,,False,1,https://www.infocasas.com.uy/apartamento-pinares/190946412,https://cdn1.infocasas.com.uy/web/6616c42636b41_infocdn.jpg
189336773,Venta de apartamento de 1 dormitorio y garaje en Artower,255000.0,1.0,1.0,63.0,49.0,Barrio Córdoba,-34.95181624529781,-54.9358754429331,2026.0,,False,1,https://www.infocasas.com.uy/venta-de-apartamento-de-1-dormitorio-y-garaje-en-artower/189336773,https://cdn1.infocasas.com.uy/repo/img/117272_P001153_190.jpg
193379968,"Moderno Apartamento de 2 Dormitorios en Playa Brava, Punta del Este",290000.0,2.0,2.0,78.0,86.0,Aidy Grill,0,0,2021.0,,False,1,https://www.infocasas.com.uy/moderno-apartamento-de-2-dormitorios-en-playa-brava-punta-del-este/193379968,https://cdn1.infocasas.com.uy/repo/img/176713292_ALX-786-TRA_547.jpg
193598485,Venta Apartamento Luxury frente al mar de 3 bedroom en suite.,670000.0,3.0,4.0,150.0,190.0,Playa Mansa,-34.91194920284689,-54.99090336730346,2026.0,,False,1,https://www.infocasas.com.uy/venta-apartamento-luxury-frente-al-mar-de-3-bedroom-en-suite/193598485,https://cdn1.infocasas.com.uy/repo/img/175955365_LUX-21099234-TRA_200.jpg
193722104,Oportunidad 2 dormitorios en edificio Cruceros impresionante vista al mar parrillero Pinares Plya Mansa Punta del Este,390000.0,2.0,2.0,90.0,0.0,Pinares,0,0,,,False,1,https://www.infocasas.com.uy/oportunidad-2-dormitorios-en-edificio-cruceros-impresionante-vista-al-mar-parrillero-pinares-plya-mansa-punta-del-este/193722104,https://cdn1.infocasas.com.uy/repo/img/173608395_ASR-4784-TRA_96.jpg
193713475,Venta apartamento 1 dormitorio y medio con amenities.,250000.0,2.0,2.0,93.0,0.0,Punta del Este,-34.944263,-54.9341936,,,False,1,https://www.infocasas.com.uy/venta-apartamento-1-dormitorio-y-medio-con-amenities/193713475,https://cdn1.infocasas.com.uy/web/69faed4a496ba_infocdn.jpg
193687689,OPORTUNIDAD TORRE DE CATEGORIA,410000.0,3.0,2.0,101.0,131.0,Playa Mansa,-34.951445562564416,-54.9343411645569,2025.0,,False,1,https://www.infocasas.com.uy/oportunidad-torre-de-categoria/193687689,https://cdn1.infocasas.com.uy/repo/img/241439_SUE-4592-TRA_771.jpg
193366095,"Departamento de 3 suites en Alquiler frente al mar. Venetian Luxury, Punta del Este",1850000.0,3.0,3.0,227.0,250.0,Playa Mansa,0,0,2022.0,,False,1,https://www.infocasas.com.uy/departamento-de-3-suites-en-alquiler-frente-al-mar-venetian-luxury-punta-del-este/193366095,https://cdn1.infocasas.com.uy/repo/img/241439_SUE-4302-TRA_821.jpg
193262720,Proyecto desarrollo estrenar pozo renta oportunidad cuotas financiacion ,116900.0,2.0,1.0,55.0,55.0,Centro,-34.9041042,-54.9480187,,,False,1,https://www.infocasas.com.uy/proyecto-desarrollo-estrenar-pozo-renta-oportunidad-cuotas-financiacion-/193262720,https://cdn1.infocasas.com.uy/web/6961f87426397_infocdn.jpg
193259502,apto depto Proyecto pozo a estrenar oportunidad financiacion proxima entrega,91200.0,1.0,1.0,39.0,39.0,Centro,-34.9041042,-54.9480187,,,False,1,https://www.infocasas.com.uy/apto-depto-proyecto-pozo-a-estrenar-oportunidad-financiacion-proxima-entrega/193259502,https://cdn1.infocasas.com.uy/web/6960a7fc49221_infocdn.jpg
193317826,"Venta Apartamento 3 Dormitorios, Servicio y Amenities en Playa Mansa",524371.0,3.0,3.0,155.0,0.0,Playa Mansa,-34.918002,-54.9765911,,,False,1,https://www.infocasas.com.uy/venta-apartamento-3-dormitorios-servicio-y-amenities-en-playa-mansa/193317826,https://cdn1.infocasas.com.uy/web/697472af5999b_infocdn.jpg
193541242,Penthouse en Venta - LAP6204620,2350000.0,4.0,3.0,212.0,212.0,Manantiales,-34.8878991,-54.823307,,,False,1,https://www.infocasas.com.uy/penthouse-en-venta-lap6204620/193541242,https://cdn1.infocasas.com.uy/web/69bbefb4ab24d_infocdn.jpg
193325680,Apartamento en venta 1 dormitorios en Avenida Roosevelt,200000.0,1.0,1.0,40.0,43.0,Cantegril,0,0,2024.0,,False,1,https://www.infocasas.com.uy/apartamento-en-venta-1-dormitorios-en-avenida-roosevelt/193325680,https://cdn1.infocasas.com.uy/repo/img/203121_SIP-12027-TRA_502.jpg
192160501,(BPV-BPV-2349)  Apartamento EN venta 1 DORMITORIO,140000.0,1.0,1.0,69.0,38.0,Manantiales,-34.904942,-54.8277514,2026.0,,False,1,https://www.infocasas.com.uy/bpvbpv2349-apartamento-en-venta-1-dormitorio/192160501,https://cdn1.infocasas.com.uy/repo/img/279_BPV-BPV-2349_678.jpg
191260904,Punta Del Este,290000.0,2.0,2.0,87.0,130.0,Playa Mansa,0,0,,,False,1,https://www.infocasas.com.uy/punta-del-este/191260904,https://cdn1.infocasas.com.uy/repo/img/15377_KBR-218-TRA_94.jpg
192140697,Apartamentos de categoría en Playa Brava,138000.0,1.0,1.0,47.0,47.0,San Rafael,-34.9445152,-54.9164532,,,False,1,https://www.infocasas.com.uy/apartamentos-de-categoria-en-playa-brava/192140697,https://cdn1.infocasas.com.uy/web/67d3d83b58582_infocdn.jpg
190931030,Venta Apartamento 1 1/2 a pasos de la playa Punta del Este,170000.0,1.0,2.0,55.0,50.0,Punta del Este,-34.9368789,-54.9281496,,,False,1,https://www.infocasas.com.uy/venta-apartamento-1-12-a-pasos-de-la-playa-punta-del-este/190931030,https://cdn1.infocasas.com.uy/web/661850aa47bb4_infocdn.jpg
191000260,Departamento en Manantiales,215000.0,2.0,2.0,142.0,74.0,Manantiales,-34.903909666,-54.8284464403,,,False,1,https://www.infocasas.com.uy/departamento-en-manantiales/191000260,https://cdn1.infocasas.com.uy/web/6647698f54da1_infocdn.jpg
190929055,Departamento - Roosevelt,190000.0,2.0,2.0,104.0,89.0,Roosevelt,-34.9155891,-54.974586,,,False,1,https://www.infocasas.com.uy/departamento-roosevelt/190929055,https://cdn1.infocasas.com.uy/web/6617af59ee016_infocdn.jpg
190929119,Departamento - Playa Brava,1190000.0,3.0,3.0,222.0,222.0,Playa Brava,-34.9347245,-54.9033404,,,False,1,https://www.infocasas.com.uy/departamento-playa-brava/190929119,https://cdn1.infocasas.com.uy/web/6617b33361117_infocdn.jpg
190930459,Departamento - Roosevelt,230000.0,3.0,2.0,85.0,74.0,Roosevelt,-34.9291138,-54.9458241,,,False,1,https://www.infocasas.com.uy/departamento-roosevelt/190930459,https://cdn1.infocasas.com.uy/web/6617cc14a1cf1_infocdn.jpg
190925145,venta apartamento tres dormitorios playa brava piso alto vista al mar terraza parrillero,790000.0,3.0,2.0,155.0,121.0,Playa Brava,-34.9535363,-54.9353657,,,False,1,https://www.infocasas.com.uy/venta-apartamento-tres-dormitorios-playa-brava-piso-alto-vista-al-mar-terraza-parrillero/190925145,https://cdn1.infocasas.com.uy/web/6617933a2fdad_infocdn.jpg
190925189,"Roosevelt, complejo con piscina",170000.0,2.0,2.0,76.0,76.0,Roosevelt,-34.9382718,-54.9338042,,,False,1,https://www.infocasas.com.uy/roosevelt-complejo-con-piscina/190925189,https://cdn1.infocasas.com.uy/web/661794199101c_infocdn.jpg
190929151,Departamento - Punta del Este,215000.0,1.0,1.0,50.0,50.0,Punta del Este,-34.8593813,-55.0991701,,,False,1,https://www.infocasas.com.uy/departamento-punta-del-este/190929151,https://cdn1.infocasas.com.uy/web/6617b459d9285_infocdn.jpg
190929329,Departamento - Playa Brava,670000.0,3.0,3.0,165.0,143.0,Playa Brava,-34.9550037,-54.9355345,,,False,1,https://www.infocasas.com.uy/departamento-playa-brava/190929329,https://cdn1.infocasas.com.uy/web/6617ba9848c86_infocdn.jpg
190931332,Venta y alquiler apartamento 3 dormitorios y dependencia Playa brava Punta del Este,870000.0,3.0,3.0,190.0,169.0,Playa Brava,-34.9368789,-54.9281496,,,False,1,https://www.infocasas.com.uy/venta-y-alquiler-apartamento-3-dormitorios-y-dependencia-playa-brava-punta-del-este/190931332,https://cdn1.infocasas.com.uy/web/66185eae240be_infocdn.jpg
190925434,Piso alto en Mansa,520000.0,2.0,2.0,113.0,89.0,Playa Mansa,-34.9492474052,-54.936302811,,,False,1,https://www.infocasas.com.uy/piso-alto-en-mansa/190925434,https://cdn1.infocasas.com.uy/web/662ca4a3d7c7d_infocdn.jpg
190931500,Apartamento en Roosevelt,317000.0,3.0,2.0,140.0,123.0,Punta del Este,-34.9306845,-54.9434299,,,False,1,https://www.infocasas.com.uy/apartamento-en-roosevelt/190931500,https://cdn1.infocasas.com.uy/web/6618648de8d85_infocdn.jpg
190931584,Venta Departamento 3 Dormitorios Playa Mansa,415000.0,3.0,2.0,124.0,93.0,Playa Mansa,-34.918002,-54.9765911,,,False,1,https://www.infocasas.com.uy/venta-departamento-3-dormitorios-playa-mansa/190931584,https://cdn1.infocasas.com.uy/web/661866dc411ce_infocdn.jpg
190928732,Venta apartamento 4 dormitorios Peninsula,280000.0,4.0,3.0,135.0,103.0,Península,-34.9368789,-54.9281496,,,False,1,https://www.infocasas.com.uy/venta-apartamento-4-dormitorios-peninsula/190928732,https://cdn1.infocasas.com.uy/web/6617a4a5ba0df_infocdn.jpg
190928743,Venta apartamento 2 dormitorios Mansa,398000.0,2.0,2.0,99.0,72.0,Playa Mansa,-34.9478821,-54.936253,,,False,1,https://www.infocasas.com.uy/venta-apartamento-2-dormitorios-mansa/190928743,https://cdn1.infocasas.com.uy/web/6617a4e36e0bb_infocdn.jpg
190928782,Venta apartamento 4 dormitorio Solanas,380000.0,4.0,3.0,139.0,91.0,Punta Ballena,-34.876005,-55.051472,,,False,1,https://www.infocasas.com.uy/venta-apartamento-4-dormitorio-solanas/190928782,https://cdn1.infocasas.com.uy/web/6617a638dcda6_infocdn.jpg
191000471,Departamento - Manantiales,800000.0,3.0,2.0,204.0,135.0,Manantiales,-34.9059090227,-54.8189698963,,,False,1,https://www.infocasas.com.uy/departamento-manantiales/191000471,https://cdn1.infocasas.com.uy/web/664774d3abd79_infocdn.jpg
190925905,Apartamento al frente 2 dormitorios 3 baños primera linea - Punta del Este,650000.0,2.0,2.0,156.0,124.0,Punta del Este,-34.9288248894,-54.9595186238,,,False,1,https://www.infocasas.com.uy/apartamento-al-frente-2-dormitorios-3-baños-primera-linea-punta-del-este/190925905,https://cdn1.infocasas.com.uy/web/6601c6b7efb8b_infocdn.jpg
190930565,Venta apartamento Tiburón Terrazas La Barra Piscina Propia 3 suites mas Dependencia,1390000.0,3.0,3.0,275.0,204.0,Rincón del Indio,-34.9178088,-54.8696622,,,False,1,https://www.infocasas.com.uy/venta-apartamento-tiburon-terrazas-la-barra-piscina-propia-3-suites-mas-dependencia/190930565,https://cdn1.infocasas.com.uy/web/6617d0e8b8858_infocdn.jpg
190929003,Apartamento en Península,199000.0,4.0,2.0,89.0,89.0,Península,-34.9659127,-54.9478098,,,False,1,https://www.infocasas.com.uy/apartamento-en-peninsula/190929003,https://cdn1.infocasas.com.uy/web/6617ac5a9f0d9_infocdn.jpg
190930119,Departamento - Playa Mansa,280000.0,3.0,2.0,96.0,76.0,Playa Mansa,-34.9341594,-54.9384883,,,False,1,https://www.infocasas.com.uy/departamento-playa-mansa/190930119,https://cdn1.infocasas.com.uy/web/6617c2069670c_infocdn.jpg
190930310,Departamento - Playa Brava,650000.0,2.0,3.0,200.0,160.0,Playa Brava,-34.9445152,-54.9164532,,,False,1,https://www.infocasas.com.uy/departamento-playa-brava/190930310,https://cdn1.infocasas.com.uy/web/6617c782b3cb5_infocdn.jpg
191000363,Vista al mar desde todos los ambientes! 3 dorm,475000.0,3.0,3.0,170.0,0.0,Playa Brava,-34.9480833749,-54.9284285497,,,False,1,https://www.infocasas.com.uy/vista-al-mar-desde-todos-los-ambientes-3-dorm/191000363,https://cdn1.infocasas.com.uy/web/66476f51c6c07_infocdn.jpg
190929918,Apartamento de dos dormitorios en edificio con servicios en Punta del Este,230000.0,2.0,2.0,90.0,0.0,Aidy Grill,-34.948923,-54.930765,,,False,1,https://www.infocasas.com.uy/apartamento-de-dos-dormitorios-en-edificio-con-servicios-en-punta-del-este/190929918,https://cdn1.infocasas.com.uy/web/6617bc7cd1c94_infocdn.jpg
190930078,Departamento - Playa Brava,220000.0,2.0,2.0,72.0,56.0,Playa Brava,-34.9540216,-54.9358846,,,False,1,https://www.infocasas.com.uy/departamento-playa-brava/190930078,https://cdn1.infocasas.com.uy/web/6617c0f7e56c2_infocdn.jpg
190930575,Venta Departamento 4 dormitorios  Playa Brava Punta del Este Vista al mar,550000.0,4.0,3.0,150.0,132.0,Playa Brava,-34.9519185,-54.9333529,,,False,1,https://www.infocasas.com.uy/venta-departamento-4-dormitorios-playa-brava-punta-del-este-vista-al-mar/190930575,https://cdn1.infocasas.com.uy/web/6617d1458a2e5_infocdn.jpg
190930905,"Venta Apartamento 3 Dormitorios, Playa Mansa, Punta del Este",580000.0,3.0,3.0,160.0,125.0,Playa Mansa,-34.918002,-54.9765911,,,False,1,https://www.infocasas.com.uy/venta-apartamento-3-dormitorios-playa-mansa-punta-del-este/190930905,https://cdn1.infocasas.com.uy/web/66184c1d77eee_infocdn.jpg
191008279,Alexander Collection PH,4800000.0,4.0,3.0,856.0,583.0,Playa Mansa,-34.9515504408,-54.9390285536,,,False,1,https://www.infocasas.com.uy/alexander-collection-ph/191008279,https://cdn1.infocasas.com.uy/web/66519fde4700d_infocdn.jpg
191530649,"Apartamento en venta de 2 dormitorios en Miami Boulevard ll, Punta del Este.",365000.0,2.0,2.0,120.0,140.0,Playa Mansa,-34.918002,-54.9765911,2021.0,,False,1,https://www.infocasas.com.uy/apartamento-en-venta-de-2-dormitorios-en-miami-boulevard-ll-punta-del-este/191530649,https://cdn1.infocasas.com.uy/repo/img/599524_PAR-10240-TRA_39.jpg
191904265,Roosevelt Venta A Estrenar 3 Dormitorios Y 2 Baños,320000.0,3.0,2.0,77.0,77.0,Roosevelt,0,0,2023.0,,False,1,https://www.infocasas.com.uy/roosevelt-venta-a-estrenar-3-dormitorios-y-2-baños/191904265,https://cdn1.infocasas.com.uy/repo/img/147015_IPD-41227-TRA_919.jpg
191066892,MARENA 11,330000.0,2.0,1.0,70.0,70.0,Manantiales,-34.906495,-54.823894,,,False,1,https://www.infocasas.com.uy/marena-11/191066892,https://cdn1.infocasas.com.uy/web/667aa206db628_infocdn.jpg
191066902,PUNTA DEL ESTE VENTA Y ALQUILER DEPARTAMENTO IMPERIALE Torre III,430000.0,2.0,3.0,120.0,100.0,Playa Brava,-34.956063,-54.937646,,,False,1,https://www.infocasas.com.uy/punta-del-este-venta-y-alquiler-departamento-imperiale-torre-iii/191066902,https://cdn1.infocasas.com.uy/web/667aa29d5306f_infocdn.jpg
191049632,Apartamento - Playa Brava,203638.0,1.0,1.0,60.0,48.0,Playa Brava,-34.9495982653,-54.9278955037,,,False,1,https://www.infocasas.com.uy/apartamento-playa-brava/191049632,https://cdn1.infocasas.com.uy/web/667132be8cbc2_infocdn.jpg
191988965,Departamento en venta en punta del este  - Playa Mansa - Sunrise Tower,630000.0,3.0,2.0,150.0,110.0,Playa Mansa,-34.9475029938,-54.9387826817,,,False,1,https://www.infocasas.com.uy/departamento-en-venta-en-punta-del-este-playa-mansa-sunrise-tower/191988965,https://cdn1.infocasas.com.uy/web/67a73c5b457f9_infocdn.jpg
191894199,Loft frente al mar. Punta Ballena.,145000.0,0.0,1.0,42.0,32.0,Punta Ballena,-34.9062793,-55.0427118,2025.0,,False,1,https://www.infocasas.com.uy/loft-frente-al-mar-punta-ballena/191894199,https://cdn1.infocasas.com.uy/web/678d80d184ca0_infocdn.jpg
192129581,EDIFICIO LE PARC 4 - 03 - CENTRAL,1200000.0,3.0,3.0,213.0,167.0,Playa Brava,-34.947924,-54.92697649999999,2024.0,,False,1,https://www.infocasas.com.uy/edificio-le-parc-4-03-central/192129581,https://cdn1.infocasas.com.uy/repo/img/256162_MKT-6410-TRA_64.jpg
191910176,See Mansa proyecto en la playa Mansa - Ultimas unidades,235000.0,2.0,1.0,51.0,77.0,Playa Mansa,0,0,2025.0,,False,1,https://www.infocasas.com.uy/see-mansa-proyecto-en-la-playa-mansa-ultimas-unidades/191910176,https://cdn1.infocasas.com.uy/repo/img/173104404_VIP-2364-TRA_449.jpg
189707325,Venta apartamento 2 dormitorios Playa mansa Punta del Este,540000.0,2.0,2.0,78.0,93.0,Playa Mansa,-34.94432976406558,-54.94779234130858,,,False,1,https://www.infocasas.com.uy/venta-apartamento-2-dormitorios-playa-mansa-punta-del-este/189707325,https://cdn1.infocasas.com.uy/repo/img/694874_DMC-9742-TRA_689.jpg
191000720,Departamento - Playa Brava,800000.0,3.0,3.0,218.0,194.0,Playa Brava,-34.9368789,-54.9281496,,,False,1,https://www.infocasas.com.uy/departamento-playa-brava/191000720,https://cdn1.infocasas.com.uy/web/664781c819765_infocdn.jpg
189336621,VENTA de Pent Huse sobre playa Mansa de 4 suites con todos los servicios,1150000.0,2.0,5.0,207.0,389.0,Pinares,0,0,,,False,1,https://www.infocasas.com.uy/venta-de-pent-huse-sobre-playa-mansa-de-4-suites-con-todos-los-servicios/189336621,https://cdn1.infocasas.com.uy/repo/img/1189_MYT-3945-TRA_709.jpg
189792318,"Fendi Mansions, piso entero",4250000.0,4.0,4.0,494.0,494.0,Playa Mansa,0,0,2022.0,,False,1,https://www.infocasas.com.uy/fendi-mansions-piso-entero/189792318,https://cdn1.infocasas.com.uy/repo/img/243_NYP-39103-TRA_770.jpg
190966703,Apartamento en  Green Park,185000.0,1.0,1.0,63.0,44.0,Solanas,-34.8753140523,-55.0493798383,,,False,1,https://www.infocasas.com.uy/apartamento-en-green-park/190966703,https://cdn1.infocasas.com.uy/web/661ee9c556679_infocdn.jpg
187571674,"Venta de apartamento en la Mansa, 2 dormitorios, 2 baños, linda vista, pileta, servicios.-",350000.0,2.0,2.0,74.0,74.0,Playa Mansa,0,0,,,False,1,https://www.infocasas.com.uy/venta-de-apartamento-en-la-mansa-2-dormitorios-2-baños-linda-vista-pileta-servicios/187571674,https://cdn1.infocasas.com.uy/repo/img/204201_SNA-167016-TRA_579.jpg
193370211,Apartamento en venta c/ cochera en La Pastora,270000.0,2.0,2.0,80.0,63.0,La Pastora,-34.95374262389585,-54.93478589555719,2026.0,,False,1,https://www.infocasas.com.uy/apartamento-en-venta-c-cochera-en-la-pastora/193370211,https://cdn1.infocasas.com.uy/repo/img/175500891_81696_242.jpg
185654887,"Venta apartamento, 2 dormitorios en Punta Ballena",450000.0,2.0,2.0,90.0,90.0,Punta Ballena,-34.9109218803,-55.043820491,,,False,1,https://www.infocasas.com.uy/venta-apartamento-2-dormitorios-en-punta-ballena/185654887,https://cdn1.infocasas.com.uy/web/675d339a952e4_infocdn.jpg
192989630,Apartamento en venta c/ cochera en Piriápolis,149000.0,1.0,1.0,49.0,47.0,Piriápolis,-34.86309063474652,-55.28148905746501,2026.0,,False,1,https://www.infocasas.com.uy/apartamento-en-venta-c-cochera-en-piriapolis/192989630,https://cdn1.infocasas.com.uy/repo/img/175500891_73402_115.jpg
185688003,Departamento en venta de 2 dormitorios - Playa Brava,480000.0,2.0,2.0,156.0,100.0,Playa Brava,-34.9441658,-54.9217472,,,False,1,https://www.infocasas.com.uy/departamento-en-venta-de-2-dormitorios-playa-brava/185688003,https://cdn1.infocasas.com.uy/web/6874b96999e13_infocdn.jpg
193088129,En venta y departamento de 2 dormitorios Punta del Este,780000.0,2.0,3.0,210.0,210.0,Playa Brava,0,0,,,False,1,https://www.infocasas.com.uy/en-venta-y-departamento-de-2-dormitorios-punta-del-este/193088129,https://cdn1.infocasas.com.uy/repo/img/176030818_CDV-350-TRA_72.jpg
193110908,Apartamento de Tres Dormitorios y Servicio a Estrenar - Venta Poseidon Laguna,730000.0,3.0,3.0,130.0,170.0,Pinares,-34.90914412690108,-55.00615720947264,,,,1,https://www.infocasas.com.uy/apartamento-de-tres-dormitorios-y-servicio-a-estrenar-venta-poseidon-laguna/193110908,https://cdn1.infocasas.com.uy/repo/img/405_CCP-31013-TRA_653.jpg
192757329,Apartamento en Venta Indigo Punta del Este Cuatro Dormitorios en Suite,1300000.0,3.0,3.0,265.0,321.0,Playa Brava,-34.955711,-54.9344911,,,,1,https://www.infocasas.com.uy/apartamento-en-venta-indigo-punta-del-este-cuatro-dormitorios-en-suite/192757329,https://cdn1.infocasas.com.uy/repo/img/405_CCP-30183-TRA_704.jpg
188179378,Apartamento - Rincón del Indio,197000.0,1.0,1.0,65.0,65.0,Rincón del Indio,-34.9255642,-54.899657,,,False,1,https://www.infocasas.com.uy/apartamento-rincon-del-indio/188179378,https://cdn1.infocasas.com.uy/web/6114c1898a451_infocdn.jpg#HASTH
192326489,roosevelt,210000.0,2.0,2.0,75.0,68.0,Roosevelt,-34.9198802,-54.9551756,,,False,1,https://www.infocasas.com.uy/roosevelt/192326489,https://cdn1.infocasas.com.uy/web/6811310c8dc16_infocdn.jpg
192573204,Apartamento 3 dormitorios en Maldonado,210000.0,3.0,2.0,140.0,140.0,Maldonado,-34.9078194,-54.9645372,,,False,1,https://www.infocasas.com.uy/apartamento-3-dormitorios-en-maldonado/192573204,https://cdn1.infocasas.com.uy/web/685d82f4c6353_infocdn.jpg
189146294,Apartamento - Roosevelt,197000.0,1.0,1.0,65.0,65.0,Roosevelt,-34.9260087,-54.9485448,,,False,1,https://www.infocasas.com.uy/apartamento-roosevelt/189146294,https://cdn1.infocasas.com.uy/web/6561949447848_infocdn.jpg
193353870,Apartamento - Península,170000.0,1.0,1.0,44.0,0.0,Península,-34.9624337,-54.9432886,,,False,1,https://www.infocasas.com.uy/apartamento-peninsula/193353870,https://cdn1.infocasas.com.uy/web/6982391f70257_infocdn.jpg
187518889,Apartamento - Roosevelt,105839.0,0.0,1.0,49.0,49.0,Roosevelt,-34.9161531,-54.9599885,,,False,1,https://www.infocasas.com.uy/apartamento-roosevelt/187518889,https://cdn1.infocasas.com.uy/web/61046ea598ff3_infocdn.jpg#HASTH
190611277,Roosevet ,270000.0,2.0,2.0,85.0,85.0,Roosevelt,-34.9233738,-54.9515599,,,False,1,https://www.infocasas.com.uy/roosevet-/190611277,https://cdn1.infocasas.com.uy/web/651e59a7df2ca_infocdn.jpg
193608419,"Venta: Departamento en Vertientes, Manantiales - TM7925306",240000.0,2.0,2.0,74.0,60.0,Manantiales,-34.9041088016,-54.825931253,,,False,1,https://www.infocasas.com.uy/venta-departamento-en-vertientes-manantiales-tm7925306/193608419,https://cdn1.infocasas.com.uy/web/69d74d010c693_infocdn.jpg
193617803,"Apartamento en Peninsula, Punta del Este",178000.0,2.0,2.0,71.0,71.0,Península,-34.9604847,-54.9404524,,,False,1,https://www.infocasas.com.uy/apartamento-en-peninsula-punta-del-este/193617803,https://cdn1.infocasas.com.uy/web/69d9f97f0f9e1_infocdn.jpg
193671218,"Venta apartamento 89m2, Centro, Piriapolis, Maldonado",215000.0,1.0,1.0,89.0,0.0,Cerro San Antonio,-34.87214516357728,-55.27440589604797,2026.0,,False,1,https://www.infocasas.com.uy/venta-apartamento-89m2-centro-piriapolis-maldonado/193671218,https://cdn1.infocasas.com.uy/repo/img/176434890_SMR-41687-TRA_470.jpg
193620881,VENTA 2 DORMITORIOS EDIFICIO DE CATEGORIA,360000.0,2.0,2.0,74.0,97.0,Aidy Grill,-34.951445562564416,-54.9343411645569,2025.0,,False,1,https://www.infocasas.com.uy/venta-2-dormitorios-edificio-de-categoria/193620881,https://cdn1.infocasas.com.uy/repo/img/241439_SUE-4527-TRA_14.jpg
193555435,Vendo Apto. a estrenar 2 dormitorios 1 baño,125000.0,2.0,1.0,60.0,80.0,Maldonado,0,0,,,False,1,https://www.infocasas.com.uy/vendo-apto-a-estrenar-2-dormitorios-1-baño/193555435,https://cdn1.infocasas.com.uy/repo/img/694874_DMC-16707-TRA_718.jpg
192853967,Departamento en venta 3 dormitorios - Playa Mansa,1380000.0,4.0,3.0,173.0,155.0,Playa Mansa,-34.918002,-54.9765911,,,False,1,https://www.infocasas.com.uy/departamento-en-venta-3-dormitorios-playa-mansa/192853967,https://cdn1.infocasas.com.uy/web/68c1387b93f70_infocdn.jpg
192785425,Departamento en venta a estrenar.,190000.0,1.0,1.0,40.0,0.0,Roosevelt,0,0,2020.0,,False,1,https://www.infocasas.com.uy/departamento-en-venta-a-estrenar/192785425,https://cdn1.infocasas.com.uy/repo/img/173012432_NDM-2937-TRA_287.jpg
193053195,Alquiler Temporada 2020 Tauro Y libra,415000.0,3.0,2.0,162.0,162.0,Playa Mansa,-34.9093398811,-54.9982153892,,,False,1,https://www.infocasas.com.uy/alquiler-temporada-2020-tauro-y-libra/193053195,https://cdn1.infocasas.com.uy/web/6905b45846e27_infocdn.jpg
193554946,VENTA APARTAMENTO 1 DORMITORIO PLAYA BRAVA,380000.0,1.0,2.0,115.0,115.0,Rincón del Indio,0,0,2022.0,,False,1,https://www.infocasas.com.uy/venta-apartamento-1-dormitorio-playa-brava/193554946,https://cdn1.infocasas.com.uy/repo/img/173890249_REI-11993-TRA_761.jpg
193178450,Alquiler Anual en Punta del Este Roosevelt,270000.0,2.0,1.0,89.0,89.0,Roosevelt,0,0,2023.0,,False,1,https://www.infocasas.com.uy/alquiler-anual-en-punta-del-este-roosevelt/193178450,https://cdn1.infocasas.com.uy/repo/img/176030818_CDV-656-TRA_15.jpg
193744499,Venta Apartamento en Playa Brava 2 Dormitorios Edificio View,285000.0,2.0,2.0,103.0,73.0,Playa Brava,-34.9445152,-54.9164532,,,False,1,https://www.infocasas.com.uy/venta-apartamento-en-playa-brava-2-dormitorios-edificio-view/193744499,https://cdn1.infocasas.com.uy/web/6a0422624f7c6_infocdn.jpg
193713423,Espectacular Triplex con Vista al Mar en La Barra TM5461533,450000.0,3.0,3.0,107.0,0.0,Montoya,-34.9169551893,-54.8513933627,,,False,1,https://www.infocasas.com.uy/espectacular-triplex-con-vista-al-mar-en-la-barra-tm5461533/193713423,https://cdn1.infocasas.com.uy/web/69fae54fe135a_infocdn.jpg
193717802,"Si sueñas con una propiedad en un barrio cerrado, con piscina propia, amplio parrillero techado con un living exterior esta es tu mejor inversión",348000.0,3.0,2.0,180.0,180.0,Playa las Grutas,0,0,,,False,1,https://www.infocasas.com.uy/si-sueñas-con-una-propiedad-en-un-barrio-cerrado-con-piscina-propia-amplio-parrillero-techado-con-un-living-exterior-esta-es-tu-mejor-inversion/193717802,https://cdn1.infocasas.com.uy/repo/img/176713292_ALX-1828-TRA_770.jpg
193574456,VENTA DEPARTAMENTO 2 DORMITORIOS 1 BAÑO A ESTRENAR PLAYA MANSA INTIPA,330000.0,2.0,1.0,76.0,76.0,Playa Mansa,-34.92302666285385,-54.96697013576506,2026.0,,False,1,https://www.infocasas.com.uy/venta-departamento-2-dormitorios-1-baño-a-estrenar-playa-mansa-intipa/193574456,https://cdn1.infocasas.com.uy/repo/img/173608396_HAUS-3975-TRA_242.jpg
193429842,"Venta apartamento 3 dormitorios. Playa mansa, Punta del Este",550000.0,3.0,4.0,119.0,139.0,Pinares,0,0,2021.0,,False,1,https://www.infocasas.com.uy/venta-apartamento-3-dormitorios-playa-mansa-punta-del-este/193429842,https://cdn1.infocasas.com.uy/repo/img/694874_DMC-9171-TRA_602.jpg
193751241,Venta Apartamento 2 Dormitorios en Torre Gauguin,230000.0,2.0,1.0,64.0,64.0,Playa Brava,0,0,2021.0,,False,1,https://www.infocasas.com.uy/venta-apartamento-2-dormitorios-en-torre-gauguin/193751241,https://cdn1.infocasas.com.uy/repo/img/173245385_NEF-2754-TRA_546.jpg
193737581,Apartamento en venta Punta del este,135000.0,0.0,1.0,38.0,0.0,Playa Mansa,-34.918351022543,-54.972753524535,2027.0,,False,1,https://www.infocasas.com.uy/apartamento-en-venta-punta-del-este/193737581,https://cdn1.infocasas.com.uy/repo/img/13651_UY.42.1.119.149.V2_879.jpg
193744128,"Apartamento en venta de  3 dormitorios,  3 baños La Brava Punta del este",320000.0,3.0,3.0,110.0,0.0,Playa Brava,0,0,,,False,1,https://www.infocasas.com.uy/apartamento-en-venta-de-3-dormitorios-3-baños-la-brava-punta-del-este/193744128,https://cdn1.infocasas.com.uy/repo/img/173012432_NDM-26009-TRA_135.jpg
193291056,Apartamento en Venta 3 dormitorios 2 baños Garage Punta del Este,340000.0,3.0,2.0,70.0,140.0,Playa Brava,-34.9360588,-54.9378104,,,False,1,https://www.infocasas.com.uy/apartamento-en-venta-3-dormitorios-2-baños-garage-punta-del-este/193291056,https://cdn1.infocasas.com.uy/repo/img/601610_GPI-687-TRA_317.jpg
193319481,Venta Apto 2D Brava Punta con Amenities,290000.0,2.0,2.0,62.0,72.0,Playa Brava,-34.9490957,-54.9311706,,,False,1,https://www.infocasas.com.uy/venta-apto-2d-brava-punta-con-amenities/193319481,https://cdn1.infocasas.com.uy/repo/img/974465_TRU-1544-TRA_129.jpg
193262331,VENTA APARTAMENTO 1 DORMITORIO DIAMOND PUNTA DEL ESTE,161500.0,1.0,1.0,54.0,54.0,Roosevelt,-34.93814255734022,-54.935788213925186,2026.0,,False,1,https://www.infocasas.com.uy/venta-apartamento-1-dormitorio-diamond-punta-del-este/193262331,https://cdn1.infocasas.com.uy/repo/img/173592243_VBP-466-TRA_612.jpg
193369713,"Venta apartamento 1 Dormitorio con Renta,Playa Brava, Punta del Este",250000.0,1.0,1.0,68.0,79.0,Playa Brava,-34.94499814509392,-54.92770796020506,,,False,1,https://www.infocasas.com.uy/venta-apartamento-1-dormitorio-con-rentaplaya-brava-punta-del-este/193369713,https://cdn1.infocasas.com.uy/repo/img/192_AIXA-756-TRA_906.jpg
193301508,Apartamento frente al mar.,205000.0,1.0,1.0,39.0,58.0,Playa Mansa,0,0,,,False,1,https://www.infocasas.com.uy/apartamento-frente-al-mar/193301508,https://cdn1.infocasas.com.uy/repo/img/175834556_ROG-2093-TRA_820.jpg
193176037,Venta apartamento 2 dormitorios Playa mansa Punta del Este,280459.0,2.0,2.0,76.0,110.0,Pinares,-34.92322019238664,-54.96770506103514,2024.0,,False,1,https://www.infocasas.com.uy/venta-apartamento-2-dormitorios-playa-mansa-punta-del-este/193176037,https://cdn1.infocasas.com.uy/repo/img/694874_DMC-9388-TRA_919.jpg
193176207,Venta apartamento 2 dormitorios playa brava Punta del Este,816000.0,2.0,3.0,120.0,163.0,Playa Brava,-34.94659871962099,-54.92260103424071,2022.0,,False,1,https://www.infocasas.com.uy/venta-apartamento-2-dormitorios-playa-brava-punta-del-este/193176207,https://cdn1.infocasas.com.uy/repo/img/694874_DMC-9681-TRA_61.jpg
193276174,"Venta y Alquiler Apartamento en Miami Boulevard 2 Dormitorios, Vista al Mar y Amenities Premium",485000.0,2.0,3.0,96.0,76.0,Playa Mansa,-34.9463371,-54.9393587,,,False,1,https://www.infocasas.com.uy/venta-y-alquiler-apartamento-en-miami-boulevard-2-dormitorios-vista-al-mar-y-amenities-premium/193276174,https://cdn1.infocasas.com.uy/web/6968a625d148f_infocdn.jpg
193266228,Departamento - Playa Mansa,475000.0,2.0,2.0,105.0,72.0,Playa Mansa,-34.6277617,-54.9611836,,,False,1,https://www.infocasas.com.uy/departamento-playa-mansa/193266228,https://cdn1.infocasas.com.uy/web/69649b241dd25_infocdn.jpg
193168674,(BPV-BPV-8917)  Apartamento EN venta 3 DORMITORIOS,1550000.0,3.0,3.0,353.0,183.0,Manantiales,-34.9051398,-54.8278289,2026.0,,False,1,https://www.infocasas.com.uy/bpvbpv8917-apartamento-en-venta-3-dormitorios/193168674,https://cdn1.infocasas.com.uy/repo/img/279_BPV-BPV-8917_910.jpg
193101890,Departamento - Playa Brava,993300.0,1.0,2.0,172.0,109.0,Playa Brava,-34.9581623,-54.936751,,,False,1,https://www.infocasas.com.uy/departamento-playa-brava/193101890,https://cdn1.infocasas.com.uy/web/69182674c644b_infocdn.jpg
193513354,Vende departamento de 3 suites en Punta del Este.,834000.0,3.0,3.0,160.0,212.0,Playa Brava,0,0,,,False,1,https://www.infocasas.com.uy/vende-departamento-de-3-suites-en-punta-del-este/193513354,https://cdn1.infocasas.com.uy/repo/img/173211400_SPP-16241-TRA_411.jpg
192544246,Apartamento en playa brava de 1 dormitorio,135000.0,1.0,1.0,44.0,44.0,Playa Brava,-34.9540328,-54.934867,,,False,1,https://www.infocasas.com.uy/apartamento-en-playa-brava-de-1-dormitorio/192544246,https://cdn1.infocasas.com.uy/web/6852dbc4480dc_infocdn.jpg
192635204,Barrio Privado frente al mar !,650000.0,3.0,3.0,252.0,133.0,Playa Mansa,-34.9089703528,-55.0148021698,,,False,1,https://www.infocasas.com.uy/barrio-privado-frente-al-mar-/192635204,https://cdn1.infocasas.com.uy/web/6874d5d6289b6_infocdn.jpg
192259946,VIEW BRAVA APARTAMENTOS EN VENTA EN CONSTRUCCION,177633.0,1.0,1.0,53.0,77.0,Punta del Este,-34.9454406,-54.9310486,2025.0,,False,1,https://www.infocasas.com.uy/view-brava-apartamentos-en-venta-en-construccion/192259946,https://cdn1.infocasas.com.uy/repo/img/173592118_ONE-2070-TRA_136.jpg
191988109,Apartamento  frente al mar en venta  1Dormitorio- playa brava  -look brava PROP1086,210000.0,1.0,1.0,48.0,40.0,Playa Brava,-34.9441658,-54.9217472,,,False,1,https://www.infocasas.com.uy/apartamento-frente-al-mar-en-venta-1dormitorio-playa-brava-look-brava-prop1086/191988109,https://cdn1.infocasas.com.uy/web/67a71efd6f1fd_infocdn.jpg
192312313,"Apartamento de 2 dormitorios, Edificio Q Punta Ballena",340000.0,2.0,2.0,80.0,80.0,Punta Ballena,0,0,,,False,1,https://www.infocasas.com.uy/apartamento-de-2-dormitorios-edificio-q-punta-ballena/192312313,https://cdn1.infocasas.com.uy/repo/img/201060_NGP-28628-TRA_545.jpg
191988267,Apartamento - Punta del Este,220000.0,2.0,2.0,60.0,0.0,Punta del Este,-34.9363205,-54.9377826,,,False,1,https://www.infocasas.com.uy/apartamento-punta-del-este/191988267,https://cdn1.infocasas.com.uy/web/67a724a863b61_infocdn.jpg
192123940,TRUMP TOWER ESQUINERO 03,1410000.0,3.0,5.0,226.0,310.0,Playa Brava,-34.947924,-54.92697649999999,,,False,1,https://www.infocasas.com.uy/trump-tower-esquinero-03/192123940,https://cdn1.infocasas.com.uy/repo/img/256162_MKT-4947-TRA_191.jpg
192380593,Apartamento de 1 dormitorio en More Atlantico - Ref : EQP6410,175000.0,1.0,1.0,55.0,0.0,Maldonado,0,0,,,False,1,https://www.infocasas.com.uy/apartamento-de-1-dormitorio-en-more-atlantico-ref-eqp6410/192380593,https://cdn1.infocasas.com.uy/repo/img/176001116_EQP-6410-TRA_328.jpg
192026453,Departamento en  SeaGarden,330000.0,3.0,2.0,120.0,77.0,Roosevelt,-34.9277153,-54.9465675,,,False,1,https://www.infocasas.com.uy/departamento-en-seagarden/192026453,https://cdn1.infocasas.com.uy/web/67b03df13446e_infocdn.jpg
191477637,Departamento en Bikini a Pocas Cuadras del Mar - TM6441495,271000.0,3.0,3.0,78.0,78.0,Manantiales,-34.9042610806,-54.822933843,,,False,1,https://www.infocasas.com.uy/departamento-en-bikini-a-pocas-cuadras-del-mar-tm6441495/191477637,https://cdn1.infocasas.com.uy/web/66f3b34f2b717_infocdn.jpg
191752317,"Departamento en venta de 1 dormitorio y medio en Aidy Grill Playa Brava, Punta del Este",182250.0,1.0,1.0,60.0,50.0,Aidy Grill,-34.9448821534,-54.9313382786,,,False,1,https://www.infocasas.com.uy/departamento-en-venta-de-1-dormitorio-y-medio-en-aidy-grill-playa-brava-punta-del-este/191752317,https://cdn1.infocasas.com.uy/web/674ec0b222f65_infocdn.jpg
192162289,(BPV-BPV-8779)  Apartamento EN venta 2 DORMITORIOS,430000.0,2.0,3.0,110.0,100.0,Punta del Este,-34.94925894304859,-54.9298220872879,2026.0,,False,1,https://www.infocasas.com.uy/bpvbpv8779-apartamento-en-venta-2-dormitorios/192162289,https://cdn1.infocasas.com.uy/repo/img/279_BPV-BPV-8779_780.jpg
191792651,"Venta de apartamento Petnhouse 3 dormitorios 3 baños frente al mar, playa MansaPunta del Este",850000.0,3.0,3.0,266.0,266.0,Pinares,0,0,,,False,1,https://www.infocasas.com.uy/venta-de-apartamento-petnhouse-3-dormitorios-3-baños-frente-al-mar-playa-mansapunta-del-este/191792651,https://cdn1.infocasas.com.uy/repo/img/1189_MYT-4955-TRA_581.jpg
191988307,Apartamento - Punta del Este,360000.0,0.0,0.0,50.0,50.0,Punta del Este,-34.9444823,-54.929404,,,False,1,https://www.infocasas.com.uy/apartamento-punta-del-este/191988307,https://cdn1.infocasas.com.uy/web/67a7262598878_infocdn.jpg
192051927,"Apartamento de 1 dormitorio en venta, ideal inversion",110000.0,1.0,1.0,36.0,40.0,Maldonado,0,0,,,False,1,https://www.infocasas.com.uy/apartamento-de-1-dormitorio-en-venta-ideal-inversion/192051927,https://cdn1.infocasas.com.uy/repo/img/59163_COL-8875-TRA_10.jpg
189848019,Departamento a estrenar en torre de categoría,490000.0,2.0,2.0,84.0,99.0,Punta del Este,0,0,,,False,1,https://www.infocasas.com.uy/departamento-a-estrenar-en-torre-de-categoria/189848019,https://cdn1.infocasas.com.uy/repo/img/173012432_NDM-4684-TRA_275.jpg
190631294,"Un lugar amplio y cómodo para vivir, en edificio Place Lafayette II",270000.0,2.0,2.0,72.0,72.0,Roosevelt,0,0,,,False,1,https://www.infocasas.com.uy/un-lugar-amplio-y-comodo-para-vivir-en-edificio-place-lafayette-ii/190631294,https://cdn1.infocasas.com.uy/repo/img/173012432_NDM-19327-TRA_89.jpg
190927319,Alquiler y venta apartamento 2 dormitorios con parrillero Punta del Este,425000.0,2.0,2.0,90.0,72.0,Playa Mansa,-34.9532669,-54.9379552,,,False,1,https://www.infocasas.com.uy/alquiler-y-venta-apartamento-2-dormitorios-con-parrillero-punta-del-este/190927319,https://cdn1.infocasas.com.uy/web/6617a22ab0494_infocdn.jpg
190639634,Departamento 2 dormitorios en Ed. de primera categoría,1000000.0,2.0,2.0,135.0,208.0,Playa Brava,0,0,,,False,1,https://www.infocasas.com.uy/departamento-2-dormitorios-en-ed-de-primera-categoria/190639634,https://cdn1.infocasas.com.uy/repo/img/94_CNP-13782-TRA_999.jpg
190941212,Apartamento de 1 dormitorio en venta Montoya Punta del Este,191600.0,1.0,1.0,62.0,50.0,Montoya,-34.9082188486,-54.8514684645,,,False,1,https://www.infocasas.com.uy/apartamento-de-1-dormitorio-en-venta-montoya-punta-del-este/190941212,https://cdn1.infocasas.com.uy/web/66111dcc93d12_infocdn.jpg
190928939,Venta y alquiler temporal apartamento en Playa Brava 1 dormitorio y medio,189000.0,1.0,1.0,73.0,57.0,Playa Brava,-34.9368789,-54.9281496,,,False,1,https://www.infocasas.com.uy/venta-y-alquiler-temporal-apartamento-en-playa-brava-1-dormitorio-y-medio/190928939,https://cdn1.infocasas.com.uy/web/6617a94279ba4_infocdn.jpg
191120738,Appartmento en venta y alquiler 2 dormitorios - Playa Mansa,455000.0,2.0,2.0,116.0,116.0,Playa Mansa,-34.9516667,-54.9336991,,,False,1,https://www.infocasas.com.uy/appartmento-en-venta-y-alquiler-2-dormitorios-playa-mansa/191120738,https://cdn1.infocasas.com.uy/web/67580a085c481_infocdn.jpg
191230271,Apartamento en Terrazas de Villa Brava - LAP6349730,475000.0,2.0,2.0,115.0,91.0,Playa Brava,-34.9445152,-54.9164532,,,False,1,https://www.infocasas.com.uy/apartamento-en-terrazas-de-villa-brava-lap6349730/191230271,https://cdn1.infocasas.com.uy/web/66c04f7127158_infocdn.jpg
191099224,Apartamento 3 dormitorios Punta del Este,550000.0,3.0,4.0,139.0,139.0,Pinares,0,0,2021.0,,False,1,https://www.infocasas.com.uy/apartamento-3-dormitorios-punta-del-este/191099224,https://cdn1.infocasas.com.uy/repo/img/694874_DMC-9342-TRA_98.jpg
187233341,"Departamento en venta y alquiler, 2 dormitorios, Playa Mansa",460000.0,2.0,2.0,116.0,116.0,Playa Mansa,-34.966667,-54.95,,,False,1,https://www.infocasas.com.uy/departamento-en-venta-y-alquiler-2-dormitorios-playa-mansa/187233341,https://cdn1.infocasas.com.uy/web/673ae43cd2b21_infocdn.jpg
186657919,"Aquarela, Playa Mansa",2750000.0,4.0,3.0,500.0,343.0,Playa Mansa,-34.9271984351,-54.9603425979,,,False,1,https://www.infocasas.com.uy/aquarela-playa-mansa/186657919,https://cdn1.infocasas.com.uy/web/6618525eb32e9_infocdn.jpg
187057383,Venta Apartamento 3 Dormitorios Punta del Este,495000.0,3.0,4.0,150.0,159.0,Playa Mansa,0,0,,,False,1,https://www.infocasas.com.uy/venta-apartamento-3-dormitorios-punta-del-este/187057383,https://cdn1.infocasas.com.uy/repo/img/320098_AGP-5025-TRA_825.jpg
191988874,"Departamento en venta en edificio de categoria con servicios, Punta del Este - Aidy Grill",395200.0,3.0,2.0,115.0,0.0,Aidy Grill,-34.9482204,-54.9295258,,,False,1,https://www.infocasas.com.uy/departamento-en-venta-en-edificio-de-categoria-con-servicios-punta-del-este-aidy-grill/191988874,https://cdn1.infocasas.com.uy/web/67a738a98a47c_infocdn.jpg
191989385,Departamento frente al mar en Look Brava - Playa Brava -punta del este,540000.0,2.0,2.0,122.0,100.0,Playa Brava,-34.9441658,-54.9217472,,,False,1,https://www.infocasas.com.uy/departamento-frente-al-mar-en-look-brava-playa-brava-punta-del-este/191989385,https://cdn1.infocasas.com.uy/web/67a751912868c_infocdn.jpg
190924921,Pent House en Brava,790000.0,5.0,3.0,188.0,170.0,Playa Brava,-34.9368789,-54.9281496,,,False,1,https://www.infocasas.com.uy/pent-house-en-brava/190924921,https://cdn1.infocasas.com.uy/web/66178f7f28e3d_infocdn.jpg
191106083,"Apartamento en venta de 2 dormitorios en Miami Boulevard, Punta del Este.",360000.0,2.0,2.0,140.0,180.0,Playa Mansa,-34.9133672,-54.9426425,2021.0,,False,1,https://www.infocasas.com.uy/apartamento-en-venta-de-2-dormitorios-en-miami-boulevard-punta-del-este/191106083,https://cdn1.infocasas.com.uy/repo/img/599524_PAR-6091-TRA_92.jpg
190588171,"Venta de apartamento 3 dormitorios - Aidy Grill, Punta del Este",475000.0,3.0,3.0,170.0,0.0,Playa Mansa,0,0,,,False,1,https://www.infocasas.com.uy/venta-de-apartamento-3-dormitorios-aidy-grill-punta-del-este/190588171,https://cdn1.infocasas.com.uy/repo/img/5226_NLV-218704-TRA_745.jpg
190961822,Apartamento en venta 2 dormitorios ,280000.0,2.0,3.0,85.0,85.0,Roosevelt,-34.9425233,-54.914629,,,False,1,https://www.infocasas.com.uy/apartamento-en-venta-2-dormitorios-/190961822,https://cdn1.infocasas.com.uy/web/661d4eab47a40_infocdn.jpg
190961825,Venta 2 dormitorios  y Garage en Punta del Este,195000.0,2.0,1.0,56.0,46.0,Playa Brava,-34.9445152,-54.9164532,,,False,1,https://www.infocasas.com.uy/venta-2-dormitorios-y-garage-en-punta-del-este/190961825,https://cdn1.infocasas.com.uy/web/661d4ec782c5d_infocdn.jpg
190929286,Departamento - Roosevelt,198000.0,1.0,1.0,89.0,0.0,Roosevelt,-34.9372398,-54.935956,,,False,1,https://www.infocasas.com.uy/departamento-roosevelt/190929286,https://cdn1.infocasas.com.uy/web/6617b9b72f335_infocdn.jpg
190930185,Alquiler y venta apartamento 2 dormitorios Punta del Este,280000.0,2.0,2.0,80.0,61.0,Roosevelt,-34.9425686,-54.9321061,,,False,1,https://www.infocasas.com.uy/alquiler-y-venta-apartamento-2-dormitorios-punta-del-este/190930185,https://cdn1.infocasas.com.uy/web/6617c40a77972_infocdn.jpg
190929187,Departamento - Punta del Este,420000.0,3.0,3.0,152.0,115.0,Punta del Este,-34.9487536,-54.9291073,,,False,1,https://www.infocasas.com.uy/departamento-punta-del-este/190929187,https://cdn1.infocasas.com.uy/web/6617b6401aa2e_infocdn.jpg
190929204,Departamento - Punta Ballena,870000.0,5.0,3.0,305.0,305.0,Punta Ballena,-34.8890690054,-55.0394900725,,,False,1,https://www.infocasas.com.uy/departamento-punta-ballena/190929204,https://cdn1.infocasas.com.uy/web/6617b72716cd6_infocdn.jpg
190930295,Departamento - Playa Brava,400000.0,3.0,2.0,192.0,166.0,Playa Brava,-34.9368789,-54.9281496,,,False,1,https://www.infocasas.com.uy/departamento-playa-brava/190930295,https://cdn1.infocasas.com.uy/web/6617c7324be49_infocdn.jpg
190925108,Venta Apartamento dos dormitorios Playa Brava Punta del Este,378000.0,2.0,2.0,108.0,87.0,Playa Brava,-34.9535363,-54.9353657,,,False,1,https://www.infocasas.com.uy/venta-apartamento-dos-dormitorios-playa-brava-punta-del-este/190925108,https://cdn1.infocasas.com.uy/web/661792ac2de8c_infocdn.jpg
190929053,Departamento - Punta Ballena,196460.0,0.0,1.0,89.0,32.0,Punta Ballena,-34.9056709,-55.0417074,,,False,1,https://www.infocasas.com.uy/departamento-punta-ballena/190929053,https://cdn1.infocasas.com.uy/web/6617af461c392_infocdn.jpg
190929062,Departamento - Playa Brava,490000.0,3.0,2.0,200.0,166.0,Playa Brava,-34.9368789,-54.9281496,,,False,1,https://www.infocasas.com.uy/departamento-playa-brava/190929062,https://cdn1.infocasas.com.uy/web/6617afca293eb_infocdn.jpg
191008487,Departamento - Playa Mansa,840000.0,2.0,3.0,184.0,124.0,Playa Mansa,-34.950221,-54.9384593,,,False,1,https://www.infocasas.com.uy/departamento-playa-mansa/191008487,https://cdn1.infocasas.com.uy/web/6651a9e1628ec_infocdn.jpg
190927363,Venta apartamento 1 dormitorio Peninsula,185000.0,1.0,1.0,52.0,48.0,Península,-34.9620023,-54.9433887,,,False,1,https://www.infocasas.com.uy/venta-apartamento-1-dormitorio-peninsula/190927363,https://cdn1.infocasas.com.uy/web/6617a277f14e3_infocdn.jpg
190929951,Departamento - Playa Mansa,248000.0,2.0,2.0,126.0,0.0,Playa Mansa,-34.918002,-54.9765911,,,False,1,https://www.infocasas.com.uy/departamento-playa-mansa/190929951,https://cdn1.infocasas.com.uy/web/6617bdff1ffea_infocdn.jpg
190929965,Departamento - Roosevelt,289000.0,2.0,2.0,81.0,81.0,Roosevelt,-34.9311185,-54.9421928,,,False,1,https://www.infocasas.com.uy/departamento-roosevelt/190929965,https://cdn1.infocasas.com.uy/web/6617be702e756_infocdn.jpg
190930024,Departamento - Península,2800000.0,4.0,3.0,370.0,256.0,Península,-34.9636639112,-54.9468863192,,,False,1,https://www.infocasas.com.uy/departamento-peninsula/190930024,https://cdn1.infocasas.com.uy/web/6617bff3ee1d9_infocdn.jpg
190998200,Departamento en venta 2 dormitorios - Playa Mansa,700000.0,2.0,3.0,193.0,140.0,Playa Mansa,-34.9276910297,-54.9609863281,,,False,1,https://www.infocasas.com.uy/departamento-en-venta-2-dormitorios-playa-mansa/190998200,https://cdn1.infocasas.com.uy/web/6874c55a426e6_infocdn.jpg
190928936,Venta apartamento 1 dormitorio Brava,215000.0,1.0,1.0,80.0,57.0,Playa Brava,-34.9368789,-54.9281496,,,False,1,https://www.infocasas.com.uy/venta-apartamento-1-dormitorio-brava/190928936,https://cdn1.infocasas.com.uy/web/6617a93cb110a_infocdn.jpg
190925818,Piso alto en Roosevelt,270000.0,2.0,2.0,60.0,60.0,Roosevelt,-34.9389493,-54.935509,,,False,1,https://www.infocasas.com.uy/piso-alto-en-roosevelt/190925818,https://cdn1.infocasas.com.uy/web/66179c502dbe2_infocdn.jpg
190929203,Departamento - Playa Mansa,458000.0,3.0,2.0,165.0,150.0,Playa Mansa,-34.9580129,-54.9376273,,,False,1,https://www.infocasas.com.uy/departamento-playa-mansa/190929203,https://cdn1.infocasas.com.uy/web/6617b71237156_infocdn.jpg
190950147,Apartamento de 3 dorm y servicio a la venta en la parada 28 de la mansa Punta del Este  ,550000.0,3.0,3.0,100.0,90.0,Playa Mansa,-34.918002,-54.9765911,,,False,1,https://www.infocasas.com.uy/apartamento-de-3-dorm-y-servicio-a-la-venta-en-la-parada-28-de-la-mansa-punta-del-este-/190950147,https://cdn1.infocasas.com.uy/web/661836dc582bb_infocdn.jpg
190928922,Venta apartamento 3 dormitorios Brava,350000.0,3.0,2.0,170.0,122.0,Playa Brava,-34.9481201,-54.9285293,,,False,1,https://www.infocasas.com.uy/venta-apartamento-3-dormitorios-brava/190928922,https://cdn1.infocasas.com.uy/web/6617a90889b54_infocdn.jpg
190959804,Apartamento parada 15 de la mansa,170000.0,1.0,1.0,50.0,0.0,Playa Mansa,-34.9337119,-54.9542999,,,False,1,https://www.infocasas.com.uy/apartamento-parada-15-de-la-mansa/190959804,https://cdn1.infocasas.com.uy/web/661d1a6a970ba_infocdn.jpg
190390065,Venta apartamento 2 dormitorios en Punta del Este,315000.0,2.0,1.0,80.0,0.0,Punta del Este,-34.949407,-54.9299011,,,False,1,https://www.infocasas.com.uy/venta-apartamento-2-dormitorios-en-punta-del-este/190390065,https://cdn1.infocasas.com.uy/web/6584106e83d1e_infocdn.jpg
190313722,"Apartamento de 4 dormitorios frente al mar en Torre Venetian, Punta del Este.",1350000.0,3.0,3.0,130.0,160.0,Playa Mansa,0,0,2022.0,,False,1,https://www.infocasas.com.uy/apartamento-de-4-dormitorios-frente-al-mar-en-torre-venetian-punta-del-este/190313722,https://cdn1.infocasas.com.uy/repo/img/599524_PAR-8110-TRA_753.jpg
190930796,"Venta Apartamento 2 dormitorios en Playa Mansa, Punta del Este",260000.0,2.0,3.0,75.0,66.0,Playa Mansa,-34.949226,-54.9363184,,,False,1,https://www.infocasas.com.uy/venta-apartamento-2-dormitorios-en-playa-mansa-punta-del-este/190930796,https://cdn1.infocasas.com.uy/web/6618483775a64_infocdn.jpg
189818520,"Espectacular departamento, de 3 habitaciones, a estrenar en Punta del Este",790000.0,3.0,3.0,220.0,220.0,Playa Brava,0,0,,,False,1,https://www.infocasas.com.uy/espectacular-departamento-de-3-habitaciones-a-estrenar-en-punta-del-este/189818520,https://cdn1.infocasas.com.uy/repo/img/173012432_NDM-1925-TRA_167.jpg
189638401,"Espectacular departamento, de 3 habitaciones, a estrenar en Punta del Este",790000.0,3.0,3.0,220.0,220.0,La Pastora,0,0,,,False,1,https://www.infocasas.com.uy/espectacular-departamento-de-3-habitaciones-a-estrenar-en-punta-del-este/189638401,https://cdn1.infocasas.com.uy/repo/img/173255338_EV-1655-TRA_443.jpg
289409,"Venta Be House, San Rafael",350000.0,2.0,2.0,146.0,79.0,San Rafael,-34.9329354424,-54.9222964593,,,False,1,https://www.infocasas.com.uy/venta-be-house-san-rafael/289409,https://cdn1.infocasas.com.uy/web/649eed526e9d3_infocdn.jpg
312586,Departamento en venta 1 dormitorios - Península,165000.0,1.0,1.0,49.0,49.0,Península,-34.966509,-54.9503004,,,False,1,https://www.infocasas.com.uy/departamento-en-venta-1-dormitorios-peninsula/312586,https://cdn1.infocasas.com.uy/web/649ef52ce0f90_infocdn.jpg
290543,"Departamento en venta, Playa Mansa",885000.0,3.0,3.0,234.0,169.0,Playa Mansa,-34.6277617,-54.9611836,,,False,1,https://www.infocasas.com.uy/departamento-en-venta-playa-mansa/290543,https://cdn1.infocasas.com.uy/web/6601769576a7d_infocdn.jpg
185725614,Appartment - Playa Brava,778000.0,3.0,2.0,199.0,131.0,Playa Brava,-34.9441658,-54.9217472,,,False,1,https://www.infocasas.com.uy/appartment-playa-brava/185725614,https://cdn1.infocasas.com.uy/web/6537b708332a3_infocdn.jpg
185652219,Departamento - Playa Brava,600000.0,2.0,2.0,178.0,113.0,Playa Brava,-34.9441658,-54.9217472,,,False,1,https://www.infocasas.com.uy/departamento-playa-brava/185652219,https://cdn1.infocasas.com.uy/web/5b654d97637eb_infocdn.jpg#HASTH
185642094,Departamento en Venta y alquiler temporario - Playa Brava,650000.0,3.0,3.0,199.0,131.0,Playa Brava,-34.9441658,-54.9217472,,,False,1,https://www.infocasas.com.uy/departamento-en-venta-y-alquiler-temporario-playa-brava/185642094,https://cdn1.infocasas.com.uy/web/6537b451760b7_infocdn.jpg
185655702,Appartment - Playa Brava,595000.0,3.0,2.0,199.0,131.0,Playa Brava,-34.9441658,-54.9217472,,,False,1,https://www.infocasas.com.uy/appartment-playa-brava/185655702,https://cdn1.infocasas.com.uy/web/5b8a377cc1c56_infocdn.jpg#HASTH
338181,Punta del Este Amazing Waterfront Views 2 Bdrm Apt & Amenities,371000.0,2.0,2.0,75.0,75.0,Aidy Grill,-34.94795309999999,-54.92663779999998,,,False,1,https://www.infocasas.com.uy/punta-del-este-amazing-waterfront-views-2-bdrm-apt-amenities/338181,https://cdn1.infocasas.com.uy/repo/img/d09a294e96813e2a67571571941ab21f5247118e.jpg#HASTH
191799027,Apartamento en venta de 3 dormitorios c/ cochera en P. Ballena,850000.0,3.0,3.0,238.0,129.0,Punta Ballena,-34.90871140073619,-55.01519077396289,2026.0,,False,1,https://www.infocasas.com.uy/apartamento-en-venta-de-3-dormitorios-c-cochera-en-p-ballena/191799027,https://cdn1.infocasas.com.uy/repo/img/175500891_50030_361.jpg
193549707,DEPARTAMENTO EN VENTA EN LE PARC III - UNIFICADO,3500000.0,5.0,7.0,362.0,435.0,Playa Brava,0,0,,,False,1,https://www.infocasas.com.uy/departamento-en-venta-en-le-parc-iii-unificado/193549707,https://cdn1.infocasas.com.uy/repo/img/173862716_DSA-829-TRA_803.jpg
193603899,PENT HOUSE EN PINARES PRIMERA FILA 3 DORMITORIOS A ESTRENAR,950000.0,3.0,3.0,136.0,170.0,Pinares,0,0,,,False,1,https://www.infocasas.com.uy/pent-house-en-pinares-primera-fila-3-dormitorios-a-estrenar/193603899,https://cdn1.infocasas.com.uy/repo/img/173211400_SPP-17012-TRA_582.jpg
193562691,(BPV-BPV-8920)  Apartamento EN venta 4 DORMITORIOS,2390000.0,4.0,3.0,371.0,227.0,Manantiales,-34.9051398,-54.8278289,2026.0,,False,1,https://www.infocasas.com.uy/bpvbpv8920-apartamento-en-venta-4-dormitorios/193562691,https://cdn1.infocasas.com.uy/repo/img/279_BPV-BPV-8920_277.jpg
193371904,APARTAMENTO A ENTRENAR 1 DORMITORIO,187000.0,1.0,1.0,45.0,0.0,Aidy Grill,-34.9133672,-54.9426425,,,False,1,https://www.infocasas.com.uy/apartamento-a-entrenar-1-dormitorio/193371904,https://cdn1.infocasas.com.uy/repo/img/197419_ADD-6919-TRA_736.jpg
193325016,"Moderno Apartamento de 2 Dormitorios en Playa Brava, Punta del Este",290000.0,2.0,2.0,78.0,86.0,Aidy Grill,0,0,2021.0,,False,1,https://www.infocasas.com.uy/moderno-apartamento-de-2-dormitorios-en-playa-brava-punta-del-este/193325016,https://cdn1.infocasas.com.uy/repo/img/176651596_VDS-4276-TRA_279.jpg
193744637,Artower- Parada 3 Mansa.,348000.0,2.0,2.0,90.0,0.0,Aidy Grill,0,0,,,False,1,https://www.infocasas.com.uy/artower-parada-3-mansa/193744637,https://cdn1.infocasas.com.uy/repo/img/202911_TDP-7438-TRA_185.jpg
193730512,"Vende apartamento de 3 dormitorios en suite a estrenar, en Playa Brava.",1750000.0,3.0,3.0,180.0,258.0,Playa Mansa,0,0,2022.0,,False,1,https://www.infocasas.com.uy/vende-apartamento-de-3-dormitorios-en-suite-a-estrenar-en-playa-brava/193730512,https://cdn1.infocasas.com.uy/repo/img/173012432_NDM-27691-TRA_334.jpg
193166626,Venta Apto 2D a estrenar Brava Punta prox mar con Amenities,295000.0,2.0,2.0,68.0,78.0,Playa Brava,-34.9490957,-54.9311706,,,False,1,https://www.infocasas.com.uy/venta-apto-2d-a-estrenar-brava-punta-prox-mar-con-amenities/193166626,https://cdn1.infocasas.com.uy/repo/img/974465_TRU-952-TRA_736.jpg
193178929,"VENTA DE APARTAMENTO A ESTRENAR 2 DORMITORIOS Y 2 BAÑOS, PENINSULA PUNTA DEL ESTE",217000.0,2.0,1.0,73.0,83.0,Península,0,0,2024.0,,False,1,https://www.infocasas.com.uy/venta-de-apartamento-a-estrenar-2-dormitorios-y-2-baños-peninsula-punta-del-este/193178929,https://cdn1.infocasas.com.uy/repo/img/694874_DMC-15430-TRA_373.jpg
193171664,Venta apartamento 2 dormitorios Maldonado,135000.0,2.0,2.0,72.0,72.0,Maldonado,-34.89948303040967,-54.98497848709105,2022.0,,False,1,https://www.infocasas.com.uy/venta-apartamento-2-dormitorios-maldonado/193171664,https://cdn1.infocasas.com.uy/repo/img/694874_DMC-10347-TRA_578.jpg
193202410,Moderno apartamento,215000.0,1.0,1.0,47.0,64.0,Roosevelt,0,0,,,False,1,https://www.infocasas.com.uy/moderno-apartamento/193202410,https://cdn1.infocasas.com.uy/repo/img/173012432_NDM-4991-TRA_442.jpg
193028363,Apartamento en Brava unificado - Punta del Este,3600000.0,5.0,6.0,376.0,475.0,Playa Brava,0,0,2024.0,,False,1,https://www.infocasas.com.uy/apartamento-en-brava-unificado-punta-del-este/193028363,https://cdn1.infocasas.com.uy/repo/img/132785_RSP-17544-TRA_801.jpg
193709024,VENTA APARTAMENTO EN  PENINSULA (a estrenar),225000.0,1.0,1.0,60.0,0.0,Península,-34.965017399691,-54.944971204131,2024.0,,False,1,https://www.infocasas.com.uy/venta-apartamento-en-peninsula-a-estrenar/193709024,https://cdn1.infocasas.com.uy/repo/img/13651_UY.42.1.147.123.V16_343.jpg
193521382,La Barra - La Guadalupe,245630.0,2.0,2.0,77.0,106.0,La Barra,-34.9091667,-54.85741669999999,2026.0,,False,1,https://www.infocasas.com.uy/la-barra-la-guadalupe/193521382,https://cdn1.infocasas.com.uy/repo/img/518811_EVE-537-TRA_968.jpg
193512002,Espectacular departamento de 3 dormitorios frente al mar. Walmer Lagoon,670000.0,3.0,3.0,109.0,164.0,Playa Mansa,0,0,,,False,1,https://www.infocasas.com.uy/espectacular-departamento-de-3-dormitorios-frente-al-mar-walmer-lagoon/193512002,https://cdn1.infocasas.com.uy/repo/img/173211400_SPP-16372-TRA_730.jpg
193185933,Moderno Apto Dos Dorms y Garaje ubicacion inmejorable en Punta del Este,230000.0,2.0,1.0,79.0,79.0,Roosevelt,-34.9351083,-54.9388404,,2.0,False,1,https://www.infocasas.com.uy/moderno-apto-dos-dorms-y-garaje-ubicacion-inmejorable-en-punta-del-este/193185933,https://cdn2.infocasas.com.uy/repo/img/6939782053eb8_infocdn__rdlrv1cv2kjochudioreyvgp3w5zjv8rj0v5watajpg.jpg
193148590,VENTA APARTAMENTO PUNTA BALLENA,320000.0,2.0,2.0,145.0,145.0,Punta Ballena,0,0,,,False,1,https://www.infocasas.com.uy/venta-apartamento-punta-ballena/193148590,https://cdn1.infocasas.com.uy/repo/img/173608396_HAUS-1608-TRA_220.jpg
193093498,"Moderno Apartamento de 2 Dormitorios en Playa Brava, Punta del Este",290000.0,2.0,2.0,78.0,86.0,Aidy Grill,0,0,2021.0,,False,1,https://www.infocasas.com.uy/moderno-apartamento-de-2-dormitorios-en-playa-brava-punta-del-este/193093498,https://cdn1.infocasas.com.uy/repo/img/173898037_BYH-4542-TRA_247.jpg
193465724,Apartamento - Playa Mansa,135000.0,2.0,1.0,49.0,49.0,Playa Mansa,-34.918002,-54.9765911,,,False,1,https://www.infocasas.com.uy/apartamento-playa-mansa/193465724,https://cdn1.infocasas.com.uy/web/69a92ddbad622_infocdn.jpg
193539924,Apartamento en edificio Surfside,451500.0,1.0,2.0,115.0,115.0,Rincón del Indio,-34.9219063,-54.8937531,,,False,1,https://www.infocasas.com.uy/apartamento-en-edificio-surfside/193539924,https://cdn1.infocasas.com.uy/web/69bbb0a6d6041_infocdn.jpg
193540036,Departamento - Rincón del Indio,1100000.0,2.0,2.0,208.0,135.0,Rincón del Indio,-34.918229102,-54.872939158,,,False,1,https://www.infocasas.com.uy/departamento-rincon-del-indio/193540036,https://cdn1.infocasas.com.uy/web/69bbb8da475fd_infocdn.jpg
193021271,(BPV-BPV-10740)  Venta de apartamento de 2 dormitorios Jose Ignacio,580000.0,2.0,2.0,95.0,74.0,José Ignacio,-34.8357292,-54.6555769,2026.0,,False,1,https://www.infocasas.com.uy/bpvbpv10740-venta-de-apartamento-de-2-dormitorios-jose-ignacio/193021271,https://cdn1.infocasas.com.uy/repo/img/279_BPV-BPV-10740_804.jpg
192853311,VENTA 1 DORMITORIO  CON PARRILLERO PROPIO,149000.0,1.0,1.0,59.0,82.0,Pinares,0,0,2020.0,,False,1,https://www.infocasas.com.uy/venta-1-dormitorio-con-parrillero-propio/192853311,https://cdn1.infocasas.com.uy/repo/img/147015_IPD-37172-TRA_622.jpg
193749938,Venta apartamento 2 dormitorios Roosevelt,210000.0,2.0,1.0,51.0,63.0,Playa Brava,0,0,,,False,1,https://www.infocasas.com.uy/venta-apartamento-2-dormitorios-roosevelt/193749938,https://cdn1.infocasas.com.uy/repo/img/173224178_ARE-6162-TRA_377.jpg
192854009,Venta ó alquiler apartamento de 3 dormitorios - Playa Brava,1780000.0,3.0,3.0,213.0,282.0,Playa Brava,-34.966667,-54.95,,,False,1,https://www.infocasas.com.uy/venta-o-alquiler-apartamento-de-3-dormitorios-playa-brava/192854009,https://cdn1.infocasas.com.uy/web/68c139fd21b05_infocdn.jpg
192634964,Departamento venta 3 dormitorios Le Parc Playa Brava,980000.0,3.0,3.0,232.0,195.0,Playa Brava,-34.7905524,-54.9207695,,,False,1,https://www.infocasas.com.uy/departamento-venta-3-dormitorios-le-parc-playa-brava/192634964,https://cdn1.infocasas.com.uy/web/6874cb736b299_infocdn.jpg
192459200,Apartamento de 2 dormitorios en Eve Tower,302906.0,2.0,2.0,70.0,82.0,Playa Brava,-34.94626500256383,-54.92587265951686,2028.0,,False,1,https://www.infocasas.com.uy/apartamento-de-2-dormitorios-en-eve-tower/192459200,https://cdn1.infocasas.com.uy/repo/img/261_GII-1125-TRA_257.jpg
192435905,"Departamento de 3 suites en Alquiler frente al mar. Venetian Luxury, Punta del Este",1850000.0,3.0,3.0,227.0,250.0,Playa Mansa,0,0,2022.0,,False,1,https://www.infocasas.com.uy/departamento-de-3-suites-en-alquiler-frente-al-mar-venetian-luxury-punta-del-este/192435905,https://cdn1.infocasas.com.uy/repo/img/176030818_CDV-657-TRA_144.jpg
192435298,En venta apartamento de 2 dormitorios y 2 baños Punta del Este,275000.0,2.0,2.0,80.0,80.0,Roosevelt,0,0,,,False,1,https://www.infocasas.com.uy/en-venta-apartamento-de-2-dormitorios-y-2-baños-punta-del-este/192435298,https://cdn1.infocasas.com.uy/repo/img/176030818_CDV-193-TRA_595.jpg
191988873,"Departamento en venta con 3 dormitorios , balcon con parrillero , cochera - Playa Mansa Punta del este",390000.0,3.0,2.0,103.0,0.0,Playa Mansa,-34.9256025549,-54.96101283,,,False,1,https://www.infocasas.com.uy/departamento-en-venta-con-3-dormitorios-balcon-con-parrillero-cochera-playa-mansa-punta-del-este/191988873,https://cdn1.infocasas.com.uy/web/67a7389e29ce7_infocdn.jpg
191932580,Departamento en Paramount tower,580000.0,2.0,2.0,82.0,90.0,Playa Mansa,0,0,2021.0,,False,1,https://www.infocasas.com.uy/departamento-en-paramount-tower/191932580,https://cdn1.infocasas.com.uy/repo/img/173012432_NDM-19747-TRA_449.jpg
191988048,Departamento  en Punta del Este con amenities,210000.0,2.0,2.0,62.0,55.0,Punta del Este,-34.9293732875,-54.9453529713,,,False,1,https://www.infocasas.com.uy/departamento-en-punta-del-este-con-amenities/191988048,https://cdn1.infocasas.com.uy/web/67a71db8189a4_infocdn.jpg
192747097,SUDESTE  - 1 DORM,210000.0,1.0,1.0,44.0,44.0,Península,-34.9631006,-54.9428408,2024.0,,False,1,https://www.infocasas.com.uy/sudeste-1-dorm/192747097,https://cdn1.infocasas.com.uy/repo/img/256162_MKT-5858-TRA_296.jpg
192722674,Hermoso apartamento  en venta de 2 dormitorios en zona arbolada y tranquila muy próximo a gastronomia y servicios,199000.0,2.0,2.0,61.0,0.0,San Rafael,-34.9336843,-54.9234901,,,False,1,https://www.infocasas.com.uy/hermoso-apartamento-en-venta-de-2-dormitorios-en-zona-arbolada-y-tranquila-muy-proximo-a-gastronomia-y-servicios/192722674,https://cdn1.infocasas.com.uy/web/6892ff58ac571_infocdn.jpg
192669902,VENTA DE APARTAMENTO DE 3 SUITES ESQUINERO EN MANSA EN EDIFICIO VENETIAN LUXURY PUNTA DEL ESTE,1800000.0,4.0,4.0,182.0,254.0,Playa Mansa,0,0,2021.0,,False,1,https://www.infocasas.com.uy/venta-de-apartamento-de-3-suites-esquinero-en-mansa-en-edificio-venetian-luxury-punta-del-este/192669902,https://cdn1.infocasas.com.uy/repo/img/132785_RSP-12846-TRA_693.jpg
192675636,Cruceros III a estrenar con 2 dormitorios,370000.0,2.0,2.0,82.0,90.0,Playa Mansa,0,0,2023.0,,False,1,https://www.infocasas.com.uy/cruceros-iii-a-estrenar-con-2-dormitorios/192675636,https://cdn1.infocasas.com.uy/repo/img/147015_IPD-39520-TRA_899.jpg
192066493,Apartamento a estrenar amoblado piso alto 1 dormitorio frente a Enjoy vista al mar terraza y garage Playa Mansa Punta del Este,240000.0,1.0,1.0,45.0,45.0,Playa Mansa,-34.949263343067045,-54.93930583198546,2020.0,,False,1,https://www.infocasas.com.uy/apartamento-a-estrenar-amoblado-piso-alto-1-dormitorio-frente-a-enjoy-vista-al-mar-terraza-y-garage-playa-mansa-punta-del-este/192066493,https://cdn1.infocasas.com.uy/repo/img/173608395_ASR-3942-TRA_916.jpg
192398430,Apartamento en venta  de 1 dormitorio Pinares,149000.0,1.0,1.0,64.0,113.0,Pinares,0,0,2020.0,,False,1,https://www.infocasas.com.uy/apartamento-en-venta-de-1-dormitorio-pinares/192398430,https://cdn1.infocasas.com.uy/repo/img/147015_IPD-37164-TRA_203.jpg
192298299,Apartamento a la venta de 1 dormitorio sobre la rambla playa mansa punta del este ,158000.0,0.0,0.0,41.0,41.0,Playa Mansa,-34.918002,-54.9765911,,,False,1,https://www.infocasas.com.uy/apartamento-a-la-venta-de-1-dormitorio-sobre-la-rambla-playa-mansa-punta-del-este-/192298299,https://cdn1.infocasas.com.uy/web/680892c658958_infocdn.jpg
191989084,"Departamento en venta Torre Esmeralda ,  Playa Brava, punta del este",345000.0,2.0,3.0,138.0,103.0,Playa Brava,-34.9490631,-54.9299413,,,False,1,https://www.infocasas.com.uy/departamento-en-venta-torre-esmeralda-playa-brava-punta-del-este/191989084,https://cdn1.infocasas.com.uy/web/67a7438c96b50_infocdn.jpg
191886396,Departamento en venta 2 dormitorios - Playa Brava,390000.0,2.0,2.0,80.0,62.0,La Pastora,-34.9548736,-54.9350306,,,False,1,https://www.infocasas.com.uy/departamento-en-venta-2-dormitorios-playa-brava/191886396,https://cdn1.infocasas.com.uy/web/678a0c10caa9a_infocdn.jpg
191988933,Departamento 3 dormitorios frente al mar  Punta Ballena,700000.0,3.0,2.0,173.0,109.0,Punta Ballena,-34.9116814,-55.0446882,,,False,1,https://www.infocasas.com.uy/departamento-3-dormitorios-frente-al-mar-punta-ballena/191988933,https://cdn1.infocasas.com.uy/web/67a73aeb3a1ae_infocdn.jpg
192066456,VENTA DEPARTAMENTO 3 DORMITORIOS VISTA AL MAR,580000.0,3.0,2.0,180.0,180.0,Península,0,0,2027.0,,False,1,https://www.infocasas.com.uy/venta-departamento-3-dormitorios-vista-al-mar/192066456,https://cdn1.infocasas.com.uy/repo/img/173608396_HAUS-2970-TRA_775.jpg
193497006,"(BPV-BPV-11029)  Venta de apartamento 1 dormitorio La Cañada, Punta del Este, Maldonado",139500.0,1.0,1.0,59.0,49.0,Playa Mansa,-34.916725,-54.962884,2026.0,,False,1,https://www.infocasas.com.uy/bpvbpv11029-venta-de-apartamento-1-dormitorio-la-cañada-punta-del-este-maldonado/193497006,https://cdn1.infocasas.com.uy/repo/img/279_BPV-BPV-11029_918.jpg
193496902,(BPV-BPV-10527)  Apartamento EN venta 2 DORMITORIOS,395000.0,2.0,2.0,112.0,81.0,Playa Mansa,-34.9147937,-54.849982,2025.0,,False,1,https://www.infocasas.com.uy/bpvbpv10527-apartamento-en-venta-2-dormitorios/193496902,https://cdn1.infocasas.com.uy/repo/img/279_BPV-BPV-10527_931.jpg
192611877,Departamento a estrenar en Edificio Green Life - Punta del Este,240000.0,2.0,2.0,80.0,93.0,Roosevelt,0,0,2016.0,,False,1,https://www.infocasas.com.uy/departamento-a-estrenar-en-edificio-green-life-punta-del-este/192611877,https://cdn1.infocasas.com.uy/repo/img/173255338_EV-3577-TRA_588.jpg
192607667,"Apartamento en Manantiales, Manantiales",765000.0,2.0,2.0,157.0,157.0,Manantiales,0,0,2027.0,,False,1,https://www.infocasas.com.uy/apartamento-en-manantiales-manantiales/192607667,https://cdn1.infocasas.com.uy/repo/img/256162_MKT-7514-TRA_553.jpg
192421309,"Venta apartamento 2 dormitorios. Roosevelt, Punta del Este.",269477.0,2.0,2.0,63.0,81.0,Playa Brava,-34.94461118832051,-54.92727880676268,2027.0,,False,1,https://www.infocasas.com.uy/venta-apartamento-2-dormitorios-roosevelt-punta-del-este/192421309,https://cdn1.infocasas.com.uy/repo/img/694874_DMC-14852-TRA_911.jpg
192531865,"Apartamento primera linea de 2 dormitorios y 2 baños en venta, a estrenar",920000.0,2.0,2.0,119.0,162.0,Playa Brava,0,0,,,False,1,https://www.infocasas.com.uy/apartamento-primera-linea-de-2-dormitorios-y-2-baños-en-venta-a-estrenar/192531865,https://cdn1.infocasas.com.uy/repo/img/173012432_NDM-23770-TRA_523.jpg
191956227,"Venta, Piso Alto, 3 Dormitorios, Look Brava",580000.0,3.0,3.0,139.0,178.0,Playa Brava,-34.94408351705016,-54.921656896667464,2018.0,,False,1,https://www.infocasas.com.uy/venta-piso-alto-3-dormitorios-look-brava/191956227,https://cdn1.infocasas.com.uy/repo/img/949740_INV-25-TRA_537.jpg
192765184,"Venta departamento 2 dormitorios , Manantiales , Punta del Este",600000.0,2.0,2.0,138.0,138.0,Manantiales,-34.879366,-56.030832,,,False,1,https://www.infocasas.com.uy/venta-departamento-2-dormitorios-manantiales-punta-del-este/192765184,https://cdn1.infocasas.com.uy/repo/img/173612388_WRW-4966-TRA_649.jpg
190989155,Excelente Penthouse en Venta Frente al Mar - Playa Mansa,850000.0,3.0,3.0,175.0,324.0,Pinares,0,0,,,False,1,https://www.infocasas.com.uy/excelente-penthouse-en-venta-frente-al-mar-playa-mansa/190989155,https://cdn1.infocasas.com.uy/repo/img/405_CCP-30592-TRA_756.jpg
190424478,"Espectacular apartamento en venta ya alquiler en La Barra, Uruguay",1600000.0,4.0,3.0,106.0,130.0,La Barra,-34.915800867152285,-54.85785653193472,2020.0,,False,1,https://www.infocasas.com.uy/espectacular-apartamento-en-venta-ya-alquiler-en-la-barra-uruguay/190424478,https://cdn1.infocasas.com.uy/repo/img/405_CCP-30398-TRA_510.jpg
189443546,"Departamento de un dormitorioen venta, OCean Drive Country, Roosevelt.",204000.0,1.0,1.0,61.0,61.0,Roosevelt,0,0,,,False,1,https://www.infocasas.com.uy/departamento-de-un-dormitorioen-venta-ocean-drive-country-roosevelt/189443546,https://cdn1.infocasas.com.uy/repo/img/405_CCP-32983-TRA_668.jpg
191212475,Venta Apartamento en Península de 1 Dormitorio Punta del Este,149000.0,1.0,1.0,36.0,36.0,Península,-34.9615971,-54.9431868,,,False,1,https://www.infocasas.com.uy/venta-apartamento-en-peninsula-de-1-dormitorio-punta-del-este/191212475,https://cdn1.infocasas.com.uy/web/66b5c2ff9879d_infocdn.jpg
190078619,Apartamento - Punta Ballena,350000.0,2.0,2.0,80.0,80.0,Punta Ballena,-34.8921165,-55.0371742,,,False,1,https://www.infocasas.com.uy/apartamento-punta-ballena/190078619,https://cdn1.infocasas.com.uy/web/63a3fb088448a_infocdn.jpg
192059156,Departamento en  Le Parc III,1350000.0,4.0,3.0,267.0,201.0,Playa Brava,-34.945441,-54.9215562,,,False,1,https://www.infocasas.com.uy/departamento-en-le-parc-iii/192059156,https://cdn1.infocasas.com.uy/web/67bac5384f573_infocdn.jpg
191184845,Manantiales departamento en venta Edificio Sense ,840000.0,3.0,2.0,162.0,162.0,Manantiales,-34.9055325,-54.8262571,,,False,1,https://www.infocasas.com.uy/manantiales-departamento-en-venta-edificio-sense-/191184845,https://cdn1.infocasas.com.uy/web/66ab311129460_infocdn.jpg
191989225,Departamento con vista al mar - Playa Mansa.,550000.0,3.0,3.0,114.0,114.0,Playa Mansa,-34.950221,-54.9384593,,,False,1,https://www.infocasas.com.uy/departamento-con-vista-al-mar-playa-mansa/191989225,https://cdn1.infocasas.com.uy/web/67a74af20f46a_infocdn.jpg
191460079,Venta de apto en Surfside Village 1,980000.0,2.0,3.0,176.0,209.0,Rincón del Indio,-34.9191773,-54.8712534,2021.0,,False,1,https://www.infocasas.com.uy/venta-de-apto-en-surfside-village-1/191460079,https://cdn1.infocasas.com.uy/repo/img/949740_INV-142-TRA_418.jpg
191166796,Excelente Apartamento Frente Al Mar - Playa Mansa,250000.0,2.0,2.0,62.0,62.0,Playa Mansa,-34.9123598,-54.989174,,,False,1,https://www.infocasas.com.uy/excelente-apartamento-frente-al-mar-playa-mansa/191166796,https://cdn1.infocasas.com.uy/web/66a49e13c260f_infocdn.jpg
191989119,Torrelobos  Penthouse frente al mar Playa Brava - Punta del Este,2300000.0,4.0,3.0,700.0,350.0,Playa Brava,-34.9469,-54.92335,,,False,1,https://www.infocasas.com.uy/torrelobos-penthouse-frente-al-mar-playa-brava-punta-del-este/191989119,https://cdn1.infocasas.com.uy/web/67a7454348551_infocdn.jpg
191011099,Departamento en Playa Brava,500000.0,3.0,3.0,213.0,150.0,Playa Brava,-34.9244539248,-54.8873865128,,,False,1,https://www.infocasas.com.uy/departamento-en-playa-brava/191011099,https://cdn1.infocasas.com.uy/web/6655875d42c77_infocdn.jpg
190925191,Apartamento en Brava,475000.0,3.0,3.0,102.0,0.0,Roosevelt,-34.9444823,-54.929404,,,False,1,https://www.infocasas.com.uy/apartamento-en-brava/190925191,https://cdn1.infocasas.com.uy/web/661794269b59e_infocdn.jpg
190931770,Venta apartamento pozo 1 dormitorio zona roosevelt,234000.0,1.0,1.0,88.0,39.0,Roosevelt,-34.91984,-54.9552191,,,False,1,https://www.infocasas.com.uy/venta-apartamento-pozo-1-dormitorio-zona-roosevelt/190931770,https://cdn1.infocasas.com.uy/web/6618e0de3c496_infocdn.jpg
190930539,Venta apartamento 1 ambiente sobre Av. Roosevelt,138000.0,0.0,1.0,42.0,30.0,Roosevelt,-34.9209504,-54.9547848,,,False,1,https://www.infocasas.com.uy/venta-apartamento-1-ambiente-sobre-av-roosevelt/190930539,https://cdn1.infocasas.com.uy/web/662a0640dd8b1_infocdn.jpg
190925859,Manantiales,306000.0,2.0,1.0,150.0,125.0,Manantiales,-34.904942,-54.8277514,,,False,1,https://www.infocasas.com.uy/manantiales/190925859,https://cdn1.infocasas.com.uy/web/66179d27141c2_infocdn.jpg
191120731,Appartmento en venta de 2 dormitorios  - Playa Mansa,385000.0,2.0,2.0,116.0,116.0,Playa Mansa,-34.9516667,-54.9336991,,,False,1,https://www.infocasas.com.uy/appartmento-en-venta-de-2-dormitorios-playa-mansa/191120731,https://cdn1.infocasas.com.uy/web/6704f098c4b9e_infocdn.jpg
191000188,Departamento en Roosevelt,240000.0,1.0,1.0,71.0,0.0,Playa Brava,-34.9426506843,-54.9300699754,,,False,1,https://www.infocasas.com.uy/departamento-en-roosevelt/191000188,https://cdn1.infocasas.com.uy/web/6647651e999c3_infocdn.jpg
190929919,Departamento - Roosevelt,250000.0,2.0,2.0,100.0,71.0,Roosevelt,-34.9238206,-54.9510276,,,False,1,https://www.infocasas.com.uy/departamento-roosevelt/190929919,https://cdn1.infocasas.com.uy/web/6617bc8d7c5cc_infocdn.jpg
190929994,Departamento - Península,130000.0,1.0,1.0,29.0,29.0,Península,-34.9368789,-54.9281496,,,False,1,https://www.infocasas.com.uy/departamento-peninsula/190929994,https://cdn1.infocasas.com.uy/web/6617bf59c4e89_infocdn.jpg
190930039,Departamento - Playa Mansa,440000.0,3.0,2.0,380.0,180.0,Playa Mansa,-34.9171926402,-54.9783291714,,,False,1,https://www.infocasas.com.uy/departamento-playa-mansa/190930039,https://cdn1.infocasas.com.uy/web/6617c04eeee97_infocdn.jpg
190931671,Venta apartamento 1 dormitorio Punta del Este,649000.0,3.0,3.0,212.0,212.0,Roosevelt,-34.9452578,-54.9272022,,,False,1,https://www.infocasas.com.uy/venta-apartamento-1-dormitorio-punta-del-este/190931671,https://cdn1.infocasas.com.uy/web/6618dc176b84e_infocdn.jpg
190931205,Venta Apartamento en Lomo De La Ballena 4 dormitorios,890000.0,4.0,3.0,193.0,193.0,Punta Ballena,-34.8952817,-55.0400357,,,False,1,https://www.infocasas.com.uy/venta-apartamento-en-lomo-de-la-ballena-4-dormitorios/190931205,https://cdn1.infocasas.com.uy/web/661858ed76256_infocdn.jpg
190924553,"Venta apartamento 3 dormitorios playa brava, punta del este",665000.0,3.0,3.0,235.0,215.0,Playa Brava,-34.9534412,-54.9299439,,,False,1,https://www.infocasas.com.uy/venta-apartamento-3-dormitorios-playa-brava-punta-del-este/190924553,https://cdn1.infocasas.com.uy/web/663dcd043bedf_infocdn.jpg
191008387,Departamento - Roosevelt,126000.0,0.0,1.0,48.0,32.0,Roosevelt,-34.9306861,-54.9436328,,,False,1,https://www.infocasas.com.uy/departamento-roosevelt/191008387,https://cdn1.infocasas.com.uy/web/6651a57e108d5_infocdn.jpg
190930951,Venta departamento 2 dormitorios en suite Playa Mansa Punta del Este,430000.0,2.0,3.0,125.0,92.0,Playa Mansa,-34.9493449,-54.9388292,,,False,1,https://www.infocasas.com.uy/venta-departamento-2-dormitorios-en-suite-playa-mansa-punta-del-este/190930951,https://cdn1.infocasas.com.uy/web/66184dffdbc78_infocdn.jpg
190924830,Apartamento en Roosevelt,275000.0,4.0,3.0,123.0,123.0,Roosevelt,-34.9306845,-54.9434299,,,False,1,https://www.infocasas.com.uy/apartamento-en-roosevelt/190924830,https://cdn1.infocasas.com.uy/web/66178953bf9c7_infocdn.jpg
190930053,Departamento - Roosevelt,189000.0,1.0,1.0,65.0,50.0,Roosevelt,-34.9318503,-54.9420116,,,False,1,https://www.infocasas.com.uy/departamento-roosevelt/190930053,https://cdn1.infocasas.com.uy/web/6617c07075030_infocdn.jpg
190931477,Venta Departamento 4 Dormitorios Punta del Este,590000.0,4.0,3.0,194.0,182.0,Playa Mansa,-34.918002,-54.9765911,,,False,1,https://www.infocasas.com.uy/venta-departamento-4-dormitorios-punta-del-este/190931477,https://cdn1.infocasas.com.uy/web/661863ddc334f_infocdn.jpg
190931567,Departamento - Roosevelt,416000.0,3.0,3.0,141.0,96.0,Roosevelt,-34.9429515,-54.9309942,,,False,1,https://www.infocasas.com.uy/departamento-roosevelt/190931567,https://cdn1.infocasas.com.uy/web/661866574b112_infocdn.jpg
190999921,Departamento en Playa Brava,580000.0,3.0,3.0,150.0,122.0,Playa Brava,-34.9454114726,-54.9270030889,,,False,1,https://www.infocasas.com.uy/departamento-en-playa-brava/190999921,https://cdn1.infocasas.com.uy/web/6647023105acc_infocdn.jpg
190929052,Departamento - Punta Ballena,250000.0,0.0,1.0,45.0,32.0,Punta Ballena,-34.9056709,-55.0417074,,,False,1,https://www.infocasas.com.uy/departamento-punta-ballena/190929052,https://cdn1.infocasas.com.uy/web/6617af2382596_infocdn.jpg
190929058,Departamento - Playa Brava,300550.0,2.0,1.0,72.0,52.0,Playa Brava,-34.9531202,-54.9335889,,,False,1,https://www.infocasas.com.uy/departamento-playa-brava/190929058,https://cdn1.infocasas.com.uy/web/6617af7ea98d5_infocdn.jpg
191098674,Hermoso apartamento en  Surfside - LAP6070312,1035000.0,1.0,1.0,171.0,0.0,Playa Brava,-34.9194646299,-54.8729155833,,,False,1,https://www.infocasas.com.uy/hermoso-apartamento-en-surfside-lap6070312/191098674,https://cdn1.infocasas.com.uy/web/668ce97d5d313_infocdn.jpg
190928799,Apartamento en Mansa,380000.0,2.0,2.0,105.0,87.0,Playa Mansa,-34.9368789,-54.9281496,,,False,1,https://www.infocasas.com.uy/apartamento-en-mansa/190928799,https://cdn1.infocasas.com.uy/web/66485dab8bc6f_infocdn.jpg
190928808,Venta Apartamento 1 dormitorio Brava,187000.0,1.0,1.0,55.0,43.0,Playa Brava,-34.937882,-54.935456,,,False,1,https://www.infocasas.com.uy/venta-apartamento-1-dormitorio-brava/190928808,https://cdn1.infocasas.com.uy/web/6617a6b035f53_infocdn.jpg
190928824,Oportunidad apartamento 3 dormitorios más dependencia Punta del Este,565000.0,3.0,2.0,175.0,151.0,Península,-34.9635251,-54.9455682,,,False,1,https://www.infocasas.com.uy/oportunidad-apartamento-3-dormitorios-mas-dependencia-punta-del-este/190928824,https://cdn1.infocasas.com.uy/web/66485dccacae6_infocdn.jpg
190928877,Appartment - Playa Mansa,980000.0,3.0,3.0,200.0,174.0,Playa Mansa,-34.9098223678,-54.9972169497,,,False,1,https://www.infocasas.com.uy/appartment-playa-mansa/190928877,https://cdn1.infocasas.com.uy/web/6617a84250707_infocdn.jpg
190928783,Vista al mar,193000.0,2.0,2.0,65.0,65.0,Península,-34.9620023,-54.9433887,,,False,1,https://www.infocasas.com.uy/vista-al-mar/190928783,https://cdn1.infocasas.com.uy/web/6617a6457ef1c_infocdn.jpg
190930127,Departamento - Playa Mansa,375000.0,2.0,2.0,115.0,83.0,Playa Mansa,25.7616798,-80.1917902,,,False,1,https://www.infocasas.com.uy/departamento-playa-mansa/190930127,https://cdn1.infocasas.com.uy/web/6617c23c4dbb7_infocdn.jpg
190930150,Venta apartamento 2 suites en Punta del Este,410000.0,2.0,2.0,103.0,83.0,Playa Mansa,-34.9498773888,-54.9397697346,,,False,1,https://www.infocasas.com.uy/venta-apartamento-2-suites-en-punta-del-este/190930150,https://cdn1.infocasas.com.uy/web/6617c2d15f18f_infocdn.jpg
190930280,Venta apartamento 3 suites frente a la bahía Punta del Este,600000.0,3.0,3.0,160.0,132.0,Playa Mansa,-34.9516797,-54.9386787,,,False,1,https://www.infocasas.com.uy/venta-apartamento-3-suites-frente-a-la-bahia-punta-del-este/190930280,https://cdn1.infocasas.com.uy/web/6617c6c170c6d_infocdn.jpg
190450078,Venta apartamento 2 dormitorios,255000.0,2.0,2.0,73.0,80.0,Roosevelt,0,0,,,False,1,https://www.infocasas.com.uy/venta-apartamento-2-dormitorios/190450078,https://cdn1.infocasas.com.uy/repo/img/173224178_ARE-2296-TRA_711.jpg
190929118,Departamento - Punta del Este,349000.0,2.0,2.0,130.0,90.0,Punta del Este,-34.9477634,-54.9284495,,,False,1,https://www.infocasas.com.uy/departamento-punta-del-este/190929118,https://cdn1.infocasas.com.uy/web/6617b3228abe5_infocdn.jpg
190297780,Venta Apartamento 3 dormitorios Con Vista  en Punta del Este,280000.0,3.0,2.0,80.0,158.0,Playa Mansa,0,0,,,False,1,https://www.infocasas.com.uy/venta-apartamento-3-dormitorios-con-vista-en-punta-del-este/190297780,https://cdn1.infocasas.com.uy/repo/img/173104404_VIP-1644-TRA_749.jpg
191510766,Venta apartamento 2 dormitorios Roosevelt Punta del Est,220468.0,2.0,1.0,59.0,8785.0,Roosevelt,0,0,,,False,1,https://www.infocasas.com.uy/venta-apartamento-2-dormitorios-roosevelt-punta-del-est/191510766,https://cdn1.infocasas.com.uy/repo/img/173104404_VIP-2262-TRA_513.jpg
191733789,Venta Apartamento 3 dormitorios + servicio Punta del este,1250000.0,3.0,4.0,168.0,213.0,Playa Brava,0,0,,,False,1,https://www.infocasas.com.uy/venta-apartamento-3-dormitorios-servicio-punta-del-este/191733789,https://cdn1.infocasas.com.uy/repo/img/173012432_NDM-21467-TRA_642.jpg
190966717,Apartamento en  La Barra,390000.0,3.0,3.0,111.0,0.0,La Barra,-34.9156036,-54.8650428,,,False,1,https://www.infocasas.com.uy/apartamento-en-la-barra/190966717,https://cdn1.infocasas.com.uy/web/661eea18603cb_infocdn.jpg
191668461,"Venta Apartamento 3 dormitorios en Le Parc IV. Playa brava, Punta del Este.",1250000.0,3.0,4.0,168.0,213.0,Playa Brava,-34.94573687568123,-54.91208677490233,2024.0,,False,1,https://www.infocasas.com.uy/venta-apartamento-3-dormitorios-en-le-parc-iv-playa-brava-punta-del-este/191668461,https://cdn1.infocasas.com.uy/repo/img/694874_DMC-11630-TRA_509.jpg
190706426,"Venta apartamento - 3 dormitorios. Playa Brava, Punta del Este",1270000.0,3.0,3.0,167.0,213.0,Playa Brava,-34.94573687568123,-54.91208677490233,2024.0,,False,1,https://www.infocasas.com.uy/venta-apartamento-3-dormitorios-playa-brava-punta-del-este/190706426,https://cdn1.infocasas.com.uy/repo/img/694874_DMC-12081-TRA_21.jpg
190938822,Venta apartamento 3 dormitorios- Playa Mansa,475000.0,3.0,3.0,159.0,110.0,Punta del Este,-34.947983803951736,-54.93625804781914,,,False,1,https://www.infocasas.com.uy/venta-apartamento-3-dormitorios-playa-mansa/190938822,https://cdn1.infocasas.com.uy/repo/img/251_ATM-AT2-5550_558.jpg
190929117,Departamento - Punta del Este,239000.0,2.0,2.0,95.0,78.0,Punta del Este,-34.960077,-54.941434,,,False,1,https://www.infocasas.com.uy/departamento-punta-del-este/190929117,https://cdn1.infocasas.com.uy/web/6617b313d9644_infocdn.jpg
191703348,Apartamento en Península,187000.0,2.0,2.0,60.0,50.0,Península,-34.962676,-54.9423882,,,False,1,https://www.infocasas.com.uy/apartamento-en-peninsula/191703348,https://cdn1.infocasas.com.uy/web/673d8dcbd35cb_infocdn.jpg
191106026,Departamento en Venta - LAP6204446,1490000.0,4.0,3.0,187.0,187.0,Manantiales,-34.8878991,-54.823307,,,False,1,https://www.infocasas.com.uy/departamento-en-venta-lap6204446/191106026,https://cdn1.infocasas.com.uy/web/6690e0b04a177_infocdn.jpg
191000516,Departamento - Playa Mansa,308000.0,3.0,2.0,110.0,102.0,Roosevelt,-34.9260091419,-54.9480525292,,,False,1,https://www.infocasas.com.uy/departamento-playa-mansa/191000516,https://cdn1.infocasas.com.uy/web/6647770f35d3b_infocdn.jpg
190931764,Apartamento en Mansa,695000.0,3.0,3.0,117.0,117.0,Playa Mansa,-34.9463057,-54.9392134,,,False,1,https://www.infocasas.com.uy/apartamento-en-mansa/190931764,https://cdn1.infocasas.com.uy/web/6618e0a0c384d_infocdn.jpg
190961406,Apartamento en venta Greenlife Roosevelt 2 dormitorios Punta del este Piso medio,230000.0,2.0,2.0,83.0,83.0,Roosevelt,-34.9280055,-54.9465054,,,False,1,https://www.infocasas.com.uy/apartamento-en-venta-greenlife-roosevelt-2-dormitorios-punta-del-este-piso-medio/190961406,https://cdn1.infocasas.com.uy/web/661d463ae811c_infocdn.jpg
188768468,1 - Walmer Lagoon  410,186000.0,1.0,1.0,62.0,46.0,Playa Mansa,-34.908625,-55.00564,,,False,1,https://www.infocasas.com.uy/1-walmer-lagoon-410/188768468,https://cdn1.infocasas.com.uy/web/6480975bbec58_infocdn.jpg
189019247,Departamento - Puerto,1500000.0,3.0,3.0,250.0,250.0,Puerto,-34.9646382,-54.946787,,,False,1,https://www.infocasas.com.uy/departamento-puerto/189019247,https://cdn1.infocasas.com.uy/web/649f57dc4ca48_infocdn.jpg
190966459,Apartamento - Península,490000.0,3.0,3.0,107.0,107.0,Península,-34.9608066,-54.9389655,,,False,1,https://www.infocasas.com.uy/apartamento-peninsula/190966459,https://cdn1.infocasas.com.uy/web/661ee2edf02c3_infocdn.jpg
189792310,"Para entrar hoy, moderno con servicios y vista al mar",305000.0,2.0,2.0,75.0,95.0,Playa Brava,0,0,2021.0,,False,1,https://www.infocasas.com.uy/para-entrar-hoy-moderno-con-servicios-y-vista-al-mar/189792310,https://cdn1.infocasas.com.uy/repo/img/243_NYP-39021-TRA_594.jpg
185655714,Departamento en venta 3 dormitorios - Playa Brava,540000.0,3.0,2.0,199.0,131.0,Playa Brava,-34.9441658,-54.9217472,,,False,1,https://www.infocasas.com.uy/departamento-en-venta-3-dormitorios-playa-brava/185655714,https://cdn1.infocasas.com.uy/web/6874b8eceef6d_infocdn.jpg
289828,Departamento en Playa Brava,305000.0,1.0,2.0,134.0,93.0,Playa Brava,-34.9244539248,-54.8873865128,,,False,1,https://www.infocasas.com.uy/departamento-en-playa-brava/289828,https://cdn1.infocasas.com.uy/web/5b654d235b0e4_infocdn.jpg#HASTH
291157,Departamento en venta y alquiler temporario,450000.0,2.0,2.0,80.0,0.0,Península,-34.7905524,-54.9207695,,,False,1,https://www.infocasas.com.uy/departamento-en-venta-y-alquiler-temporario/291157,https://cdn1.infocasas.com.uy/web/6662b6fd0865f_infocdn.jpg
290422,Departamento - Punta del Este,340000.0,2.0,2.0,112.0,79.0,Punta del Este,-34.933144559,-54.9223625183,,,False,1,https://www.infocasas.com.uy/departamento-punta-del-este/290422,https://cdn1.infocasas.com.uy/web/649ef2716c296_infocdn.jpg
188913041,Departamento en venta 3 dormitorios Playa Mansa Punta del Este,700000.0,3.0,2.0,175.0,175.0,Playa Mansa,-34.7905524,-54.9207695,,,False,1,https://www.infocasas.com.uy/departamento-en-venta-3-dormitorios-playa-mansa-punta-del-este/188913041,https://cdn1.infocasas.com.uy/web/6482e3d60d704_infocdn.jpg
188263354,VENTA DE APARTAMENTO DE 2 DORMITORIOS EN TORRE ESMERALDA PUNTA DEL ESTE,400000.0,2.0,2.0,99.0,128.0,Playa Brava,0,0,,,False,1,https://www.infocasas.com.uy/venta-de-apartamento-de-2-dormitorios-en-torre-esmeralda-punta-del-este/188263354,https://cdn1.infocasas.com.uy/repo/img/132785_RSP-10168-TRA_942.jpg
189037837,VENTA DE APARTAMENTO DE 2 DORMITORIOS EN EDIFICIO MIAMI BOULEVARD II PUNTA DEL ESTE,430000.0,2.0,2.0,84.0,111.0,Playa Mansa,0,0,,,False,1,https://www.infocasas.com.uy/venta-de-apartamento-de-2-dormitorios-en-edificio-miami-boulevard-ii-punta-del-este/189037837,https://cdn1.infocasas.com.uy/repo/img/203121_SIP-6555-TRA_964.jpg
186541804,Venta Departamento 3 dormitorios Playa Brava Punta del Este,220000.0,3.0,2.0,70.0,70.0,Playa Brava,-34.9445152,-54.9164532,,,False,1,https://www.infocasas.com.uy/venta-departamento-3-dormitorios-playa-brava-punta-del-este/186541804,https://cdn1.infocasas.com.uy/web/675d33a3ed23e_infocdn.jpg
186146639,Venta ó alquiler temporario - Playa Brava,450000.0,2.0,2.0,156.0,100.0,Playa Brava,-34.9441658,-54.9217472,,,False,1,https://www.infocasas.com.uy/venta-o-alquiler-temporario-playa-brava/186146639,https://cdn1.infocasas.com.uy/web/6537bca966e6e_infocdn.jpg
185708460,Departamento - Playa Brava,440000.0,2.0,3.0,156.0,100.0,Playa Brava,-34.9441658,-54.9217472,,,False,1,https://www.infocasas.com.uy/departamento-playa-brava/185708460,https://cdn1.infocasas.com.uy/web/5acecbdab91b8_infocdn.jpg#HASTH
290156,Departamento en Punta del Este,290000.0,2.0,1.0,87.0,87.0,Punta del Este,-34.9616026,-54.9429461,,,False,1,https://www.infocasas.com.uy/departamento-en-punta-del-este/290156,https://cdn1.infocasas.com.uy/web/649ef19825c65_infocdn.jpg
290092,"Season Tower 3 dormitorios  - Punta del este, Uruguay",600000.0,3.0,3.0,173.0,173.0,Playa Mansa,-34.9486939224,-54.9390136719,,,False,1,https://www.infocasas.com.uy/season-tower-3-dormitorios-punta-del-este-uruguay/290092,https://cdn1.infocasas.com.uy/web/6874b563b5cf4_infocdn.jpg
289823,"Venta Departamento en Playa Brava, Punta del Este",400000.0,2.0,2.0,115.0,91.0,Playa Brava,-34.9244539248,-54.8873865128,,,False,1,https://www.infocasas.com.uy/venta-departamento-en-playa-brava-punta-del-este/289823,https://cdn1.infocasas.com.uy/web/663b2f498f961_infocdn.jpg
192621633,"Apartamento en VENTA en Jardines de Lussich, Maldonado. OPORTUNIDAD, con posibilidad de financiación propia",88000.0,2.0,1.0,74.0,74.0,Maldonado,0,0,2023.0,,False,1,https://www.infocasas.com.uy/apartamento-en-venta-en-jardines-de-lussich-maldonado-oportunidad-con-posibilidad-de-financiacion-propia/192621633,https://cdn1.infocasas.com.uy/repo/img/173608434_MOP-1051-TRA_263.jpg
193416521,Penthouse en torre ONE playa brava,890000.0,3.0,3.0,160.0,160.0,Playa Brava,-34.9191342,-54.9559851,,,False,1,https://www.infocasas.com.uy/penthouse-en-torre-one-playa-brava/193416521,https://cdn1.infocasas.com.uy/web/699809e95533f_infocdn.jpg
193137855,"Moderno apartamento en José Ignacio, a 200 m de la playa La Susana",590000.0,2.0,2.0,80.0,100.0,La Juanita,-34.83514726222177,-54.64874718724977,,,False,1,https://www.infocasas.com.uy/moderno-apartamento-en-jose-ignacio-a-200-m-de-la-playa-la-susana/193137855,https://cdn1.infocasas.com.uy/repo/img/173158962_AVP-1838-TRA_453.jpg
193148592,VENTA APARTAMENTO PUNTA BALLENA,310000.0,2.0,2.0,145.0,145.0,Punta Ballena,0,0,,,False,1,https://www.infocasas.com.uy/venta-apartamento-punta-ballena/193148592,https://cdn1.infocasas.com.uy/repo/img/173608396_HAUS-1609-TRA_1000.jpg
193506063,Departamento clásico en Punta del Este playa Brava,550000.0,3.0,3.0,178.0,173.0,Playa Brava,-34.9479949917,-54.9253828995,,,False,1,https://www.infocasas.com.uy/departamento-clasico-en-punta-del-este-playa-brava/193506063,https://cdn1.infocasas.com.uy/web/69b3bb10b420d_infocdn.jpg
193550018,APARTAMENTO A ESTRENAR EN PLAYA BRAVA PUNTA DEL ESTE - 2 DORMITORIOS - EDIF. SIGLO SOL II - BAJAS EXPENSAS,325500.0,2.0,2.0,57.0,65.0,Playa Brava,0,0,2022.0,,False,1,https://www.infocasas.com.uy/apartamento-a-estrenar-en-playa-brava-punta-del-este-2-dormitorios-edif-siglo-sol-ii-bajas-expensas/193550018,https://cdn1.infocasas.com.uy/repo/img/173862716_DSA-866-TRA_539.jpg
193391482,"Venta espectacular departamento 2 Dorm, primera fila playa mansa",905000.0,2.0,3.0,171.0,171.0,Playa Mansa,0,0,2022.0,,False,1,https://www.infocasas.com.uy/venta-espectacular-departamento-2-dorm-primera-fila-playa-mansa/193391482,https://cdn1.infocasas.com.uy/repo/img/173612388_WRW-4250-TRA_772.jpg
193259503,Apartamento en Otras,93800.0,1.0,1.0,32.0,32.0,Maldonado,-34.7775564,-55.221502,,,False,1,https://www.infocasas.com.uy/apartamento-en-otras/193259503,https://cdn1.infocasas.com.uy/web/6960a804b5ead_infocdn.jpg
193176303,Venta dos dormitorios playa mansa Punta del Este,600000.0,2.0,2.0,78.0,93.0,Playa Mansa,-34.94432976406558,-54.94779234130858,,,False,1,https://www.infocasas.com.uy/venta-dos-dormitorios-playa-mansa-punta-del-este/193176303,https://cdn1.infocasas.com.uy/repo/img/694874_DMC-9743-TRA_662.jpg
193151739,Greenlife. 3 Dormitorios con 4 baños. OPORTUNIDAD.,550000.0,3.0,4.0,148.0,182.0,Roosevelt,0,0,2016.0,,False,1,https://www.infocasas.com.uy/greenlife-3-dormitorios-con-4-baños-oportunidad/193151739,https://cdn1.infocasas.com.uy/repo/img/176389669_TEK-9595-TRA_927.jpg
193125493,Departamento en alquiler 3 dormitorios Trump Tower Punta del Este,1700000.0,3.0,3.0,310.0,226.0,Playa Brava,-34.9445152,-54.9164532,,,False,1,https://www.infocasas.com.uy/departamento-en-alquiler-3-dormitorios-trump-tower-punta-del-este/193125493,https://cdn1.infocasas.com.uy/web/692167d38f2a0_infocdn.jpg
192987013,Departamento - José Ignacio,460000.0,2.0,2.0,109.0,70.0,José Ignacio,-34.8354957682,-54.644370702,,,False,1,https://www.infocasas.com.uy/departamento-jose-ignacio/192987013,https://cdn1.infocasas.com.uy/web/68f09d69b29c9_infocdn.jpg
193469932,Venta Apartamento Playa Mansa 9737 Punta del Este,980800.0,4.0,3.0,344.0,170.0,Playa Mansa,-34.92882843800425,-54.96008873102256,,,False,1,https://www.infocasas.com.uy/venta-apartamento-playa-mansa-9737-punta-del-este/193469932,https://cdn1.infocasas.com.uy/repo/img/37_CBR-CBR-1234_655.jpg
193513090,Venta departamento en punta del este,159000.0,1.0,1.0,51.0,51.0,Cantegril,0,0,,,False,1,https://www.infocasas.com.uy/venta-departamento-en-punta-del-este/193513090,https://cdn1.infocasas.com.uy/repo/img/173211400_SPP-15517-TRA_571.jpg
193728849,Espectacular apartamento en venta frente al puerto,890000.0,4.0,3.0,172.0,188.0,Península,0,0,,,False,1,https://www.infocasas.com.uy/espectacular-apartamento-en-venta-frente-al-puerto/193728849,https://cdn1.infocasas.com.uy/repo/img/173012432_NDM-27657-TRA_587.jpg
193730271,"Alquiler - APARTAMENTO EN ALQUILER MIAMI BOULEVARD, LIBRE REVELLION",453000.0,2.0,2.0,82.0,94.0,Playa Mansa,0,0,2021.0,,False,1,https://www.infocasas.com.uy/alquiler-apartamento-en-alquiler-miami-boulevard-libre-revellion/193730271,https://cdn1.infocasas.com.uy/repo/img/176651596_VDS-2917-TRA_392.jpg
193730504,APARTAMENTO EN VENTA MIAMI BOULEVARD,453000.0,2.0,2.0,82.0,94.0,Playa Mansa,0,0,2021.0,,False,1,https://www.infocasas.com.uy/apartamento-en-venta-miami-boulevard/193730504,https://cdn1.infocasas.com.uy/repo/img/173012432_NDM-10452-TRA_539.jpg
193421752,Apartamento en venta de 3 dormitorios,850000.0,3.0,4.0,104.0,166.0,Manantiales,0,0,,,False,1,https://www.infocasas.com.uy/apartamento-en-venta-de-3-dormitorios/193421752,https://cdn1.infocasas.com.uy/repo/img/37506_PPT-9103-TRA_141.jpg
193671114,Torres Cardinal Monoambiente a estrenar,125000.0,0.0,1.0,33.0,0.0,Roosevelt,-34.9133641,-54.9599591,,,False,1,https://www.infocasas.com.uy/torres-cardinal-monoambiente-a-estrenar/193671114,https://cdn1.infocasas.com.uy/web/69eb21d32a1d9_infocdn.jpg
193429803,Apartamento en venta en península 3 dormitorios,220000.0,3.0,2.0,83.0,83.0,Península,-34.9618701,-54.9415381,,,False,1,https://www.infocasas.com.uy/apartamento-en-venta-en-peninsula-3-dormitorios/193429803,https://cdn1.infocasas.com.uy/web/699d4ed65b422_infocdn.jpg
193713127,Apartamento en venta c/ cochera en Aidy Grill,325000.0,2.0,2.0,105.0,105.0,Aidy Grill,-34.951691381443766,-54.93604210729901,2026.0,,False,1,https://www.infocasas.com.uy/apartamento-en-venta-c-cochera-en-aidy-grill/193713127,https://cdn1.infocasas.com.uy/repo/img/53_89284_134.jpg
193712963,"Apartamento en venta de 1 dormitorio Punta del Este San Rafael, vistas al mar y a una cuadra de Playa Brava, entrega 2026",185000.0,1.0,2.0,48.5,42.0,San Rafael,-34.94093783216143,-54.9144737033007,2026.0,,False,1,https://www.infocasas.com.uy/apartamento-en-venta-de-1-dormitorio-punta-del-este-san-rafael-vistas-al-mar-y-a-una-cuadra-de-playa-brava-entrega-2026/193712963,https://cdn1.infocasas.com.uy/repo/img/173628908_89220_803.jpg
193757147,Apartamento  a estrenar de 1 dormitorio y medio en venta en Punta del Este,215000.0,1.0,1.0,49.0,53.0,Playa Brava,0,0,2026.0,,False,1,https://www.infocasas.com.uy/apartamento-a-estrenar-de-1-dormitorio-y-medio-en-venta-en-punta-del-este/193757147,https://cdn1.infocasas.com.uy/repo/img/261_GII-3864-TRA_140.jpg
193343949,Venta 3 dormitorios en frente al mar,960000.0,3.0,4.0,188.0,188.0,Playa Mansa,0,0,,,False,1,https://www.infocasas.com.uy/venta-3-dormitorios-en-frente-al-mar/193343949,https://cdn1.infocasas.com.uy/repo/img/175322336_PGO-1802-TRA_900.jpg
193390912,Exclusivo departamento en primera línea de Playa Mansa,185000.0,1.0,1.0,62.0,62.0,Playa Mansa,-34.90863382419134,-55.005288173751815,,,False,1,https://www.infocasas.com.uy/exclusivo-departamento-en-primera-linea-de-playa-mansa/193390912,https://cdn1.infocasas.com.uy/repo/img/261_GII-3460-TRA_170.jpg
193391317,Ultimas unidades en Edificio Greenlife,285000.0,2.0,3.0,85.0,100.0,Roosevelt,0,0,2016.0,,False,1,https://www.infocasas.com.uy/ultimas-unidades-en-edificio-greenlife/193391317,https://cdn1.infocasas.com.uy/repo/img/173608396_HAUS-3848-TRA_329.jpg
192912233,"Espectacular departamento, de 3 dormitorios en Punta del Este",810000.0,3.0,2.0,187.0,187.0,Playa Brava,0,0,,,False,1,https://www.infocasas.com.uy/espectacular-departamento-de-3-dormitorios-en-punta-del-este/192912233,https://cdn1.infocasas.com.uy/repo/img/173012432_NDM-1920-TRA_382.jpg
192870706,"Oportunidad 1 Dorm, vista + garaje - Ocean Drive Country",185000.0,1.0,1.0,53.0,53.0,Roosevelt,0,0,,,False,1,https://www.infocasas.com.uy/oportunidad-1-dorm-vista-garaje-ocean-drive-country/192870706,https://cdn1.infocasas.com.uy/repo/img/147022_IVP-9043-TRA_602.jpg
193540067,"Venta. 3 dormitorios Torre Aquarela, Playa Mansa Parada 18, Punta del Este.",2050000.0,3.0,3.0,470.0,0.0,Playa Mansa,-34.927726215,-54.9609434128,,,False,1,https://www.infocasas.com.uy/venta-3-dormitorios-torre-aquarela-playa-mansa-parada-18-punta-del-este/193540067,https://cdn1.infocasas.com.uy/web/69bbba452d8d5_infocdn.jpg
192863229,Casa en Complejo The Sun en Venta en La Barra  - TM7325937,290000.0,2.0,2.0,115.0,84.0,La Barra,-34.9114576885,-54.8607734551,,,False,1,https://www.infocasas.com.uy/casa-en-complejo-the-sun-en-venta-en-la-barra-tm7325937/192863229,https://cdn1.infocasas.com.uy/web/68c3c57edffb5_infocdn.jpg
192665894,"En alquiler temporal, apartamento en Playa Brava - Ref : EQP3323",375000.0,3.0,2.0,110.0,144.0,Aidy Grill,0,0,,,False,1,https://www.infocasas.com.uy/en-alquiler-temporal-apartamento-en-playa-brava-ref-eqp3323/192665894,https://cdn1.infocasas.com.uy/repo/img/176001116_EQP-3323-TRA_884.jpg
193496909,(BPV-BPV-10565)  Apartamento de 2 dormitorios en venta en La Barra,229900.0,2.0,1.0,76.0,49.0,La Barra,-34.9083607,-54.851904,2025.0,,False,1,https://www.infocasas.com.uy/bpvbpv10565-apartamento-de-2-dormitorios-en-venta-en-la-barra/193496909,https://cdn1.infocasas.com.uy/repo/img/279_BPV-BPV-10565_800.jpg
193496713,TRUMP TOWER PISO ALTO - 3 SUITES,1440000.0,3.0,5.0,226.0,310.0,Playa Brava,-34.947924,-54.92697649999999,,,False,1,https://www.infocasas.com.uy/trump-tower-piso-alto-3-suites/193496713,https://cdn1.infocasas.com.uy/repo/img/256162_MKT-8007-TRA_116.jpg
192496131,Apartamento de 1 dormitorio en venta Montoya Punta del Este,192900.0,1.0,1.0,68.0,60.0,Montoya,-34.9082188486,-54.8514684645,,,False,1,https://www.infocasas.com.uy/apartamento-de-1-dormitorio-en-venta-montoya-punta-del-este/192496131,https://cdn1.infocasas.com.uy/web/684299394f437_infocdn.jpg
192930678,"Venta apartamento 3 Dormitorios en Suite con Parrilla, Dependencia y Balcón en Poseidon Laguna",680000.0,4.0,3.0,178.0,138.0,Barrio Córdoba,-34.9082188,-55.0087347,2026.0,,False,1,https://www.infocasas.com.uy/venta-apartamento-3-dormitorios-en-suite-con-parrilla-dependencia-y-balcon-en-poseidon-laguna/192930678,https://cdn1.infocasas.com.uy/repo/img/117272_P002366_404.jpg
189817190,Art Tower Punta del Este En Venta,560000.0,3.0,3.0,135.0,162.0,Playa Mansa,0,0,,,,1,https://www.infocasas.com.uy/art-tower-punta-del-este-en-venta/189817190,https://cdn1.infocasas.com.uy/repo/img/405_CCP-32900-TRA_905.jpg
190276132,"Apartamento en Venta a Estrenar de Un Dormitorio y Medio  Zona Aidy Grill, Punta del Este",195000.0,1.0,2.0,71.0,71.0,Aidy Grill,0,0,,,,1,https://www.infocasas.com.uy/apartamento-en-venta-a-estrenar-de-un-dormitorio-y-medio-zona-aidy-grill-punta-del-este/190276132,https://cdn1.infocasas.com.uy/repo/img/405_CCP-34391-TRA_607.jpg
192148137,Alquiler apartamento dos dormitorios a estrenar excelente,265000.0,2.0,1.0,80.0,90.0,Roosevelt,-34.922234946376136,-54.95324259002684,,,,1,https://www.infocasas.com.uy/alquiler-apartamento-dos-dormitorios-a-estrenar-excelente/192148137,https://cdn1.infocasas.com.uy/repo/img/405_CCP-31780-TRA_743.jpg
189013374,Apartamento - Roosevelt,180000.0,1.0,1.0,45.0,45.0,Roosevelt,-34.9452348,-54.9279194,,,False,1,https://www.infocasas.com.uy/apartamento-roosevelt/189013374,https://cdn1.infocasas.com.uy/web/623eb39d68c0f_infocdn.jpg#HASTH
189630168,Apartamento - Roosevelt,365000.0,3.0,2.0,150.0,139.0,Roosevelt,-34.921496,-54.9539841,,,False,1,https://www.infocasas.com.uy/apartamento-roosevelt/189630168,https://cdn1.infocasas.com.uy/web/632423e051ec7_infocdn.jpg
186979403,Apartamento - Punta del Este,210000.0,3.0,2.0,70.0,70.0,Punta del Este,-34.9363205,-54.9377826,,,False,1,https://www.infocasas.com.uy/apartamento-punta-del-este/186979403,https://cdn1.infocasas.com.uy/web/65dd80c874f82_infocdn.jpg
187238213,Apartamento - Península,200000.0,2.0,2.0,70.0,70.0,Península,-34.9666558,-54.9477472,,,False,1,https://www.infocasas.com.uy/apartamento-peninsula/187238213,https://cdn1.infocasas.com.uy/web/610469cacf4ba_infocdn.jpg#HASTH
190875281,playa mansa,530000.0,4.0,3.0,189.0,176.0,Playa Mansa,-34.949226,-54.9363184,,,False,1,https://www.infocasas.com.uy/playa-mansa/190875281,https://cdn1.infocasas.com.uy/web/65c324fdbfc0f_infocdn.jpg
190915146,maldonado ,220000.0,3.0,2.0,150.0,110.0,Maldonado,-34.9079614,-54.9586446,,,False,1,https://www.infocasas.com.uy/maldonado-/190915146,https://cdn1.infocasas.com.uy/web/65fa880020521_infocdn.jpg
190952754,primera linea playa mansa,1950000.0,4.0,3.0,250.0,190.0,Playa Mansa,-34.9298175,-54.9589755,,,False,1,https://www.infocasas.com.uy/primera-linea-playa-mansa/190952754,https://cdn1.infocasas.com.uy/web/66191f4de7c79_infocdn.jpg
192162307,(BPV-BPV-8793)  Apartamento EN venta 2 DORMITORIOS,299000.0,2.0,2.0,70.0,52.0,Punta del Este,-34.95314579640324,-54.9328838288784,2025.0,,False,1,https://www.infocasas.com.uy/bpvbpv8793-apartamento-en-venta-2-dormitorios/192162307,https://cdn1.infocasas.com.uy/repo/img/279_BPV-BPV-8793_884.jpg
192943676,"Alquiler Temporada Apartamento 2 Dormitorios Playa Mansa, con Amenities",275900.0,2.0,2.0,80.0,80.0,Cantegril,-34.9285317,-54.9470464,,,False,1,https://www.infocasas.com.uy/alquiler-temporada-apartamento-2-dormitorios-playa-mansa-con-amenities/192943676,https://cdn1.infocasas.com.uy/web/68df7878cc307_infocdn.jpg
192239702,Apartamento a estrenar venta 1 dormitorio frente a metros del mar terraza garage Playa Mansa Punta del Este,190000.0,1.0,1.0,45.0,45.0,Playa Mansa,-34.949263343067045,-54.93930583198546,2020.0,,False,1,https://www.infocasas.com.uy/apartamento-a-estrenar-venta-1-dormitorio-frente-a-metros-del-mar-terraza-garage-playa-mansa-punta-del-este/192239702,https://cdn1.infocasas.com.uy/repo/img/173608395_ASR-4082-TRA_757.jpg
193497021,(BPV-BPV-11052)  Apartamento EN venta 1 DORMITORIO,166500.0,1.0,1.0,69.0,46.0,José Ignacio,-34.9131714,-54.8439077,,,False,1,https://www.infocasas.com.uy/bpvbpv11052-apartamento-en-venta-1-dormitorio/193497021,https://cdn1.infocasas.com.uy/repo/img/279_BPV-BPV-11052_581.jpg
191558373,VENTA DEPARTAMENTO DOS DORMITORIOS PUNTA DEL ESTE TRUMP TOWER,1030000.0,2.0,2.0,98.0,98.0,Playa Brava,0,0,2024.0,,False,1,https://www.infocasas.com.uy/venta-departamento-dos-dormitorios-punta-del-este-trump-tower/191558373,https://cdn1.infocasas.com.uy/repo/img/173608396_HAUS-2500-TRA_853.jpg
192100506,Venta Apartamento 2 Dormitorio a Estrenar Sobre Avenida Roosevelt - Punta del Este,260000.0,2.0,3.0,99.0,79.0,Punta del Este,-34.9330708,-54.9395818,,,False,1,https://www.infocasas.com.uy/venta-apartamento-2-dormitorio-a-estrenar-sobre-avenida-roosevelt-punta-del-este/192100506,https://cdn1.infocasas.com.uy/web/67c7f9959124a_infocdn.jpg
191150853,Venta apartamento 3 dormitorios- Roosevelt,420000.0,3.0,3.0,140.0,140.0,Punta del Este,-34.94309345200148,-54.93087214119846,,,False,1,https://www.infocasas.com.uy/venta-apartamento-3-dormitorios-roosevelt/191150853,https://cdn1.infocasas.com.uy/repo/img/251_ATM-AT2-6478_985.jpg
192078452,"Piso alto, vista al mar de todos los ambientes !",285000.0,2.0,2.0,110.0,97.0,Playa Brava,-34.9480833749,-54.9284285497,,,False,1,https://www.infocasas.com.uy/piso-alto-vista-al-mar-de-todos-los-ambientes-/192078452,https://cdn1.infocasas.com.uy/web/67c00d8a0da00_infocdn.jpg
191318027,Departamento en venta 1 Dormitorio Look Brava  Playa Brava,250000.0,1.0,1.0,70.0,56.0,Playa Brava,-34.9441658,-54.9217472,,,False,1,https://www.infocasas.com.uy/departamento-en-venta-1-dormitorio-look-brava-playa-brava/191318027,https://cdn1.infocasas.com.uy/web/66efbf776c62e_infocdn.jpg
190946378,Apartamento en Roosevelt,303000.0,4.0,3.0,140.0,140.0,Roosevelt,-34.9329631,-54.941071,,,False,1,https://www.infocasas.com.uy/apartamento-en-roosevelt/190946378,https://cdn1.infocasas.com.uy/web/6616bc5fd82c8_infocdn.jpg
191989396,"Miami Boulevard II, alquiler temporal, 2 dormitorios, todos los servicios, playa mansa",470000.0,2.0,2.0,78.0,91.0,Playa Mansa,0,0,2021.0,,False,1,https://www.infocasas.com.uy/miami-boulevard-ii-alquiler-temporal-2-dormitorios-todos-los-servicios-playa-mansa/191989396,https://cdn1.infocasas.com.uy/repo/img/173012432_NDM-14719-TRA_449.jpg
191988923,Departamento 2 dormitorios en suite  parrillero - Look Brava - Playa Brava,370000.0,2.0,2.0,152.0,0.0,Playa Brava,-34.9445351699,-54.9219188614,,,False,1,https://www.infocasas.com.uy/departamento-2-dormitorios-en-suite-parrillero-look-brava-playa-brava/191988923,https://cdn1.infocasas.com.uy/web/67a73a845438f_infocdn.jpg
191988925,Departamento duplex con jardin y vista al mar   servicios premium   Punta Ballena,460000.0,2.0,2.0,127.0,0.0,Punta Ballena,-34.9080389375,-55.0428213825,,,False,1,https://www.infocasas.com.uy/departamento-duplex-con-jardin-y-vista-al-mar-servicios-premium-punta-ballena/191988925,https://cdn1.infocasas.com.uy/web/67a73aa4d57a2_infocdn.jpg
191988939,"Departamento frente al mar  en   alquiler, en venta en   Punta Ballena",426000.0,2.0,2.0,169.0,109.0,Punta Ballena,-34.9116814,-55.0446882,,,False,1,https://www.infocasas.com.uy/departamento-frente-al-mar-en-alquiler-en-venta-en-punta-ballena/191988939,https://cdn1.infocasas.com.uy/web/67a73b3e2f89e_infocdn.jpg
191988943,Departamento duplex con jardin frente  al mar en   alquiler  en venta   Punta Ballena,430500.0,2.0,2.0,114.0,0.0,Punta Ballena,-34.9116814,-55.0446882,,,False,1,https://www.infocasas.com.uy/departamento-duplex-con-jardin-frente-al-mar-en-alquiler-en-venta-punta-ballena/191988943,https://cdn1.infocasas.com.uy/web/67a73b61cd9da_infocdn.jpg
191988948,Departamento en alquiler - venta de dos dormitorios con vista al mar- Punta Ballena,338000.0,2.0,2.0,107.0,107.0,Punta Ballena,-34.888804298,-55.0378185098,,,False,1,https://www.infocasas.com.uy/departamento-en-alquiler-venta-de-dos-dormitorios-con-vista-al-mar-punta-ballena/191988948,https://cdn1.infocasas.com.uy/web/67a73b9e85d19_infocdn.jpg
191988967,"Departamento de dos dormitorios , terraza con parrillero -San Rafael",220000.0,2.0,1.0,75.0,0.0,San Rafael,-34.9365768,-54.9198932,,,False,1,https://www.infocasas.com.uy/departamento-de-dos-dormitorios-terraza-con-parrillero-san-rafael/191988967,https://cdn1.infocasas.com.uy/web/67a73c726b966_infocdn.jpg
191686307,Onix en venta,378200.0,2.0,2.0,85.0,105.0,La Pastora,-34.9530754,-54.9350391,,,False,1,https://www.infocasas.com.uy/onix-en-venta/191686307,https://cdn1.infocasas.com.uy/repo/img/175322336_PGO-1491-TRA_371.jpg
191008431,Departamento en Playa Bikini,980000.0,3.0,3.0,180.0,140.0,Manantiales,-34.9069666727,-54.8272548818,,,False,1,https://www.infocasas.com.uy/departamento-en-playa-bikini/191008431,https://cdn1.infocasas.com.uy/web/6651a72d03e6f_infocdn.jpg
190924678,Apartamento en Península,125000.0,1.0,1.0,32.0,0.0,Península,-34.958113,-54.941706,,,False,1,https://www.infocasas.com.uy/apartamento-en-peninsula/190924678,https://cdn1.infocasas.com.uy/web/66178c0c71a8b_infocdn.jpg
190930354,Venta apartamento monoambiente peninsula,160000.0,0.0,1.0,55.0,47.0,Punta del Este,-34.9666055,-54.9509633,,,False,1,https://www.infocasas.com.uy/venta-apartamento-monoambiente-peninsula/190930354,https://cdn1.infocasas.com.uy/web/6617c8b836333_infocdn.jpg
190928746,Apartamento Venta Playa Mansa Punta del Este,350000.0,3.0,2.0,128.0,98.0,Playa Mansa,-34.943,-54.9431447,,,False,1,https://www.infocasas.com.uy/apartamento-venta-playa-mansa-punta-del-este/190928746,https://cdn1.infocasas.com.uy/web/6617a4f6bc307_infocdn.jpg
190931165,Venta y alquiler de Apartamento de 3 dormitorios en Torre Amalfi Península Punta del Este,290000.0,3.0,3.0,121.0,105.0,Península,-34.9622227,-54.9422702,,,False,1,https://www.infocasas.com.uy/venta-y-alquiler-de-apartamento-de-3-dormitorios-en-torre-amalfi-peninsula-punta-del-este/190931165,https://cdn1.infocasas.com.uy/web/661856c12af7e_infocdn.jpg
190930169,Departamento - Playa Brava,335000.0,2.0,2.0,115.0,100.0,Playa Brava,-34.9581623,-54.936751,,,False,1,https://www.infocasas.com.uy/departamento-playa-brava/190930169,https://cdn1.infocasas.com.uy/web/6617c372572a1_infocdn.jpg
190930208,Venta apartamento 2 dormitorios Manantiales Punta del Este,200000.0,2.0,2.0,70.0,55.0,Manantiales,-34.9041113,-54.8259187,,,False,1,https://www.infocasas.com.uy/venta-apartamento-2-dormitorios-manantiales-punta-del-este/190930208,https://cdn1.infocasas.com.uy/web/6617c4bde62c4_infocdn.jpg
190931766,Venta apartamento pozo 1 dormitorio zona roosevelt,175205.0,1.0,1.0,57.0,41.0,Roosevelt,-34.91984,-54.9552191,,,False,1,https://www.infocasas.com.uy/venta-apartamento-pozo-1-dormitorio-zona-roosevelt/190931766,https://cdn1.infocasas.com.uy/web/6618e0cd936a5_infocdn.jpg
190929087,Departamento - Playa Brava,265000.0,2.0,2.0,65.0,65.0,Playa Brava,-34.9519559,-54.9308169,,,False,1,https://www.infocasas.com.uy/departamento-playa-brava/190929087,https://cdn1.infocasas.com.uy/web/6617b162c9182_infocdn.jpg
191068042,Punta del Este Venta Departamento Surfside al 1406,492000.0,1.0,1.0,85.0,85.0,Rincón del Indio,-34.919337557,-54.8729177004,,,False,1,https://www.infocasas.com.uy/punta-del-este-venta-departamento-surfside-al-1406/191068042,https://cdn1.infocasas.com.uy/web/667ad9f6af8e5_infocdn.jpg
191068169,Punta del Este Venta y Alquiler Edificio Laguna Ph,350000.0,3.0,2.0,111.0,0.0,Playa Mansa,-34.9085179132,-55.0043573277,,,False,1,https://www.infocasas.com.uy/punta-del-este-venta-y-alquiler-edificio-laguna-ph/191068169,https://cdn1.infocasas.com.uy/web/667adef14fa0d_infocdn.jpg
191988479,Apartamento - Punta del Este,295000.0,2.0,2.0,90.0,68.0,Punta del Este,-34.9278142,-54.9548511,,,False,1,https://www.infocasas.com.uy/apartamento-punta-del-este/191988479,https://cdn1.infocasas.com.uy/web/67a72cabbe89b_infocdn.jpg
191987944,Departamento - Punta del Este,390000.0,2.0,3.0,82.0,65.0,Punta del Este,-34.9014087,-55.0406855,,,False,1,https://www.infocasas.com.uy/departamento-punta-del-este/191987944,https://cdn1.infocasas.com.uy/web/67a71ab3b5aa7_infocdn.jpg
191987972,Departamento con vista al mar Punta del este -Playa Mansa,190000.0,1.0,1.0,52.0,0.0,Playa Mansa,-34.918002,-54.9765911,,,False,1,https://www.infocasas.com.uy/departamento-con-vista-al-mar-punta-del-este-playa-mansa/191987972,https://cdn1.infocasas.com.uy/web/67a71b6fd8c60_infocdn.jpg
191159113,Espectacular Departamento en Punta del Este con Vistas al Mar - TM6298842,400000.0,3.0,3.0,108.0,95.0,Península,-34.9444823,-54.929404,,,False,1,https://www.infocasas.com.uy/espectacular-departamento-en-punta-del-este-con-vistas-al-mar-tm6298842/191159113,https://cdn1.infocasas.com.uy/web/66a34821c288e_infocdn.jpg
191709174,Departamento a Estrenar,148000.0,1.0,1.0,40.0,0.0,Roosevelt,0,0,,,False,1,https://www.infocasas.com.uy/departamento-a-estrenar/191709174,https://cdn1.infocasas.com.uy/repo/img/203121_SIP-11606-TRA_16.jpg
189937432,"Venta de apartamento en piriapolis, 2 dormitorios, 2 baños, edificio nuevo.",239000.0,2.0,2.0,87.0,87.0,Piriápolis,0,0,,,False,1,https://www.infocasas.com.uy/venta-de-apartamento-en-piriapolis-2-dormitorios-2-baños-edificio-nuevo/189937432,https://cdn1.infocasas.com.uy/repo/img/204201_SNA-168685-TRA_666.jpg
190929098,Departamento - Roosevelt,310000.0,3.0,2.0,135.0,123.0,Roosevelt,-34.9317334247,-54.9407508159,,,False,1,https://www.infocasas.com.uy/departamento-roosevelt/190929098,https://cdn1.infocasas.com.uy/web/6617b205b8b1d_infocdn.jpg
191920666,Venta Apartamento 3 dormitorios Atlantico,241076.0,3.0,1.0,78.0,118.0,Maldonado,-34.9171274,-54.9618719,2023.0,,False,1,https://www.infocasas.com.uy/venta-apartamento-3-dormitorios-atlantico/191920666,https://cdn1.infocasas.com.uy/repo/img/175664160_ASZ-1100-TRA_361.jpg
192129450,"Apartamento en Manantiales, Manantiales",1550000.0,3.0,3.0,373.0,373.0,Manantiales,0,0,2023.0,,False,1,https://www.infocasas.com.uy/apartamento-en-manantiales-manantiales/192129450,https://cdn1.infocasas.com.uy/repo/img/256162_MKT-6302-TRA_308.jpg
190946171,Muy buen apartamento en  la 39 de la brava.,305000.0,2.0,2.0,110.0,90.0,Playa Brava,-34.9194989,-54.8808341,,,False,1,https://www.infocasas.com.uy/muy-buen-apartamento-en-la-39-de-la-brava/190946171,https://cdn1.infocasas.com.uy/web/6616a25a1c18b_infocdn.jpg
190621307,Venta Departamento en Playa Brava,690000.0,2.0,2.0,180.0,150.0,Playa Brava,-34.9487161406,-54.9260707635,,,False,1,https://www.infocasas.com.uy/venta-departamento-en-playa-brava/190621307,https://cdn1.infocasas.com.uy/web/659512567bd3c_infocdn.jpg
186853198,Departamento - Península,225000.0,2.0,2.0,67.0,61.0,Península,-34.9492353516,-54.936271118,,,False,1,https://www.infocasas.com.uy/departamento-peninsula/186853198,https://cdn1.infocasas.com.uy/web/64676adc67aa8_infocdn.jpg
187233345,"Departamento en venta y alquiler, 2 dormitorios, Playa Mansa",360000.0,2.0,2.0,116.0,116.0,Playa Mansa,-34.966667,-54.95,,,False,1,https://www.infocasas.com.uy/departamento-en-venta-y-alquiler-2-dormitorios-playa-mansa/187233345,https://cdn1.infocasas.com.uy/web/673ae44f2a840_infocdn.jpg
187180581,Departamento en venta 2 dormitorios - Punta Ballena,450000.0,2.0,2.0,100.0,70.0,Punta Ballena,-34.9082697,-55.0431867,,,False,1,https://www.infocasas.com.uy/departamento-en-venta-2-dormitorios-punta-ballena/187180581,https://cdn1.infocasas.com.uy/web/688b1b67832f9_infocdn.jpg
190278493,LA CAÑADA - INVERTI EN MALDONADO - DEPARTAMENTOS A ESTRENAR IDEAL INVERSION,154500.0,2.0,1.0,70.0,70.0,Maldonado,0,0,,,False,1,https://www.infocasas.com.uy/la-cañada-inverti-en-maldonado-departamentos-a-estrenar-ideal-inversion/190278493,https://cdn1.infocasas.com.uy/repo/img/173608396_HAUS-222-TRA_844.jpg
190301459,Departamento en venta de 2 dormitorios Crystal View - Solanas,580000.0,2.0,2.0,120.0,91.0,Solanas,-34.8787764,-55.0526334,,,False,1,https://www.infocasas.com.uy/departamento-en-venta-de-2-dormitorios-crystal-view-solanas/190301459,https://cdn1.infocasas.com.uy/web/6537eb8d1d1aa_infocdn.jpg
190966447,Apartamento - Península,230000.0,2.0,2.0,70.0,65.0,Península,-34.9611709626,-54.9422792667,,,False,1,https://www.infocasas.com.uy/apartamento-peninsula/190966447,https://cdn1.infocasas.com.uy/web/661ee255ee4b3_infocdn.jpg
189728419,"A estrenar, para entrar hoy, edificio moderno con servicios",390000.0,2.0,2.0,125.0,190.0,Playa Brava,-34.95325802641607,-54.933051142173,2021.0,,False,1,https://www.infocasas.com.uy/a-estrenar-para-entrar-hoy-edificio-moderno-con-servicios/189728419,https://cdn1.infocasas.com.uy/repo/img/243_NYP-39028-TRA_28.jpg
186132093,"Departamento en venta de 2 dormitorios, Playa Brava",475000.0,2.0,2.0,112.0,83.0,Playa Brava,-34.9580129,-54.9376273,,,False,1,https://www.infocasas.com.uy/departamento-en-venta-de-2-dormitorios-playa-brava/186132093,https://cdn1.infocasas.com.uy/web/6582c5b5f1717_infocdn.jpg
291152,Apartamento en venta 3 dormitorios Playa Brava,520000.0,3.0,2.0,133.0,133.0,Playa Brava,-34.7905524,-54.9207695,,,False,1,https://www.infocasas.com.uy/apartamento-en-venta-3-dormitorios-playa-brava/291152,https://cdn1.infocasas.com.uy/web/6537b208bd494_infocdn.jpg
187340640,Venta Departamento 2 dormitorios - Península,430000.0,2.0,2.0,127.0,72.0,Península,-34.9619837,-54.9440676,,,False,1,https://www.infocasas.com.uy/venta-departamento-2-dormitorios-peninsula/187340640,https://cdn1.infocasas.com.uy/web/6537c19a45a47_infocdn.jpg
192989624,Apartamento en venta c/ cochera en Piriápolis,181000.0,2.0,2.0,67.0,64.0,Piriápolis,-34.86350558119873,-55.28241802851734,2026.0,,False,1,https://www.infocasas.com.uy/apartamento-en-venta-c-cochera-en-piriapolis/192989624,https://cdn1.infocasas.com.uy/repo/img/175500891_73396_769.jpg
186631102,Alquiler Aquarela - Playa Mansa - 4 dormitorios mas dependencia,2100000.0,4.0,3.0,350.0,263.0,Playa Mansa,-34.9272955,-54.9604117,,,False,1,https://www.infocasas.com.uy/alquiler-aquarela-playa-mansa-4-dormitorios-mas-dependencia/186631102,https://cdn1.infocasas.com.uy/web/661852367fd04_infocdn.jpg
186169128,Venta apartamento de 3 dormitorios - Playa Mansa,580000.0,3.0,3.0,188.0,94.0,Playa Mansa,-34.907402,-55.0176859,,,False,1,https://www.infocasas.com.uy/venta-apartamento-de-3-dormitorios-playa-mansa/186169128,https://cdn1.infocasas.com.uy/web/648c2dafac16a_infocdn.jpg
189044148,Apartamento - Maldonado,104000.0,1.0,1.0,58.0,39.0,Maldonado,-34.905305,-54.9475144,,,False,1,https://www.infocasas.com.uy/apartamento-maldonado/189044148,https://cdn1.infocasas.com.uy/web/62493dfd6a0aa_infocdn.jpg#HASTH
192047747,Apartamento de 1 Dormitorio a Estrenar en Peninsula,152750.0,1.0,1.0,45.0,71.0,Península,0,0,,,False,1,https://www.infocasas.com.uy/apartamento-de-1-dormitorio-a-estrenar-en-peninsula/192047747,https://cdn1.infocasas.com.uy/repo/img/405_CCP-37800-TRA_30.jpg
192260446,Trump Tower esquinero en venta,1600000.0,3.0,3.0,227.0,310.0,Playa Brava,0,0,,,False,1,https://www.infocasas.com.uy/trump-tower-esquinero-en-venta/192260446,https://cdn1.infocasas.com.uy/repo/img/405_CCP-38143-TRA_587.jpg
191582647,Apartamento en venta Selenza Village Manantiales,1400000.0,3.0,4.0,210.0,260.0,Manantiales,0,0,,,False,1,https://www.infocasas.com.uy/apartamento-en-venta-selenza-village-manantiales/191582647,https://cdn1.infocasas.com.uy/repo/img/405_CCP-37054-TRA_218.jpg
190570542,Alexander Boulevard - Punta del Este Zona Conrad,265000.0,2.0,2.0,59.0,70.0,Playa Mansa,-34.94783430660774,-54.93617301185611,,,False,1,https://www.infocasas.com.uy/alexander-boulevard-punta-del-este-zona-conrad/190570542,https://cdn1.infocasas.com.uy/repo/img/405_CCP-27047-TRA_217.jpg
190709791,Miami Boulevard de tres dormitorios y dependencia en Venta,850000.0,3.0,1.0,100.0,100.0,Playa Mansa,0,0,,,False,1,https://www.infocasas.com.uy/miami-boulevard-de-tres-dormitorios-y-dependencia-en-venta/190709791,https://cdn1.infocasas.com.uy/repo/img/405_CCP-35362-TRA_898.jpg
191069080,"Palcos De La Posta venta de apartamento frente al mar, La Barra",1550000.0,4.0,3.0,106.0,130.0,La Barra,-34.915800867152285,-54.85785653193472,2020.0,,False,1,https://www.infocasas.com.uy/palcos-de-la-posta-venta-de-apartamento-frente-al-mar-la-barra/191069080,https://cdn1.infocasas.com.uy/repo/img/405_CCP-30397-TRA_131.jpg
191180177,Espectaculares residencias  a estrenar en  Bikini Beach Manantiales,1900000.0,3.0,3.0,216.0,0.0,Manantiales,-34.905334376678205,-54.829249431686385,,,False,1,https://www.infocasas.com.uy/espectaculares-residencias-a-estrenar-en-bikini-beach-manantiales/191180177,https://cdn1.infocasas.com.uy/repo/img/405_CCP-32071-TRA_896.jpg
193668147,Apartamento dos dormitorios en Aidy Grill a estrenar en venta,240000.0,2.0,2.0,73.0,80.0,Playa Mansa,0,0,2024.0,,False,1,https://www.infocasas.com.uy/apartamento-dos-dormitorios-en-aidy-grill-a-estrenar-en-venta/193668147,https://cdn1.infocasas.com.uy/repo/img/405_CCP-40037-TRA_978.jpg
192685789,Venetian Punta del Ese en Venta Esquinero,1460000.0,3.0,4.0,189.0,254.0,Playa Mansa,0,0,2021.0,,False,1,https://www.infocasas.com.uy/venetian-punta-del-ese-en-venta-esquinero/192685789,https://cdn1.infocasas.com.uy/repo/img/405_CCP-38703-TRA_100.jpg
189539867,Apartamento - Piedras del Chileno,305000.0,2.0,2.0,80.0,80.0,Punta del Este,-34.910309,-55.017887,,,False,1,https://www.infocasas.com.uy/apartamento-piedras-del-chileno/189539867,https://cdn1.infocasas.com.uy/web/62f4a650bb5e7_infocdn.jpg#HASTH
192635431,playa brava ,265000.0,3.0,2.0,90.0,90.0,Playa Brava,-34.9540328,-54.934867,,,False,1,https://www.infocasas.com.uy/playa-brava-/192635431,https://cdn1.infocasas.com.uy/web/6874e1a4c2095_infocdn.jpg
192727487,Apartamento venta en Alma De Manantiales,740000.0,3.0,3.0,156.0,156.0,Manantiales,0,0,2021.0,,,1,https://www.infocasas.com.uy/apartamento-venta-en-alma-de-manantiales/192727487,https://cdn1.infocasas.com.uy/repo/img/405_CCP-35928-TRA_65.jpg
186103817,Departamento - Cantegril,158600.0,1.0,1.0,61.0,61.0,Cantegril,-34.9260087,-54.9485448,,,False,1,https://www.infocasas.com.uy/departamento-cantegril/186103817,https://cdn1.infocasas.com.uy/web/6493e75067df3_infocdn.jpg
186103819,Departamento - Cantegril,183600.0,1.0,1.0,61.0,61.0,Cantegril,-34.9260087,-54.9485448,,,False,1,https://www.infocasas.com.uy/departamento-cantegril/186103819,https://cdn1.infocasas.com.uy/web/6493e75c6833d_infocdn.jpg
188320747,Apartamento - Roosevelt,220000.0,2.0,2.0,90.0,90.0,Roosevelt,-34.9239842,-54.9504723,,,False,1,https://www.infocasas.com.uy/apartamento-roosevelt/188320747,https://cdn1.infocasas.com.uy/web/61443400e0765_infocdn.jpg
193757070,Apartamento en Venta 3 Dormitorios Punta del Este,710000.0,3.0,3.0,140.0,180.0,Playa Mansa,-34.95159371832132,-54.93866746623991,,,False,1,https://www.infocasas.com.uy/apartamento-en-venta-3-dormitorios-punta-del-este/193757070,https://cdn1.infocasas.com.uy/repo/img/147015_IPD-7472-TRA_832.jpg
193754092,"Venta apartamento 3 dormitorios. San Rafael, Punta del Este",605000.0,3.0,4.0,113.0,133.0,San Rafael,-34.94264119825225,-54.915863325195296,2026.0,,False,1,https://www.infocasas.com.uy/venta-apartamento-3-dormitorios-san-rafael-punta-del-este/193754092,https://cdn1.infocasas.com.uy/repo/img/694874_DMC-16997-TRA_240.jpg
193416087,"Oportunidad 1 dormitorio a estrenar piso alto  zona de la pastora, Punta del Este",185000.0,1.0,1.0,49.0,56.0,Punta del Este,-34.95142663701709,-54.93422036369322,2026.0,,False,1,https://www.infocasas.com.uy/oportunidad-1-dormitorio-a-estrenar-piso-alto-zona-de-la-pastora-punta-del-este/193416087,https://cdn1.infocasas.com.uy/repo/img/173608395_ASR-4523-TRA_278.jpg
193106551,Piso alto a estrenar en View II,370000.0,3.0,2.0,91.0,120.0,Playa Brava,-34.94540268885901,-54.93101244171141,2026.0,,False,1,https://www.infocasas.com.uy/piso-alto-a-estrenar-en-view-ii/193106551,https://cdn1.infocasas.com.uy/repo/img/261_GII-2985-TRA_377.jpg
193549865,OTTO UNO - 2 Dormitorios en Venta - A estrenar,193000.0,2.0,1.0,85.0,70.0,Roosevelt,-34.91989493969353,-54.95467488964079,2023.0,,False,1,https://www.infocasas.com.uy/otto-uno-2-dormitorios-en-venta-a-estrenar/193549865,https://cdn1.infocasas.com.uy/repo/img/173862716_DSA-685-TRA_926.jpg
193574130,"1 dormitorio a estrenar con excelente orientación solar, a solo pasos de Playa Brava",190000.0,1.0,1.0,51.0,73.0,Playa Brava,-34.94540268885901,-54.93101244171141,2026.0,,False,1,https://www.infocasas.com.uy/1-dormitorio-a-estrenar-con-excelente-orientacion-solar-a-solo-pasos-de-playa-brava/193574130,https://cdn1.infocasas.com.uy/repo/img/261_GII-3652-TRA_442.jpg
193489708,Venta de Pent House con 4 suites más dependencia de servicio a estrenar,4800000.0,4.0,5.0,334.0,648.0,Playa Brava,0,0,2025.0,,False,1,https://www.infocasas.com.uy/venta-de-pent-house-con-4-suites-mas-dependencia-de-servicio-a-estrenar/193489708,https://cdn1.infocasas.com.uy/repo/img/147015_IPD-41904-TRA_899.jpg
193553637,Alquiler  temporal apartamento 3 dormitorios y dependencia Playa Brava Punta del Este,948000.0,3.0,3.0,190.0,169.0,Playa Brava,-34.9559887,-54.9379552,,,False,1,https://www.infocasas.com.uy/alquiler-temporal-apartamento-3-dormitorios-y-dependencia-playa-brava-punta-del-este/193553637,https://cdn1.infocasas.com.uy/web/69c178dddf06c_infocdn.jpg
193484544,"Excelente ubicacion, proximo al mar y la Peninsula",360000.0,2.0,2.0,127.0,0.0,Playa Brava,0,0,,,False,1,https://www.infocasas.com.uy/excelente-ubicacion-proximo-al-mar-y-la-peninsula/193484544,https://cdn1.infocasas.com.uy/repo/img/173012432_NDM-7242-TRA_148.jpg
193411057,Departamento 3 dormitorios en venta,854000.0,3.0,3.0,122.0,239.0,Manantiales,0,0,2025.0,,False,1,https://www.infocasas.com.uy/departamento-3-dormitorios-en-venta/193411057,https://cdn1.infocasas.com.uy/repo/img/94_CNP-17228-TRA_714.jpg
193391091,"La inversion ideal, departamento de 1 dormitorio y medio en venta en Torre View II, Brava Punta del Este",169000.0,1.0,1.0,49.0,63.0,Playa Brava,0,0,,,False,1,https://www.infocasas.com.uy/la-inversion-ideal-departamento-de-1-dormitorio-y-medio-en-venta-en-torre-view-ii-brava-punta-del-este/193391091,https://cdn1.infocasas.com.uy/repo/img/176651596_VDS-5155-TRA_145.jpg
193319468,Venta Penthouse 2D a estrenar Brava Punta con Amenities,490000.0,2.0,2.0,80.0,100.0,Playa Brava,-34.9490957,-54.9311706,,,False,1,https://www.infocasas.com.uy/venta-penthouse-2d-a-estrenar-brava-punta-con-amenities/193319468,https://cdn1.infocasas.com.uy/repo/img/974465_TRU-1129-TRA_938.jpg
193752684,APARTAMENTO EN VENTA 3 DORMITORIOS AMPLIA TERRAZA.,510000.0,3.0,2.0,123.0,0.0,Playa Mansa,-34.92309703426,-54.967088699341,2024.0,,False,1,https://www.infocasas.com.uy/apartamento-en-venta-3-dormitorios-amplia-terraza/193752684,https://cdn1.infocasas.com.uy/repo/img/13651_UY.42.1.50.172.V13_593.jpg
193752698,Venta Apartamento Playa Mansa Primera Linea 2 dorm,395000.0,2.0,2.0,137.0,0.0,Playa Mansa,-34.908509177772,-55.005170702934,2023.0,,False,1,https://www.infocasas.com.uy/venta-apartamento-playa-mansa-primera-linea-2-dorm/193752698,https://cdn1.infocasas.com.uy/repo/img/13651_UY.42.1.154.17.V19_823.jpg
193678252,VIEW I | 1 dormitorio esquinero con doble garaje,210000.0,1.0,1.0,46.0,87.0,Aidy Grill,-34.94451360063366,-54.93504578615264,,,False,1,https://www.infocasas.com.uy/view-i-1-dormitorio-esquinero-con-doble-garaje/193678252,https://cdn1.infocasas.com.uy/repo/img/176537518_GRO-237-TRA_786.jpg
193637257,Apartamento 3 dormitorios Punta Ballena,790000.0,3.0,3.0,280.0,0.0,Punta Ballena,0,0,,,False,1,https://www.infocasas.com.uy/apartamento-3-dormitorios-punta-ballena/193637257,https://cdn1.infocasas.com.uy/repo/img/132785_RSP-12105-TRA_638.jpg
193666041,Frente al mar y laguna - ideal para disfrutar todo el año,374000.0,2.0,3.0,132.0,132.0,Playa Mansa,0,0,2022.0,,False,1,https://www.infocasas.com.uy/frente-al-mar-y-laguna-ideal-para-disfrutar-todo-el-año/193666041,https://cdn1.infocasas.com.uy/repo/img/261_GII-3642-TRA_473.jpg
193692138,Primera linea frente al mar,318000.0,2.0,1.0,65.0,65.0,Playa Mansa,-34.9222371,-54.968521,,1.0,False,1,https://www.infocasas.com.uy/primera-linea-frente-al-mar/193692138,https://cdn1.infocasas.com.uy/repo/img/261_GII-3769-TRA_462.jpg
192847804,Punta Ballena Frente A La Playa,105000.0,0.0,1.0,35.0,0.0,Punta Ballena,0,0,,,False,1,https://www.infocasas.com.uy/punta-ballena-frente-a-la-playa/192847804,https://cdn1.infocasas.com.uy/repo/img/15377_KBR-267-TRA_268.jpg
193540110,Excelente planta en venta en torre Aquarela con los mejores amenities y garaje,2700000.0,4.0,3.0,480.0,341.0,Playa Mansa,-34.9271984351,-54.9603425979,,,False,1,https://www.infocasas.com.uy/excelente-planta-en-venta-en-torre-aquarela-con-los-mejores-amenities-y-garaje/193540110,https://cdn1.infocasas.com.uy/web/69bbbc42b026b_infocdn.jpg
192718582,Barrio Privado- Bosques del Mar Punta del Este,340000.0,3.0,3.0,116.0,0.0,Pinares,0,0,,,False,1,https://www.infocasas.com.uy/barrio-privado-bosques-del-mar-punta-del-este/192718582,https://cdn1.infocasas.com.uy/repo/img/173255338_EV-1845-TRA_277.jpg
192955527,Apartamento En Playa Brava ,260000.0,2.0,2.0,76.0,76.0,Playa Brava,-34.9445152,-54.9164532,,,False,1,https://www.infocasas.com.uy/apartamento-en-playa-brava-/192955527,https://cdn1.infocasas.com.uy/web/68e4bee53bd9e_infocdn.jpg
192925788,Departamento  en alquiler temporal  3 dormitorios playa mansa Punta del este,750000.0,3.0,2.0,110.0,0.0,Playa Mansa,-34.9463371,-54.9393587,,,False,1,https://www.infocasas.com.uy/departamento-en-alquiler-temporal-3-dormitorios-playa-mansa-punta-del-este/192925788,https://cdn1.infocasas.com.uy/web/68d8e0ff4d9fd_infocdn.jpg
192842915,"Venta y alquiler de Apartamento de 1 Dormitorio en suite piso alto de Torre Surfside Village, Punta del Este",1034000.0,1.0,1.0,100.0,172.0,Playa Brava,0,0,2021.0,,False,1,https://www.infocasas.com.uy/venta-y-alquiler-de-apartamento-de-1-dormitorio-en-suite-piso-alto-de-torre-surfside-village-punta-del-este/192842915,https://cdn1.infocasas.com.uy/repo/img/173452776_DPT-680-TRA_129.jpg
193589580,"Venta apartamento 2 dormitorios, Playa Brava - Punta del Este",455000.0,2.0,2.0,102.0,128.0,Playa Brava,-34.949396,-54.9283502,2025.0,,False,1,https://www.infocasas.com.uy/venta-apartamento-2-dormitorios-playa-brava-punta-del-este/193589580,https://cdn1.infocasas.com.uy/repo/img/694874_DMC-16811-TRA_713.jpg
193586351,VENTA APARTAMENTO 2 DORMITORIOS EN MALDONADO,155000.0,2.0,1.0,52.0,52.0,Maldonado,0,0,,,False,1,https://www.infocasas.com.uy/venta-apartamento-2-dormitorios-en-maldonado/193586351,https://cdn1.infocasas.com.uy/repo/img/132785_RSP-8229-TRA_782.jpg
193540028,Departamento - Playa Mansa,2200000.0,4.0,3.0,253.0,196.0,Playa Mansa,-34.918002,-54.9765911,,,False,1,https://www.infocasas.com.uy/departamento-playa-mansa/193540028,https://cdn1.infocasas.com.uy/web/69bbb8688676a_infocdn.jpg
192533158,A estrenar apartamento con gran vista próximo al mar,450000.0,3.0,2.0,140.0,104.0,Aidy Grill,-34.9423169,-54.9312906,,,False,1,https://www.infocasas.com.uy/a-estrenar-apartamento-con-gran-vista-proximo-al-mar/192533158,https://cdn1.infocasas.com.uy/web/684fbdc82b84c_infocdn.jpg
192380016,"Apartamento en venta 2n Punta del Este, Mansa - Ref : EQP2663",380000.0,2.0,3.0,85.0,112.0,Playa Mansa,0,0,2021.0,,False,1,https://www.infocasas.com.uy/apartamento-en-venta-2n-punta-del-este-mansa-ref-eqp2663/192380016,https://cdn1.infocasas.com.uy/repo/img/176001116_EQP-2663-TRA_142.jpg
192562633,APARTAMENTO A LA VENTA EN MASA INN 1,170000.0,1.0,1.0,55.0,55.0,Playa Mansa,-34.9222844,-54.9561801,2021.0,,False,1,https://www.infocasas.com.uy/apartamento-a-la-venta-en-masa-inn-1/192562633,https://cdn1.infocasas.com.uy/repo/img/547f820cc5750949e6fe9263ab68b69ff6110978.jpg
192435520,En venta departamento de 3 dormitorios Playa Mansa,960000.0,3.0,4.0,188.0,188.0,Playa Mansa,0,0,,,False,1,https://www.infocasas.com.uy/en-venta-departamento-de-3-dormitorios-playa-mansa/192435520,https://cdn1.infocasas.com.uy/repo/img/176030818_CDV-446-TRA_461.jpg
191987975,Departamento frente al mar en Punta del Este con amenities- Playa Mansa PROP1322,250000.0,2.0,2.0,58.0,58.0,Playa Mansa,-34.9397452,-54.9479564,,,False,1,https://www.infocasas.com.uy/departamento-frente-al-mar-en-punta-del-este-con-amenities-playa-mansa-prop1322/191987975,https://cdn1.infocasas.com.uy/web/67a71b8560ddf_infocdn.jpg
192130043,SENSE Manantiales,760000.0,3.0,3.0,163.0,163.0,Manantiales,0,0,,,False,1,https://www.infocasas.com.uy/sense-manantiales/192130043,https://cdn1.infocasas.com.uy/repo/img/256162_MKT-7013-TRA_61.jpg
192307929,En venta apartamento 1 dormitorio a estrenar en Peninsula Punta del Este,156500.0,1.0,1.0,44.0,48.0,Península,0,0,2024.0,,False,1,https://www.infocasas.com.uy/en-venta-apartamento-1-dormitorio-a-estrenar-en-peninsula-punta-del-este/192307929,https://cdn1.infocasas.com.uy/repo/img/1189_MYT-5173-TRA_570.jpg
192434248,"Alquiler anual apartamento 2 dormitorios con servicios en Roosevelt, Punta del Este",275000.0,2.0,2.0,76.0,96.0,Roosevelt,0,0,2019.0,,False,1,https://www.infocasas.com.uy/alquiler-anual-apartamento-2-dormitorios-con-servicios-en-roosevelt-punta-del-este/192434248,https://cdn1.infocasas.com.uy/repo/img/1189_MYT-2607-TRA_565.jpg
192162746,(BPV-BPV-9709)  Apartamento EN venta 1 DORMITORIO,166500.0,1.0,1.0,69.0,46.0,José Ignacio,-34.83266598772104,-54.63985211681575,2026.0,,False,1,https://www.infocasas.com.uy/bpvbpv9709-apartamento-en-venta-1-dormitorio/192162746,https://cdn1.infocasas.com.uy/repo/img/279_BPV-BPV-9709_486.jpg
192612029,Apartamento sobre Roosevelt Shopping 2 dormitorios 2 baños Venta y Alquiler,310000.0,2.0,2.0,83.0,80.0,Roosevelt,-34.9346143,-54.9243355,,,False,1,https://www.infocasas.com.uy/apartamento-sobre-roosevelt-shopping-2-dormitorios-2-baños-venta-y-alquiler/192612029,https://cdn1.infocasas.com.uy/web/686cbfecc8f3b_infocdn.jpg
192581534,Venta apartamento de 1 dormitorio - Roosevelt,169000.0,1.0,1.0,86.0,86.0,Punta del Este,-34.925771217816425,-54.94947195053101,,,False,1,https://www.infocasas.com.uy/venta-apartamento-de-1-dormitorio-roosevelt/192581534,https://cdn1.infocasas.com.uy/repo/img/251_ATM-AT2-8054_654.jpg
192644064,VENTA DE APARTAMENTO DE 2 DORMITORIOS EN BRAVA A ESTRENAR,290000.0,2.0,2.0,70.0,79.0,Playa Brava,0,0,,,False,1,https://www.infocasas.com.uy/venta-de-apartamento-de-2-dormitorios-en-brava-a-estrenar/192644064,https://cdn1.infocasas.com.uy/repo/img/176050941_SLR-197-TRA_511.jpg
193554864,Frente al mar y laguna en un complejo que lo tiene todo.,765000.0,3.0,4.0,178.0,178.0,Playa Mansa,0,0,2024.0,,False,1,https://www.infocasas.com.uy/frente-al-mar-y-laguna-en-un-complejo-que-lo-tiene-todo/193554864,https://cdn1.infocasas.com.uy/repo/img/261_GII-3644-TRA_20.jpg
191651196,Fendi Chateau unificado venta 4 suites Playa Mansa,4200000.0,4.0,3.0,453.0,348.0,Playa Mansa,-34.9571261,-54.940477,,,False,1,https://www.infocasas.com.uy/fendi-chateau-unificado-venta-4-suites-playa-mansa/191651196,https://cdn1.infocasas.com.uy/web/676fa4018dbcf_infocdn.jpg
191989347,Tiburón Terrazas Oceano - Departamento 4 dormitorios  - Frente al Mar - Amenities - Playa  Brava- Punta del Este,1620000.0,4.0,3.0,342.0,215.0,Playa Brava,-34.9183023291,-54.8752290847,,,False,1,https://www.infocasas.com.uy/tiburon-terrazas-oceano-departamento-4-dormitorios-frente-al-mar-amenities-playa-brava-punta-del-este/191989347,https://cdn1.infocasas.com.uy/web/67a75014be3d8_infocdn.jpg
191756529,Departamento a estrenar con vista a Playa Brava,230000.0,1.0,1.0,43.0,63.0,Aidy Grill,0,0,2026.0,,False,1,https://www.infocasas.com.uy/departamento-a-estrenar-con-vista-a-playa-brava/191756529,https://cdn1.infocasas.com.uy/repo/img/94_CNP-15594-TRA_815.jpg
190931434,Venta Apartamento Playa Brava Punta del Este,245000.0,2.0,2.0,96.0,74.0,Playa Brava,-34.9523464,-54.9324148,,,False,1,https://www.infocasas.com.uy/venta-apartamento-playa-brava-punta-del-este/190931434,https://cdn1.infocasas.com.uy/web/6618620632278_infocdn.jpg
190931472,Venta apartamento 3 Dormitorios Playa Brava,630000.0,3.0,3.0,199.0,131.0,Playa Brava,-34.9441658,-54.9217472,,,False,1,https://www.infocasas.com.uy/venta-apartamento-3-dormitorios-playa-brava/190931472,https://cdn1.infocasas.com.uy/web/66186387dc32a_infocdn.jpg
190928950,Venta Apartamento 3 dormitorios Playa Mansa Punta del Este,260000.0,3.0,2.0,83.0,68.0,Playa Mansa,-34.9368789,-54.9281496,,,False,1,https://www.infocasas.com.uy/venta-apartamento-3-dormitorios-playa-mansa-punta-del-este/190928950,https://cdn1.infocasas.com.uy/web/6617a996e845e_infocdn.jpg
190930835,Venta Apartamento 2 dormitorios 1 baño en Manantiales Punta del Este,240000.0,2.0,1.0,42.0,42.0,Manantiales,-34.904942,-54.8277514,,,False,1,https://www.infocasas.com.uy/venta-apartamento-2-dormitorios-1-baño-en-manantiales-punta-del-este/190930835,https://cdn1.infocasas.com.uy/web/661849cdb2743_infocdn.jpg
190928721,Venta apartamento 3 dormitorios Brava,830000.0,3.0,3.0,199.0,174.0,Playa Brava,-34.9469,-54.92335,,,False,1,https://www.infocasas.com.uy/venta-apartamento-3-dormitorios-brava/190928721,https://cdn1.infocasas.com.uy/web/6617a3eee4294_infocdn.jpg
190928725,Venta apartamento 2 dormitorio Mansa,271000.0,2.0,2.0,70.0,70.0,Playa Mansa,-34.9172057584,-54.9749700296,,,False,1,https://www.infocasas.com.uy/venta-apartamento-2-dormitorio-mansa/190928725,https://cdn1.infocasas.com.uy/web/6617a43387f70_infocdn.jpg
190928759,Venta Apartamento 1 dormitorio Mansa,325000.0,1.0,1.0,90.0,56.0,Playa Mansa,-34.9552596,-54.9363581,,,False,1,https://www.infocasas.com.uy/venta-apartamento-1-dormitorio-mansa/190928759,https://cdn1.infocasas.com.uy/web/6617a577153c3_infocdn.jpg
190928853,venta apartamento 2 dormitorios manantiales,415000.0,2.0,2.0,80.0,60.0,Manantiales,-34.904942,-54.8277514,,,False,1,https://www.infocasas.com.uy/venta-apartamento-2-dormitorios-manantiales/190928853,https://cdn1.infocasas.com.uy/web/6617a7b87ed5c_infocdn.jpg
190977613,"Departamento en Torre de Lujo , 3 dormitorios mas dependencia.",720000.0,3.0,2.0,175.0,175.0,Playa Mansa,-34.7905524,-54.9207695,,,False,1,https://www.infocasas.com.uy/departamento-en-torre-de-lujo-3-dormitorios-mas-dependencia/190977613,https://cdn1.infocasas.com.uy/web/662ac5dc51783_infocdn.jpg
190999905,Departamento en Playa Mansa,950000.0,3.0,3.0,390.0,0.0,Playa Mansa,-34.7905524,-54.9207695,,,False,1,https://www.infocasas.com.uy/departamento-en-playa-mansa/190999905,https://cdn1.infocasas.com.uy/web/664700e94a759_infocdn.jpg
190929035,Venta apartamento Pent House 4 dormitorios más dependencia Punta del Este,890000.0,4.0,3.0,200.0,149.0,Playa Mansa,-34.8608072,-55.0982863,,,False,1,https://www.infocasas.com.uy/venta-apartamento-pent-house-4-dormitorios-mas-dependencia-punta-del-este/190929035,https://cdn1.infocasas.com.uy/web/66485e9fa2dba_infocdn.jpg
190929036,Venta apartamento 3 suites más dependencia Punta del Este,900000.0,3.0,3.0,290.0,222.0,Playa Brava,-34.9458122,-54.9214388,,,False,1,https://www.infocasas.com.uy/venta-apartamento-3-suites-mas-dependencia-punta-del-este/190929036,https://cdn1.infocasas.com.uy/web/6617ae58c02a3_infocdn.jpg
191000608,Departamento en Playa Mansa,750000.0,3.0,3.0,435.0,176.0,Playa Mansa,-34.959578,-54.9398589,,,False,1,https://www.infocasas.com.uy/departamento-en-playa-mansa/191000608,https://cdn1.infocasas.com.uy/web/66477b89cd51a_infocdn.jpg
190929161,Departamento - Playa Brava,465000.0,3.0,3.0,112.0,102.0,Playa Brava,-34.9481201,-54.9285293,,,False,1,https://www.infocasas.com.uy/departamento-playa-brava/190929161,https://cdn1.infocasas.com.uy/web/6617b4e2a9f81_infocdn.jpg
191068038,Punta del Este Venta Departamento Surfside al 1400 TM 4490229,1204670.0,2.0,2.0,208.0,208.0,Rincón del Indio,-34.9192847738,-54.872939158,,,False,1,https://www.infocasas.com.uy/punta-del-este-venta-departamento-surfside-al-1400-tm-4490229/191068038,https://cdn1.infocasas.com.uy/web/68316b3281527_infocdn.jpg
191076561,Apartamento con piscina propia en venta - LAP6204388,1590000.0,4.0,3.0,183.0,183.0,Manantiales,-34.8878991,-54.823307,,,False,1,https://www.infocasas.com.uy/apartamento-con-piscina-propia-en-venta-lap6204388/191076561,https://cdn1.infocasas.com.uy/web/667e682ab0992_infocdn.jpg
191988937,Departamento en alquiler de dos dormitorios con vista al mar- Punta Ballena,295000.0,2.0,2.0,105.0,107.0,Punta Ballena,-34.8889451055,-55.0368958299,,,False,1,https://www.infocasas.com.uy/departamento-en-alquiler-de-dos-dormitorios-con-vista-al-mar-punta-ballena/191988937,https://cdn1.infocasas.com.uy/web/67a73b2b4a13f_infocdn.jpg
191988959,Departamento dos dormitorios con vista al mar   servicios premium- Punta Ballena,460000.0,2.0,2.0,169.0,109.0,Punta Ballena,-34.9080389375,-55.0428213825,,,False,1,https://www.infocasas.com.uy/departamento-dos-dormitorios-con-vista-al-mar-servicios-premium-punta-ballena/191988959,https://cdn1.infocasas.com.uy/web/67a73c094e3af_infocdn.jpg
191988961,Departamento dos dormitorios con vista al mar    servicios premium en Punta Ballena,450500.0,2.0,2.0,167.0,118.0,Punta Ballena,-34.9080389375,-55.0428213825,,,False,1,https://www.infocasas.com.uy/departamento-dos-dormitorios-con-vista-al-mar-servicios-premium-en-punta-ballena/191988961,https://cdn1.infocasas.com.uy/web/67a73c1a4307f_infocdn.jpg
190931003,Venta Apartamento 2 dormitorios parrillero propio Playa Brava Punta del Este,280000.0,2.0,2.0,140.0,0.0,Playa Brava,-34.9528336,-54.9326223,,,False,1,https://www.infocasas.com.uy/venta-apartamento-2-dormitorios-parrillero-propio-playa-brava-punta-del-este/190931003,https://cdn1.infocasas.com.uy/web/66184fbe70f4a_infocdn.jpg
190930902,"Venta Apartamento 3 Dormitorios, Playa Mansa, Punta del Este",510000.0,3.0,3.0,170.0,170.0,Playa Mansa,-34.918002,-54.9765911,,,False,1,https://www.infocasas.com.uy/venta-apartamento-3-dormitorios-playa-mansa-punta-del-este/190930902,https://cdn1.infocasas.com.uy/web/66184c091a41f_infocdn.jpg
190930929,"Venta Apartamento 3 Dormitorios, Peninsula, Punta del Este",400000.0,3.0,3.0,120.0,120.0,Península,-34.9638086,-54.9450521,,,False,1,https://www.infocasas.com.uy/venta-apartamento-3-dormitorios-peninsula-punta-del-este/190930929,https://cdn1.infocasas.com.uy/web/66184d006c99e_infocdn.jpg
190930976,"Venta y alquiler Apartamento 2 Dormitorios, Roosevelt, Punta del Este",335000.0,2.0,2.0,99.0,99.0,Roosevelt,-34.941916,-54.9316869,,,False,1,https://www.infocasas.com.uy/venta-y-alquiler-apartamento-2-dormitorios-roosevelt-punta-del-este/190930976,https://cdn1.infocasas.com.uy/web/66184efb0b066_infocdn.jpg
190931274,Venta Apartamento 3 dormitorios Playa Brava Punta del Este,369000.0,3.0,2.0,122.0,94.0,Playa Brava,-34.9495131,-54.9294495,,,False,1,https://www.infocasas.com.uy/venta-apartamento-3-dormitorios-playa-brava-punta-del-este/190931274,https://cdn1.infocasas.com.uy/web/66185c0bf2796_infocdn.jpg
188868336,"Venta apartamento, 2 dormitorios, Roosevelt Punta del Este",380000.0,2.0,2.0,90.0,90.0,Roosevelt,-34.9330708,-54.9395818,,,False,1,https://www.infocasas.com.uy/venta-apartamento-2-dormitorios-roosevelt-punta-del-este/188868336,https://cdn1.infocasas.com.uy/web/649f557dbbdeb_infocdn.jpg
188598576,1 - Walmer Lagoon  201,388500.0,2.0,2.0,130.0,83.0,Playa Mansa,-34.908625,-55.00564,,,False,1,https://www.infocasas.com.uy/1-walmer-lagoon-201/188598576,https://cdn1.infocasas.com.uy/web/6480966abd3e8_infocdn.jpg
190965629,"Venta Apartamento dos dormitorios Avenida Roosvelt, Punta del Este ",180000.0,2.0,2.0,83.0,71.0,Roosevelt,-34.9364675,-54.9388047,,,False,1,https://www.infocasas.com.uy/venta-apartamento-dos-dormitorios-avenida-roosvelt-punta-del-este-/190965629,https://cdn1.infocasas.com.uy/web/661e9c9600800_infocdn.jpg
188531209,1 - Walmer Lagoon  104,351500.0,2.0,2.0,118.0,81.0,Playa Mansa,-34.908625,-55.00564,,,False,1,https://www.infocasas.com.uy/1-walmer-lagoon-104/188531209,https://cdn1.infocasas.com.uy/web/648095c7c0537_infocdn.jpg
190929140,Departamento - Punta del Este,200000.0,2.0,1.0,55.0,0.0,Punta del Este,-34.9530754,-54.9340841,,,False,1,https://www.infocasas.com.uy/departamento-punta-del-este/190929140,https://cdn1.infocasas.com.uy/web/6617b3e96c6f1_infocdn.jpg
189792296,"Frente al mar y laguna, 4 suites. Garaje doble. Financiación directa.",776743.0,3.0,3.0,170.0,200.0,Pinares,0,0,,,False,1,https://www.infocasas.com.uy/frente-al-mar-y-laguna-4-suites-garaje-doble-financiacion-directa/189792296,https://cdn1.infocasas.com.uy/repo/img/243_NYP-38807-TRA_606.jpg
191000395,Departamento - Playa Brava,830000.0,0.0,3.0,215.0,190.0,Playa Brava,-34.9368789,-54.9281496,,,False,1,https://www.infocasas.com.uy/departamento-playa-brava/191000395,https://cdn1.infocasas.com.uy/web/664770c121b79_infocdn.jpg
193231061,Monoambiente en Edificio Modelo en Punta del Este  - Modelo Península  - Ref : PBI15540,270000.0,0.0,1.0,90.0,90.0,Península,-34.96433290109717,-54.94287414218901,2027.0,,False,8,https://www.infocasas.com.uy/monoambiente-en-edificio-modelo-en-punta-del-este-modelo-peninsula-ref-pbi15540/193231061,https://cdn1.infocasas.com.uy/repo/img/148805_PBI-15540-TRA_278.jpg
192634855,Venta Penthouse de 4 dormitorios en Selenza Residences,1792550.0,4.0,3.0,363.0,230.0,Punta del Este,-34.9056122377,-54.8192567615,2027.0,,False,8,https://www.infocasas.com.uy/venta-penthouse-de-4-dormitorios-en-selenza-residences/192634855,https://cdn1.infocasas.com.uy/web/69a854e2929c2_infocdn.jpg
193231060,"Monoambiente en  Edificio MODELO, el nuevo lanzamiento en la Península - Modelo Península  - Ref : PBI15539",195000.0,0.0,1.0,82.0,135.0,Península,-34.96433290109717,-54.94287414218901,2027.0,,False,8,https://www.infocasas.com.uy/monoambiente-en-edificio-modelo-el-nuevo-lanzamiento-en-la-peninsula-modelo-peninsula-ref-pbi15539/193231060,https://cdn1.infocasas.com.uy/repo/img/148805_PBI-15539-TRA_329.jpg
193391615,"Venta de apartamento de 3 dormitorios en More Atlántico, Punta del Este",299875.0,3.0,2.0,116.0,80.0,Maldonado,0,0,2026.0,,False,8,https://www.infocasas.com.uy/venta-de-apartamento-de-3-dormitorios-en-more-atlantico-punta-del-este/193391615,https://cdn1.infocasas.com.uy/repo/img/117272_P002609_378.jpg
193391390,SLS PUNTA DEL ESTE - 3 DORM ESQUINERO,1296000.0,3.0,3.0,194.0,224.0,Playa Brava,-34.9419769,-54.9238157,2028.0,,False,8,https://www.infocasas.com.uy/sls-punta-del-este-3-dorm-esquinero/193391390,https://cdn1.infocasas.com.uy/repo/img/256162_MKT-7915-TRA_644.jpg
192842081,"Venta de loft en ERRE16, Punta del Este",123159.0,0.0,1.0,38.0,28.0,Barrio Córdoba,-34.9195777,-54.9556193,2026.0,,False,8,https://www.infocasas.com.uy/venta-de-loft-en-erre16-punta-del-este/192842081,https://cdn1.infocasas.com.uy/repo/img/117272_P002288_917.jpg
192832112,"Oportunidad, More Atlantico Torre 2 Unidad 606 con Gran terraza , 2 Dormitorios",260000.0,2.0,1.0,58.0,58.0,Roosevelt,-34.9149039,-54.9610059,,0.0,False,8,https://www.infocasas.com.uy/oportunidad-more-atlantico-torre-2-unidad-606-con-gran-terraza-2-dormitorios/192832112,https://cdn2.infocasas.com.uy/repo/img/68b8c22c5b957_infocdn__msynmee1teqglmaagqv7eb4po8k99ellpsrluarqjpg.jpg
191848535,"Apartamento en venta de 1 dormitorio en Cantegril, en pozo",198800.0,1.0,1.0,58.1,42.9,Maldonado,-34.923548020778114,-54.95319631431082,2026.0,,False,8,https://www.infocasas.com.uy/apartamento-en-venta-de-1-dormitorio-en-cantegril-en-pozo/191848535,https://cdn1.infocasas.com.uy/repo/img/175500891_50772_150.jpg
192842074,"Venta apartamento 2 dormitorios en Niran, Punta Ballena",245000.0,2.0,2.0,114.0,80.0,Punta Ballena,-34.9043875,-55.0323281,2026.0,,False,8,https://www.infocasas.com.uy/venta-apartamento-2-dormitorios-en-niran-punta-ballena/192842074,https://cdn1.infocasas.com.uy/repo/img/117272_P002271_680.jpg
192842079,"Venta de apartamento de 2 dormitorios Mansa Forest, Punta del Este",241000.0,2.0,1.0,79.0,64.0,Barrio Córdoba,-34.9230409,-54.9588911,2026.0,,False,8,https://www.infocasas.com.uy/venta-de-apartamento-de-2-dormitorios-mansa-forest-punta-del-este/192842079,https://cdn1.infocasas.com.uy/repo/img/117272_P002286_514.jpg
193279998,"Apartamentos en Pozo Venta 1, 2 y 3 dorm. Punta del Este.",115000.0,1.0,1.0,42.0,39.0,Punta Shopping,-34.93670448532009,-54.940735438773025,2026.0,,False,8,https://www.infocasas.com.uy/apartamentos-en-pozo-venta-1-2-y-3-dorm-punta-del-este/193279998,https://cdn1.infocasas.com.uy/repo/img/175500891_79844_944.jpg
193178705,"Presentamos Edificio MODELO, el nuevo lanzamiento en la Península, Punta del Este. - Modelo Península  - Ref : PBI15393",310000.0,2.0,1.0,65.0,95.0,Península,-34.96433290109717,-54.94287414218901,2027.0,,False,8,https://www.infocasas.com.uy/presentamos-edificio-modelo-el-nuevo-lanzamiento-en-la-peninsula-punta-del-este-modelo-peninsula-ref-pbi15393/193178705,https://cdn1.infocasas.com.uy/repo/img/148805_PBI-15393-TRA_267.jpg
189646857,"Apartamento 2 Dormitorios en Torres Cardinal - Maldonado, Punta del Este ¡VENTA EN POZO!",180500.0,2.0,1.0,75.0,63.0,Punta del Este,-34.9133641,-54.9599591,2026.0,,False,8,https://www.infocasas.com.uy/apartamento-2-dormitorios-en-torres-cardinal-maldonado-punta-del-este-¡venta-en-pozo/189646857,https://cdn1.infocasas.com.uy/web/66bb09c8d70d9_infocdn.jpg
190876124,"Venta apartamento 2 dormitorios en Diamond, Punta del Este",225000.0,2.0,2.0,85.0,81.0,Barrio Córdoba,-34.9386441,-54.9354393,2026.0,,False,8,https://www.infocasas.com.uy/venta-apartamento-2-dormitorios-en-diamond-punta-del-este/190876124,https://cdn1.infocasas.com.uy/repo/img/117272_P001367-A_920.jpg
193330764,"Apartamento esquinero de 2 dormitorios en Baleia, Lomo de la Ballena, Punta Ballena - Baleia - Ref : PBI14163",445000.0,2.0,3.0,176.0,176.0,Punta Ballena,-34.90131847925213,-55.03988598546393,2026.0,,False,8,https://www.infocasas.com.uy/apartamento-esquinero-de-2-dormitorios-en-baleia-lomo-de-la-ballena-punta-ballena-baleia-ref-pbi14163/193330764,https://cdn1.infocasas.com.uy/repo/img/148805_PBI-14163-TRA_857.jpg
193253113,"Venta departamento 3 dormitorios, See Bosque, Punta del Este",205000.0,3.0,2.0,96.0,67.0,Maldonado,-34.9176736,-54.9575508,2026.0,,False,8,https://www.infocasas.com.uy/venta-departamento-3-dormitorios-see-bosque-punta-del-este/193253113,https://cdn1.infocasas.com.uy/repo/img/117272_P002561_654.jpg
190320163,"Apartamento en venta de 3 dormitorios en Miami boulevard, Punta del Este.",689000.0,3.0,4.0,162.0,182.0,Playa Mansa,0,0,2021.0,,False,8,https://www.infocasas.com.uy/apartamento-en-venta-de-3-dormitorios-en-miami-boulevard-punta-del-este/190320163,https://cdn1.infocasas.com.uy/repo/img/599524_PAR-6486-TRA_971.jpg
193574479,"Apartamento 2 Dormitorios con garaje en Piriápolis, Maldonado a metros de la playa",188500.0,2.0,2.0,66.0,63.0,Piriápolis,-34.8600701,-55.2827792,2027.0,,False,8,https://www.infocasas.com.uy/apartamento-2-dormitorios-con-garaje-en-piriapolis-maldonado-a-metros-de-la-playa/193574479,https://cdn1.infocasas.com.uy/web/69c7824a6a3de_infocdn.jpg
193450489,Apartamento en venta en Playa Brava,324000.0,3.0,2.0,108.0,108.0,Playa Brava,-34.92057071354423,-54.88126105136177,2026.0,,False,8,https://www.infocasas.com.uy/apartamento-en-venta-en-playa-brava/193450489,https://cdn1.infocasas.com.uy/repo/img/53_83319_188.jpg
192909350,"Venta apartamento 2 dormitorios en Eve Tower, Punta del Este",314676.0,2.0,2.0,81.0,63.0,Barrio Córdoba,-34.9466713,-54.9263674,2026.0,,False,8,https://www.infocasas.com.uy/venta-apartamento-2-dormitorios-en-eve-tower-punta-del-este/192909350,https://cdn1.infocasas.com.uy/repo/img/117272_P002358_449.jpg
193553968,"More Atlantico Torre 3 Punta Del Este | Apartamentos En Pozo 1, 2 Y 3 Dormitorios",188231.0,2.0,1.0,65.17,65.17,Roosevelt,-34.917701,-54.9576475,,,True,8,https://www.infocasas.com.uy/more-atlantico-torre-3-punta-del-este-apartamentos-en-pozo-1-2-y-3-dormitorios/193553968,https://cdn2.infocasas.com.uy/repo/img/69c19170587ef_infocdn__vdy8h9zacwkud0lz5ngfjnonowk9hljjleweccrdjpg.jpg
193538896,Departamento en venta con 3 suites con parrillero propio en San Rafael,540000.0,3.0,3.0,113.0,297.0,San Rafael,0,0,2027.0,,False,8,https://www.infocasas.com.uy/departamento-en-venta-con-3-suites-con-parrillero-propio-en-san-rafael/193538896,https://cdn1.infocasas.com.uy/repo/img/94_CNP-17442-TRA_628.jpg
193382491,Apartamento de tres dormitorios en venta en Punta del Este - 501,329012.0,3.0,2.0,103.0,84.0,Punta del Este,-34.9321142,-54.9419636,2027.0,,False,8,https://www.infocasas.com.uy/apartamento-de-tres-dormitorios-en-venta-en-punta-del-este-501/193382491,https://cdn1.infocasas.com.uy/web/698c2a181d183_infocdn.jpg
193382539,Apartamento  de dos dormitorios en venta en  Playa Mansa - 405,255119.0,2.0,2.0,73.0,53.0,Playa Mansa,-34.9265201,-54.95908,2027.0,,False,8,https://www.infocasas.com.uy/apartamento-de-dos-dormitorios-en-venta-en-playa-mansa-405/193382539,https://cdn1.infocasas.com.uy/web/698c2c96c8791_infocdn.jpg
193718262,"Apartamento de 1 Dormitorio en Venta, Punta del Este AP7895022 - 409",129634.0,1.0,1.0,54.0,43.0,Punta del Este,-34.9187345183,-54.9554346498,2027.0,,False,8,https://www.infocasas.com.uy/apartamento-de-1-dormitorio-en-venta-punta-del-este-ap7895022-409/193718262,https://cdn1.infocasas.com.uy/web/69fc4307c4a49_infocdn.jpg
193718276,"Apartamento de 3 Dormitorio en Venta, Punta del Este -  AP7895996 - 1702",200831.0,3.0,2.0,93.0,77.0,Punta del Este,-34.9187345183,-54.9554346498,2027.0,,False,8,https://www.infocasas.com.uy/apartamento-de-3-dormitorio-en-venta-punta-del-este-ap7895996-1702/193718276,https://cdn1.infocasas.com.uy/web/69fc43310257c_infocdn.jpg
193417523,"Apartamento de 1 Dormitorio en Venta, Playa Mansa, Punta del Este  AP7792034 - 117",154000.0,1.0,1.0,50.0,44.0,Playa Mansa,-34.9120115935,-54.9866376932,2027.0,,False,8,https://www.infocasas.com.uy/apartamento-de-1-dormitorio-en-venta-playa-mansa-punta-del-este-ap7792034-117/193417523,https://cdn1.infocasas.com.uy/web/699858a88a466_infocdn.jpg
193582037,Departamento de 2 dormitorios en venta en San Rafael con parrillero propio,326000.0,2.0,2.0,87.0,100.0,San Rafael,0,0,2027.0,,False,8,https://www.infocasas.com.uy/departamento-de-2-dormitorios-en-venta-en-san-rafael-con-parrillero-propio/193582037,https://cdn1.infocasas.com.uy/repo/img/94_CNP-17511-TRA_193.jpg
192966401,"Venta apartamento 2 dormitorios y 2 baños en SLS, Punta del Este",734000.0,2.0,2.0,159.0,108.0,Barrio Córdoba,-34.9419769,-54.9238157,2026.0,,False,8,https://www.infocasas.com.uy/venta-apartamento-2-dormitorios-y-2-baños-en-sls-punta-del-este/192966401,https://cdn1.infocasas.com.uy/repo/img/117272_P002389_603.jpg
192969596,Departamento - Playa Mansa,1041676.0,3.0,3.0,189.0,144.0,Playa Mansa,-34.9295433062,-54.9592533009,2027.0,,False,8,https://www.infocasas.com.uy/departamento-playa-mansa/192969596,https://cdn1.infocasas.com.uy/web/68e8bb70edecc_infocdn.jpg
192863421,VENTA APARTAMENTO EN CONSTRUCCION ED. OCEAN COUNTRY PUNTA DEL ESTE,175000.0,1.0,1.0,52.0,41.0,Roosevelt,-34.932528,-54.9562356,2027.0,,False,8,https://www.infocasas.com.uy/venta-apartamento-en-construccion-ed-ocean-country-punta-del-este/192863421,https://cdn1.infocasas.com.uy/web/68c3d732c44fa_infocdn.jpg
191790537,Venta Apartamento 1 Dormitorio - Grutas De La Ballena ,135000.0,1.0,1.0,32.0,32.0,Playa las Grutas,-34.9073529,-55.0405318,2024.0,,True,8,https://www.infocasas.com.uy/venta-apartamento-1-dormitorio-grutas-de-la-ballena-/191790537,https://cdn1.infocasas.com.uy/repo/img/ef9654285e9b7e8cbdf3b483bd883d0c8512d383.jpg
191923332,Apto de dos dormitorios ,240000.0,3.0,1.0,74.0,59.0,Roosevelt,-34.9198534,-54.9552046,2027.0,,False,8,https://www.infocasas.com.uy/apto-de-dos-dormitorios-/191923332,https://cdn1.infocasas.com.uy/web/6795db4a00b1b_infocdn.jpg
192635348,Departamento en venta 3 suites y servicio Trump Tower,1500000.0,3.0,3.0,310.0,226.0,Playa Brava,-34.9459303486,-54.922413826,2027.0,,False,8,https://www.infocasas.com.uy/departamento-en-venta-3-suites-y-servicio-trump-tower/192635348,https://cdn1.infocasas.com.uy/web/6874dd215f525_infocdn.jpg
192847879,Playa Brava Punta Del Este,229500.0,2.0,1.0,90.0,0.0,Rincón del Indio,0,0,,,False,8,https://www.infocasas.com.uy/playa-brava-punta-del-este/192847879,https://cdn1.infocasas.com.uy/repo/img/15377_KBR-354-TRA_821.jpg
192847870,Precios De Lanzamiento En Punta,111900.0,0.0,1.0,35.0,0.0,Península,0,0,,,False,8,https://www.infocasas.com.uy/precios-de-lanzamiento-en-punta/192847870,https://cdn1.infocasas.com.uy/repo/img/15377_KBR-336-TRA_477.jpg
193422291,"Apartamento de 1 Dormitorio en Venta, Playa Mansa, Punta del Este AP7798941",151880.0,1.0,1.0,41.0,36.0,Playa Mansa,-34.9221057,-54.9522844,2027.0,,False,8,https://www.infocasas.com.uy/apartamento-de-1-dormitorio-en-venta-playa-mansa-punta-del-este-ap7798941/193422291,https://cdn1.infocasas.com.uy/web/6999a604dcee0_infocdn.jpg
191708804,"Apartamento en venta en Maldonado, 2 dormitorios",125000.0,2.0,1.0,51.0,91.0,Maldonado,0,0,,,False,8,https://www.infocasas.com.uy/apartamento-en-venta-en-maldonado-2-dormitorios/191708804,https://cdn1.infocasas.com.uy/repo/img/59163_COL-8337-TRA_566.jpg
9057,Venetian Luxury Residences,600000.0,2.0,3.0,124.0,124.0,Punta del Este,-34.9632342,-54.9439981,,,True,8,https://www.infocasas.com.uy/proyectos/venetian-luxury-residences/9057,https://cdn1.infocasas.com.uy/repo/img/f8ac80b7ec92ca8923d51f0a1ef7f6c9c7a8f1de.jpg
191000202,Departamento en Aidy Grill,650000.0,3.0,3.0,221.0,0.0,Aidy Grill,-34.9477338651,-54.9281602426,2027.0,,False,8,https://www.infocasas.com.uy/departamento-en-aidy-grill/191000202,https://cdn1.infocasas.com.uy/web/66476621978d4_infocdn.jpg
190926219,Apartamento de 1 dormitorio en exclusiva pre venta en Punta del Este - Playa Mansa,185500.0,1.0,1.0,61.0,45.0,Playa Mansa,-34.950221,-54.9384593,2027.0,,False,8,https://www.infocasas.com.uy/apartamento-de-1-dormitorio-en-exclusiva-pre-venta-en-punta-del-este-playa-mansa/190926219,https://cdn1.infocasas.com.uy/web/6601fa00e728b_infocdn.jpg
191739626,"Venta de apartamento 1 dormitorio con garage , Punta Ballena Maldonado, Excelente ubicación",166320.0,1.0,1.0,46.0,28.0,Punta Ballena,-34.907887377,-55.0377256789,2027.0,,False,8,https://www.infocasas.com.uy/venta-de-apartamento-1-dormitorio-con-garage-punta-ballena-maldonado-excelente-ubicacion/191739626,https://cdn1.infocasas.com.uy/web/674997d410e0b_infocdn.jpg
289771,Excelente duplex en pisos 26 y 27 en Playa Brava de Punta del Este.,1300000.0,3.0,3.0,389.0,202.0,Playa Brava,-34.9450003361,-54.9205171585,2027.0,,True,8,https://www.infocasas.com.uy/excelente-duplex-en-pisos-26-y-27-en-playa-brava-de-punta-del-este/289771,https://cdn1.infocasas.com.uy/repo/img/762682ebaf31dbab0868424b28e4c8cba2adcdf9.jpg#HASTH
15057,Genova,130000.0,1.0,1.0,35.0,35.0,Punta del Este,-34.951101264162865,-54.93532757417581,,,True,8,https://www.infocasas.com.uy/proyectos/genova/15057,https://cdn1.infocasas.com.uy/repo/img/7ede71b8678d2a8a15873642bf79e1454a67ceb0.jpg
193753074,"Apartamento en pozo en venta de 1 dormitorio Punta del Este Roosevelt, vivienda promovida, financiación durante obra",136733.0,1.0,1.0,45.0,37.5,Maldonado,-34.91819167240244,-54.95840208464028,2026.0,,False,8,https://www.infocasas.com.uy/apartamento-en-pozo-en-venta-de-1-dormitorio-punta-del-este-roosevelt-vivienda-promovida-financiacion-durante-obra/193753074,https://cdn1.infocasas.com.uy/repo/img/173628908_90033_854.jpg
193753605,"Apartamento en venta de 2 dormitorios, Aidy Grill, Punta del Este.",240000.0,2.0,2.0,73.0,80.0,Playa Mansa,0,0,2025.0,,False,8,https://www.infocasas.com.uy/apartamento-en-venta-de-2-dormitorios-aidy-grill-punta-del-este/193753605,https://cdn1.infocasas.com.uy/repo/img/132785_RSP-17529-TRA_402.jpg
190389951,Departamento en venta 2 dormitorios Trump Tower Playa Brava,780000.0,2.0,2.0,162.0,162.0,Playa Brava,-34.9459303486,-54.922413826,2027.0,,False,8,https://www.infocasas.com.uy/departamento-en-venta-2-dormitorios-trump-tower-playa-brava/190389951,https://cdn1.infocasas.com.uy/web/661860206bcb3_infocdn.jpg
193439478,"Monoambiente en Venta en Playa Mansa, Punta del Este AP7810452 - 503",124070.0,0.0,1.0,48.0,33.0,Playa Mansa,-34.9481018004,-54.9395273741,2027.0,,False,8,https://www.infocasas.com.uy/monoambiente-en-venta-en-playa-mansa-punta-del-este-ap7810452-503/193439478,https://cdn1.infocasas.com.uy/web/69a03d345e0b6_infocdn.jpg
193435115,"Apartamento de 1 Dormitorio en Venta, Punta del este, Maldonado AP7807389",184660.0,1.0,1.0,61.0,42.0,Punta del Este,-34.9149039,-54.9610059,2027.0,,False,8,https://www.infocasas.com.uy/apartamento-de-1-dormitorio-en-venta-punta-del-este-maldonado-ap7807389/193435115,https://cdn1.infocasas.com.uy/web/699eebd85250c_infocdn.jpg
193656560,Apartamento de tres dormitorios y servicio en venta en Playa Mansa - 312,686698.0,3.0,3.0,151.0,137.0,Playa Mansa,-34.918002,-54.9765911,2027.0,,False,8,https://www.infocasas.com.uy/apartamento-de-tres-dormitorios-y-servicio-en-venta-en-playa-mansa-312/193656560,https://cdn1.infocasas.com.uy/web/69e7271266961_infocdn.jpg
193361305,Venta de apartamento de 1 dormitorio en Nostrum Roosevelt,113875.0,1.0,1.0,50.0,40.0,Maldonado,-34.9188679,-54.956274,2026.0,,False,8,https://www.infocasas.com.uy/venta-de-apartamento-de-1-dormitorio-en-nostrum-roosevelt/193361305,https://cdn1.infocasas.com.uy/repo/img/117272_P002599_317.jpg
193574583,Manglar Brava,300700.0,2.0,2.0,87.0,95.0,Playa Brava,0,0,2026.0,,False,8,https://www.infocasas.com.uy/manglar-brava/193574583,https://cdn1.infocasas.com.uy/repo/img/243_NYP-41032-TRA_486.jpg
193382477,Apartamento de un dormitorio en venta en Punta del Este,126921.0,1.0,1.0,40.0,35.0,Punta del Este,-34.9321142,-54.9419636,2027.0,,False,8,https://www.infocasas.com.uy/apartamento-de-un-dormitorio-en-venta-en-punta-del-este/193382477,https://cdn1.infocasas.com.uy/web/698c29922fd87_infocdn.jpg
193377958,Baleia - Nuevo desarrollo en Punta Ballena con vistas al mar,220000.0,1.0,1.0,55.0,90.0,Punta Ballena,0,0,2026.0,,False,8,https://www.infocasas.com.uy/baleia-nuevo-desarrollo-en-punta-ballena-con-vistas-al-mar/193377958,https://cdn1.infocasas.com.uy/repo/img/59163_COL-10498-TRA_288.jpg
192919016,Departamento en venta 2 dormitorios - Las Grutas,265000.0,2.0,1.0,71.0,50.0,Punta Ballena,-34.910826,-55.0429238,2026.0,,False,8,https://www.infocasas.com.uy/departamento-en-venta-2-dormitorios-las-grutas/192919016,https://cdn1.infocasas.com.uy/web/68d65acb3f53c_infocdn.jpg
191000245,Departamento en Península,245000.0,2.0,2.0,42.0,0.0,Península,-34.6277617,-54.9611836,2027.0,,False,8,https://www.infocasas.com.uy/departamento-en-peninsula/191000245,https://cdn1.infocasas.com.uy/web/664768e156352_infocdn.jpg
190862533,Departamento en venta Sophia  - Playa Mansa,310000.0,2.0,2.0,108.0,68.0,Playa Mansa,-34.9476716,-54.9409908,2027.0,,False,8,https://www.infocasas.com.uy/departamento-en-venta-sophia-playa-mansa/190862533,https://cdn1.infocasas.com.uy/web/6619136a05942_infocdn.jpg
193753084,"Apartamento en pozo en venta de 1 dormitorio Punta del Este Roosevelt, vivienda promovida, financiación durante obra",168490.0,2.0,1.0,45.0,37.5,Maldonado,-34.91914627417078,-54.95839895559477,2026.0,,False,8,https://www.infocasas.com.uy/apartamento-en-pozo-en-venta-de-1-dormitorio-punta-del-este-roosevelt-vivienda-promovida-financiacion-durante-obra/193753084,https://cdn1.infocasas.com.uy/repo/img/173628908_90170_321.jpg
192764790,Punta Ballena,285000.0,3.0,3.0,103.0,103.0,Playa las Grutas,-34.9030384,-55.0424472,2026.0,,False,8,https://www.infocasas.com.uy/punta-ballena/192764790,https://cdn1.infocasas.com.uy/repo/img/15377_KBR-566-TRA_678.jpg
192676381,"Apartamento de 2 Dormitorios en Venta, Punta del este, Maldonado AP7122410",271562.0,2.0,1.0,56.0,56.0,Punta del Este,-34.9149039,-54.9610059,2027.0,,False,8,https://www.infocasas.com.uy/apartamento-de-2-dormitorios-en-venta-punta-del-este-maldonado-ap7122410/192676381,https://cdn1.infocasas.com.uy/web/6882462569ea2_infocdn.jpg
193470496,"Apartamento de 2  Dormitorios en Venta, Playa Brava, Punta del Este AP7817548 - 302",240000.0,2.0,2.0,75.0,64.0,Playa Brava,-34.9193414692,-54.8817025,2027.0,,False,8,https://www.infocasas.com.uy/apartamento-de-2-dormitorios-en-venta-playa-brava-punta-del-este-ap7817548-302/193470496,https://cdn1.infocasas.com.uy/web/69aac951cbc60_infocdn.jpg
193576239,Departamento en venta con 2 suites en San Rafael,348000.0,2.0,2.0,91.0,176.0,San Rafael,0,0,2027.0,,False,8,https://www.infocasas.com.uy/departamento-en-venta-con-2-suites-en-san-rafael/193576239,https://cdn1.infocasas.com.uy/repo/img/94_CNP-17507-TRA_829.jpg
192969522,Departamento en Playa Mansa,1100000.0,3.0,3.0,259.0,217.0,Playa Mansa,-34.6277617,-54.9611836,2027.0,,False,8,https://www.infocasas.com.uy/departamento-en-playa-mansa/192969522,https://cdn1.infocasas.com.uy/web/68e8b3fe12d03_infocdn.jpg
193718270,"Apartamento de 1 Dormitorio en Venta, Punta del Este AP7895897 - 401",128269.0,1.0,1.0,54.0,43.0,Punta del Este,-34.9187345183,-54.9554346498,2027.0,,False,8,https://www.infocasas.com.uy/apartamento-de-1-dormitorio-en-venta-punta-del-este-ap7895897-401/193718270,https://cdn1.infocasas.com.uy/web/69fc431f21536_infocdn.jpg
193416978,"Monoambiente en Venta, Punta del este, Maldonado AP7638618",133840.0,0.0,1.0,47.0,32.0,Punta del Este,-34.9149039,-54.9610059,2027.0,,False,8,https://www.infocasas.com.uy/monoambiente-en-venta-punta-del-este-maldonado-ap7638618/193416978,https://cdn1.infocasas.com.uy/web/6998519b72ef6_infocdn.jpg
193427753,Green Life,159640.0,1.0,1.0,49.0,49.0,Punta del Este,0,0,,,True,8,https://www.infocasas.com.uy/green-life/193427753,https://cdn1.infocasas.com.uy/repo/img/1b5840128f07da5ca85edac7eb18e196919fc6d5.jpg
193361290,Venta de apartamento de 1 dormitorio en Altos de San Rafael,185000.0,1.0,2.0,60.0,41.0,Barrio Córdoba,-34.9399638,-54.9129734,2026.0,,False,8,https://www.infocasas.com.uy/venta-de-apartamento-de-1-dormitorio-en-altos-de-san-rafael/193361290,https://cdn1.infocasas.com.uy/repo/img/117272_P001505_318.jpg
193377578,Departamento de dos dormitorios en venta,264900.0,2.0,2.0,61.0,104.0,La Barra,0,0,2027.0,,False,8,https://www.infocasas.com.uy/departamento-de-dos-dormitorios-en-venta/193377578,https://cdn1.infocasas.com.uy/repo/img/94_CNP-16710-TRA_616.jpg
192635166,"Departamento en  venta de 2 dormitorios, Punta del Este",272950.0,2.0,2.0,113.0,98.0,Roosevelt,-34.9360588,-54.9378104,2027.0,,False,8,https://www.infocasas.com.uy/departamento-en-venta-de-2-dormitorios-punta-del-este/192635166,https://cdn1.infocasas.com.uy/web/6874d3fc3b024_infocdn.jpg
191752308,Departamento en venta SLS Punta del Este Playa Brava Punta del Este,1717000.0,3.0,2.0,223.0,142.0,Playa Brava,-34.94316963,-54.922407704,2027.0,,False,8,https://www.infocasas.com.uy/departamento-en-venta-sls-punta-del-este-playa-brava-punta-del-este/191752308,https://cdn1.infocasas.com.uy/web/674ec0a8b30df_infocdn.jpg
192694025,Apartamento Penthouse en venta 3 dormitorios 3 baños en la Playa Mansa,870000.0,3.0,3.0,117.95,64.9,Playa Mansa,-34.910149221028576,-55.02123056188511,2026.0,,False,8,https://www.infocasas.com.uy/apartamento-penthouse-en-venta-3-dormitorios-3-baños-en-la-playa-mansa/192694025,https://cdn1.infocasas.com.uy/repo/img/175500891_65614_690.jpg
193530295,"Apartamento de 3 Dormitorios en Venta en Playa Mansa, Punta del Este AAP7870415 - 502",459600.0,3.0,3.0,136.0,116.0,Playa Mansa,-34.9482073298,-54.9395568784,2027.0,,False,8,https://www.infocasas.com.uy/apartamento-de-3-dormitorios-en-venta-en-playa-mansa-punta-del-este-aap7870415-502/193530295,https://cdn1.infocasas.com.uy/web/69ba9b3ceeb39_infocdn.jpg
193490102,"Venta apartamento 2 dormitorios, Roosevelt - Punta del Este",212536.0,2.0,2.0,69.0,83.0,Roosevelt,-34.92642216022578,-54.94925146301268,2028.0,,False,8,https://www.infocasas.com.uy/venta-apartamento-2-dormitorios-roosevelt-punta-del-este/193490102,https://cdn1.infocasas.com.uy/repo/img/694874_DMC-16568-TRA_317.jpg
193576270,Departamento en venta con 2 suites con parrillero propio en San Rafael,383000.0,2.0,2.0,88.0,178.0,San Rafael,0,0,2027.0,,False,8,https://www.infocasas.com.uy/departamento-en-venta-con-2-suites-con-parrillero-propio-en-san-rafael/193576270,https://cdn1.infocasas.com.uy/repo/img/94_CNP-17443-TRA_266.jpg
193122021,Apartamento de dos dormitorios en venta en Rincón del Indio - 203,233398.0,2.0,2.0,65.0,56.0,Rincón del Indio,-34.9249487,-54.8896869,2027.0,,False,8,https://www.infocasas.com.uy/apartamento-de-dos-dormitorios-en-venta-en-rincon-del-indio-203/193122021,https://cdn1.infocasas.com.uy/web/6920128d93a3f_infocdn.jpg
193718280,"Apartamento de 2 Dormitorio en Venta, Punta del Este - AP7896084 - 302",149960.0,2.0,1.0,69.0,57.0,Punta del Este,-34.9187345183,-54.9554346498,2027.0,,False,8,https://www.infocasas.com.uy/apartamento-de-2-dormitorio-en-venta-punta-del-este-ap7896084-302/193718280,https://cdn1.infocasas.com.uy/web/69fc433d01628_infocdn.jpg
193718259,"Apartamento de 1 Dormitorio en Venta, Punta del Este AP7894905   - 205",115375.0,1.0,1.0,54.0,43.0,Punta del Este,-34.9187345183,-54.9554346498,2027.0,,False,8,https://www.infocasas.com.uy/apartamento-de-1-dormitorio-en-venta-punta-del-este-ap7894905-205/193718259,https://cdn1.infocasas.com.uy/web/69fc42fddedb2_infocdn.jpg
193718261,"Apartamento de 1 Dormitorio en Venta, Punta del Este AP7894940 - 109",115175.0,1.0,1.0,54.0,43.0,Punta del Este,-34.9187345183,-54.9554346498,2027.0,,False,8,https://www.infocasas.com.uy/apartamento-de-1-dormitorio-en-venta-punta-del-este-ap7894940-109/193718261,https://cdn1.infocasas.com.uy/web/69fc43045059c_infocdn.jpg
193718267,"Apartamento de 3 Dormitorios en Venta, Punta del Este  AP7895301- 2003",212770.0,3.0,2.0,93.0,77.0,Punta del Este,-34.9187345183,-54.9554346498,2027.0,,False,8,https://www.infocasas.com.uy/apartamento-de-3-dormitorios-en-venta-punta-del-este-ap7895301-2003/193718267,https://cdn1.infocasas.com.uy/web/69fc431683a6b_infocdn.jpg
193759582,SEA GARDEN TORRE II 1 DORM VISTA AL MAR,215000.0,1.0,1.0,52.0,0.0,Roosevelt,0,0,2025.0,,False,8,https://www.infocasas.com.uy/sea-garden-torre-ii-1-dorm-vista-al-mar/193759582,https://cdn1.infocasas.com.uy/repo/img/173608395_ASR-4817-TRA_857.jpg
193619810,SEA GARDEN TORRE II 1 DORM VISTA AL MAR,215000.0,1.0,1.0,52.0,0.0,Roosevelt,-34.9196174,-54.95557580000001,2025.0,,False,8,https://www.infocasas.com.uy/sea-garden-torre-ii-1-dorm-vista-al-mar/193619810,https://cdn1.infocasas.com.uy/repo/img/256162_MKT-6738-TRA_281.jpg
193280435,Surfhouse ,124000.0,1.0,1.0,38.0,38.0,La Barra,-34.9154695,-54.853907,,,True,8,https://www.infocasas.com.uy/surfhouse-/193280435,https://cdn1.infocasas.com.uy/repo/img/d4f4a16fa62d6556ce677e3b5f86ef6813e1cf6f.jpeg
193355598,A metros de Playa Brava,290000.0,2.0,2.0,68.0,85.0,Playa Brava,0,0,,,False,8,https://www.infocasas.com.uy/a-metros-de-playa-brava/193355598,https://cdn1.infocasas.com.uy/repo/img/94_CNP-9904-TRA_354.jpg
192641912,Apartamento de 2 dormitorios en venta en Maldonado.,117000.0,2.0,1.0,52.0,67.0,Maldonado,0,0,,,False,8,https://www.infocasas.com.uy/apartamento-de-2-dormitorios-en-venta-en-maldonado/192641912,https://cdn1.infocasas.com.uy/repo/img/173012432_NDM-26710-TRA_284.jpg
192123478,Apartamento 2 dormitorios en venta a estrenar,253505.0,2.0,1.0,85.0,0.0,Playa Mansa,-34.9310973,-54.8973056,2026.0,,False,8,https://www.infocasas.com.uy/apartamento-2-dormitorios-en-venta-a-estrenar/192123478,https://cdn1.infocasas.com.uy/repo/img/173903975_KCP-21095482-TRA_172.jpg
191756824,"Departamento en venta 3 dormitorios, Aidy Grill Playa Brava - Punta del Este",469777.0,3.0,3.0,151.0,122.0,Aidy Grill,-34.9454406,-54.9310486,2026.0,,False,8,https://www.infocasas.com.uy/departamento-en-venta-3-dormitorios-aidy-grill-playa-brava-punta-del-este/191756824,https://cdn1.infocasas.com.uy/web/67500f848e903_infocdn.jpg
191760958,"Departamento en venta de 3 dormitorios en Aidy Grill Playa Brava, Punta del Este",479172.0,3.0,3.0,151.0,122.0,Aidy Grill,-34.9454406,-54.9310486,2027.0,,False,8,https://www.infocasas.com.uy/departamento-en-venta-de-3-dormitorios-en-aidy-grill-playa-brava-punta-del-este/191760958,https://cdn1.infocasas.com.uy/web/6751629a3e239_infocdn.jpg
191760875,Departamento en  Punta del Este,166929.0,1.0,1.0,56.0,44.0,Rincón del Indio,-34.9219063,-54.8937531,2026.0,,False,8,https://www.infocasas.com.uy/departamento-en-punta-del-este/191760875,https://cdn1.infocasas.com.uy/web/67515afb0a2c1_infocdn.jpg
189728392,A estrenar 2022.,153000.0,1.0,1.0,41.0,55.0,Playa Mansa,0,0,2023.0,,False,8,https://www.infocasas.com.uy/a-estrenar-2022/189728392,https://cdn1.infocasas.com.uy/repo/img/243_NYP-38755-TRA_476.jpg
190429437,"Venta Trump Tower, Playa Brava",1149704.0,1.0,2.0,209.0,209.0,Playa Brava,-34.9459303486,-54.922413826,2027.0,,False,8,https://www.infocasas.com.uy/venta-trump-tower-playa-brava/190429437,https://cdn1.infocasas.com.uy/web/661861a51b3d5_infocdn.jpg
190932918,Apartamento - Playa Brava,260000.0,2.0,3.0,78.0,73.0,Playa Brava,-34.9519079,-54.9316481,2026.0,,False,8,https://www.infocasas.com.uy/apartamento-playa-brava/190932918,https://cdn1.infocasas.com.uy/web/660ab3b0e936c_infocdn.jpg
192689076,"Apartamento en venta 2 dormitorios 2 baños en la Playa Mansa, inversión",470500.0,2.0,2.0,117.95,64.9,Playa Mansa,-34.911162689110995,-55.02135172524732,2026.0,,False,8,https://www.infocasas.com.uy/apartamento-en-venta-2-dormitorios-2-baños-en-la-playa-mansa-inversion/192689076,https://cdn1.infocasas.com.uy/repo/img/175500891_65336_180.jpg
193285734,Departamento Pent-house 3 dormitorios en venta,1740000.0,3.0,3.0,147.0,333.0,Manantiales,0,0,2025.0,,False,8,https://www.infocasas.com.uy/departamento-penthouse-3-dormitorios-en-venta/193285734,https://cdn1.infocasas.com.uy/repo/img/94_CNP-17078-TRA_735.jpg
193637646,Apartamento en venta a pasos del mar,219000.0,1.0,1.0,50.0,61.0,Playa Brava,0,0,2028.0,,False,8,https://www.infocasas.com.uy/apartamento-en-venta-a-pasos-del-mar/193637646,https://cdn1.infocasas.com.uy/repo/img/243_NYP-41092-TRA_871.jpg
193707891,Departamento 4 dormitorios en venta,2500000.0,4.0,4.0,234.0,468.0,Manantiales,0,0,2025.0,,False,8,https://www.infocasas.com.uy/departamento-4-dormitorios-en-venta/193707891,https://cdn1.infocasas.com.uy/repo/img/94_CNP-14233-TRA_520.jpg
193718260,"Apartamento de 1 Dormitorio en Venta, Punta del Este AP7894907   - 405",128269.0,1.0,1.0,54.0,43.0,Punta del Este,-34.9187345183,-54.9554346498,2027.0,,False,8,https://www.infocasas.com.uy/apartamento-de-1-dormitorio-en-venta-punta-del-este-ap7894907-405/193718260,https://cdn1.infocasas.com.uy/web/69fc43013eba3_infocdn.jpg
193317539,Exclusivo departamento en Manantiales con jardin propio,765000.0,2.0,2.0,121.0,275.0,Manantiales,0,0,2025.0,,False,8,https://www.infocasas.com.uy/exclusivo-departamento-en-manantiales-con-jardin-propio/193317539,https://cdn1.infocasas.com.uy/repo/img/94_CNP-17109-TRA_369.jpg
193352641,Venta de Apartamento 3 Dormitorios - Torres del Este - Punta del Este,450000.0,3.0,2.0,99.0,131.0,Playa Mansa,0,0,2025.0,,False,8,https://www.infocasas.com.uy/venta-de-apartamento-3-dormitorios-torres-del-este-punta-del-este/193352641,https://cdn1.infocasas.com.uy/repo/img/173012432_NDM-28677-TRA_892.jpg
193218822,Departamento en La Barra,341900.0,3.0,3.0,103.0,103.0,La Barra,-34.9154695,-54.853907,2027.0,,False,8,https://www.infocasas.com.uy/departamento-en-la-barra/193218822,https://cdn1.infocasas.com.uy/web/6944fef8a427b_infocdn.jpg
192524906,Oportunidad de inversion Torre mansa,295000.0,2.0,2.0,63.0,80.0,Playa Mansa,0,0,2024.0,,False,8,https://www.infocasas.com.uy/oportunidad-de-inversion-torre-mansa/192524906,https://cdn1.infocasas.com.uy/repo/img/175716718_CHZ-1447-TRA_606.jpg
192303093,"GRAND BAY II Y III - Exclusivos Aptos. frente al mar, a estrenar, de 1, 2 y 3 dormitorios con vistas espectaculares - Desde USD 133.000 - SAN FRANCISCO - PIRIÁPOLIS",133000.0,1.0,1.0,40.0,40.0,San Francisco ,-34.887882232666,-55.276222229004,,0.0,False,8,https://www.infocasas.com.uy/grand-bay-ii-y-iii-exclusivos-aptos-frente-al-mar-a-estrenar-de-1-2-y-3-dormitorios-con-vistas-espectaculares-desde-usd-133000-san-francisco-piriapolis/192303093,https://cdn1.infocasas.com.uy/repo/img/173325790_3169_525.jpg
191588886,Departamento de 2 dormitorios en venta a metros del mar,436500.0,2.0,2.0,93.0,121.0,Playa Brava,0,0,,,False,8,https://www.infocasas.com.uy/departamento-de-2-dormitorios-en-venta-a-metros-del-mar/191588886,https://cdn1.infocasas.com.uy/repo/img/94_CNP-15508-TRA_465.jpg
192961909,Apartamento en venta en Playa Mansa,113500.0,0.0,1.0,42.0,33.0,Playa Mansa,-34.949680113044955,-54.94014039882494,2026.0,,False,8,https://www.infocasas.com.uy/apartamento-en-venta-en-playa-mansa/192961909,https://cdn1.infocasas.com.uy/repo/img/175500891_72788_271.jpg
193540168,Apartamento en venta c/ cochera en Lausana,125000.0,3.0,1.0,43.0,43.0,Maldonado,-34.90084125262324,-54.9859702262656,2026.0,,False,8,https://www.infocasas.com.uy/apartamento-en-venta-c-cochera-en-lausana/193540168,https://cdn1.infocasas.com.uy/repo/img/175500891_84998_703.jpg
193718263,"Apartamento de 1 Dormitorio en Venta, Punta del Este  AP7895027 - 403",116771.0,1.0,1.0,49.0,39.0,Punta del Este,-34.9187345183,-54.9554346498,2027.0,,False,8,https://www.infocasas.com.uy/apartamento-de-1-dormitorio-en-venta-punta-del-este-ap7895027-403/193718263,https://cdn1.infocasas.com.uy/web/69fc430aa7722_infocdn.jpg
193718265,"Apartamento de 3 Dormitorios en Venta, Punta del Este  AP7895298 - 1803",204810.0,3.0,2.0,93.0,77.0,Punta del Este,-34.9187345183,-54.9554346498,2027.0,,False,8,https://www.infocasas.com.uy/apartamento-de-3-dormitorios-en-venta-punta-del-este-ap7895298-1803/193718265,https://cdn1.infocasas.com.uy/web/69fc43108f364_infocdn.jpg
193754152,"Apartamento en venta de 2 dormitorios, Aidy Grill, Punta del Este.",240000.0,2.0,2.0,73.0,80.0,Aidy Grill,0,0,2025.0,,False,8,https://www.infocasas.com.uy/apartamento-en-venta-de-2-dormitorios-aidy-grill-punta-del-este/193754152,https://cdn1.infocasas.com.uy/repo/img/201060_NGP-31242-TRA_83.jpg
193553921,"More Atlantico Torre 2 Punta Del Este | Apartamentos En Obra Mono, 1, 2 Y 3 Dormitorios",249077.0,2.0,1.0,,85.09,Roosevelt,-34.914971,-54.9608439,,,True,8,https://www.infocasas.com.uy/more-atlantico-torre-2-punta-del-este-apartamentos-en-obra-mono-1-2-y-3-dormitorios/193553921,https://cdn2.infocasas.com.uy/repo/img/69c18d327de12_infocdn__yl8j4afd8ktfac9z6ctcqt7npw0pveive9ubdywnjpg.jpg
192893393,"Venta de apartamento 1 dormitorio, Punta del Este",145000.0,1.0,1.0,53.0,41.0,Barrio Córdoba,-34.91921749999999,-54.9554517,2026.0,,False,8,https://www.infocasas.com.uy/venta-de-apartamento-1-dormitorio-punta-del-este/192893393,https://cdn1.infocasas.com.uy/repo/img/117272_P002348_439.jpg
193540031,"Venta Trump Tower, Playa Brava",850000.0,2.0,2.0,162.0,162.0,Playa Brava,-34.9459303486,-54.922413826,2027.0,,False,8,https://www.infocasas.com.uy/venta-trump-tower-playa-brava/193540031,https://cdn1.infocasas.com.uy/web/69bbb8acc98e3_infocdn.jpg
192635032,Venta Trump Tower 2 dormitorios Playa Brava,980000.0,2.0,2.0,162.0,162.0,Playa Brava,-34.9459303486,-54.922413826,2027.0,,False,8,https://www.infocasas.com.uy/venta-trump-tower-2-dormitorios-playa-brava/192635032,https://cdn1.infocasas.com.uy/web/6874ceb4e6c70_infocdn.jpg
192774184,Departamento de dos dormitorios en venta,285154.0,2.0,2.0,64.0,85.0,La Barra,0,0,,,False,8,https://www.infocasas.com.uy/departamento-de-dos-dormitorios-en-venta/192774184,https://cdn1.infocasas.com.uy/repo/img/94_CNP-16720-TRA_329.jpg
190429432,Trump Tower - Playa Brava,550000.0,1.0,1.0,112.0,76.0,Playa Brava,-34.9459303486,-54.922413826,2027.0,,False,8,https://www.infocasas.com.uy/trump-tower-playa-brava/190429432,https://cdn1.infocasas.com.uy/web/6618617d8d92e_infocdn.jpg
191532685,Apartamento de un dormitorio y medio en venta en Punta del Este,164320.0,1.0,1.0,50.0,44.0,Playa Mansa,-34.918002,-54.9765911,2027.0,,False,8,https://www.infocasas.com.uy/apartamento-de-un-dormitorio-y-medio-en-venta-en-punta-del-este/191532685,https://cdn1.infocasas.com.uy/web/670237378a97c_infocdn.jpg
190529743,Ocean Drive Country II 308,128000.0,1.0,1.0,50.0,50.0,Punta del Este,-34.928132452911626,-54.948676939397274,,,True,8,https://www.infocasas.com.uy/ocean-drive-country-ii-308/190529743,https://cdn1.infocasas.com.uy/repo/img/d7dd5f5dd5cf97ba22770715eea0fa3dca077f9a.jpg
191000200,Departamento en Aidy Grill,660000.0,3.0,3.0,221.0,0.0,Aidy Grill,-34.9478218067,-54.9288039728,2027.0,,False,8,https://www.infocasas.com.uy/departamento-en-aidy-grill/191000200,https://cdn1.infocasas.com.uy/web/66476600ac8be_infocdn.jpg
278443,"Venta Apartamento 2 Dorms 2 Baños 160m2 Garaje En Playa Mansa, Punta Del Este",275000.0,2.0,2.0,160.0,160.0,Playa Mansa,-34.926650864410895,-54.95919227600098,2018.0,,False,8,https://www.infocasas.com.uy/venta-apartamento-2-dorms-2-baños-160m2-garaje-en-playa-mansa-punta-del-este/278443,https://cdn1.infocasas.com.uy/repo/img/94f92f04294d5485397ef9bbe531bbc4796fc60f.jpg.th810.jpg#HASTH
193713627,Moderno apartamento de 2 dormitorios a 200 m del mar en Playa Brava. En pozo.,355080.0,2.0,2.0,75.0,64.0,Playa Brava,-34.92075171863076,-54.88314943755157,2026.0,,False,8,https://www.infocasas.com.uy/moderno-apartamento-de-2-dormitorios-a-200-m-del-mar-en-playa-brava-en-pozo/193713627,https://cdn1.infocasas.com.uy/repo/img/175500891_85222_545.jpg
193718258,"Apartamento de 1 Dormitorio en Venta, Punta del Este AP7889660 - 105",113875.0,1.0,1.0,54.0,43.0,Punta del Este,-34.9187345183,-54.9554346498,2027.0,,False,8,https://www.infocasas.com.uy/apartamento-de-1-dormitorio-en-venta-punta-del-este-ap7889660-105/193718258,https://cdn1.infocasas.com.uy/web/69fc42f78acac_infocdn.jpg
193718268,"Apartamento de 1 Dormitorio en Venta, Punta del Este  AP7895396- 306",122175.0,1.0,1.0,54.0,43.0,Punta del Este,-34.9187345183,-54.9554346498,2027.0,,False,8,https://www.infocasas.com.uy/apartamento-de-1-dormitorio-en-venta-punta-del-este-ap7895396-306/193718268,https://cdn1.infocasas.com.uy/web/69fc43197bebf_infocdn.jpg
193647717,Apartamento monoambiente en venta en Playa Mansa - 1003,124118.0,0.0,1.0,36.0,32.0,Playa Mansa,-34.918002,-54.9765911,2027.0,,False,8,https://www.infocasas.com.uy/apartamento-monoambiente-en-venta-en-playa-mansa-1003/193647717,https://cdn1.infocasas.com.uy/web/69e3334734def_infocdn.jpg
193757844,Apartamento de tres dormitorios en venta en Playa Mansa - 1807,296656.0,3.0,2.0,87.0,75.0,Playa Mansa,-34.918002,-54.9765911,2027.0,,False,8,https://www.infocasas.com.uy/apartamento-de-tres-dormitorios-en-venta-en-playa-mansa-1807/193757844,https://cdn1.infocasas.com.uy/web/6a081d6ecdc4f_infocdn.jpg
193718278,"Apartamento de 3 Dormitorio en Venta, Punta del Este -  AP7896038 - 1902",208579.0,3.0,2.0,93.0,77.0,Punta del Este,-34.9187345183,-54.9554346498,2027.0,,False,8,https://www.infocasas.com.uy/apartamento-de-3-dormitorio-en-venta-punta-del-este-ap7896038-1902/193718278,https://cdn1.infocasas.com.uy/web/69fc43372c627_infocdn.jpg
193188519,Departamento 2 dormitorios en venta,713000.0,2.0,2.0,100.0,125.0,Manantiales,0,0,2025.0,,False,8,https://www.infocasas.com.uy/departamento-2-dormitorios-en-venta/193188519,https://cdn1.infocasas.com.uy/repo/img/94_CNP-16992-TRA_940.jpg
192870357,"Venta apartamento 3 dormitorios y 3 baños en Torres Del Este, Punta del Este",330310.0,3.0,3.0,131.0,99.0,Barrio Córdoba,-34.9515447,-54.934278,2026.0,,False,8,https://www.infocasas.com.uy/venta-apartamento-3-dormitorios-y-3-baños-en-torres-del-este-punta-del-este/192870357,https://cdn1.infocasas.com.uy/repo/img/117272_P002330_139.jpg
193759634,"Apartamento de 1 dormitorio en venta en Manglar Albor, Playa Brava, Punta del Este",219000.0,1.0,1.0,50.0,61.0,Playa Brava,0,0,2028.0,,False,8,https://www.infocasas.com.uy/apartamento-de-1-dormitorio-en-venta-en-manglar-albor-playa-brava-punta-del-este/193759634,https://cdn1.infocasas.com.uy/repo/img/895572_PUC-2870-TRA_930.jpg
191910323,"Venta GREEN LIFE, Av Roosevelt parada 12",619000.0,3.0,3.0,182.0,148.0,Cantegril,-34.9319193307,-54.9425039931,2027.0,,False,8,https://www.infocasas.com.uy/venta-green-life-av-roosevelt-parada-12/191910323,https://cdn1.infocasas.com.uy/web/6791ec6f1d827_infocdn.jpg
193482831,"Oportunidad para invertir, aptos de 1 y 2 dormitorios",135000.0,1.0,1.0,49.0,59.0,Maldonado,0,0,,,False,8,https://www.infocasas.com.uy/oportunidad-para-invertir-aptos-de-1-y-2-dormitorios/193482831,https://cdn1.infocasas.com.uy/repo/img/147015_IPD-40161-TRA_315.jpg
191545473,Altos De San Rafael,185000.0,1.0,1.0,41.0,41.0,San Rafael,-34.93984057303961,-54.913005614273565,2027.0,,True,8,https://www.infocasas.com.uy/altos-de-san-rafael/191545473,https://cdn1.infocasas.com.uy/repo/img/f1a1cef7ad7952955b9bb1ddd51aa98c409141cd.jpg
191068368,Departamento en  Pinar del Oriental,97000.0,1.0,1.0,38.0,38.0,El Caracol Costa Bonita,-34.787549,-54.5416169,2027.0,,False,8,https://www.infocasas.com.uy/departamento-en-pinar-del-oriental/191068368,https://cdn1.infocasas.com.uy/web/667ae60fea95d_infocdn.jpg
191739895,Venta apartamento 2 dormitorios en Aidy Grill Punta del Este Maldonado,303000.0,2.0,2.0,100.0,66.0,Aidy Grill,-34.9465829687,-54.9304986837,2027.0,,False,8,https://www.infocasas.com.uy/venta-apartamento-2-dormitorios-en-aidy-grill-punta-del-este-maldonado/191739895,https://cdn1.infocasas.com.uy/web/6749a62325a3f_infocdn.jpg
190948536,Apto 2 dormitorios- Playa Mansa,440000.0,2.0,2.0,153.0,84.0,Playa Mansa,-34.918002,-54.9765911,2027.0,,False,8,https://www.infocasas.com.uy/apto-2-dormitorios-playa-mansa/190948536,https://cdn1.infocasas.com.uy/web/661803e621c1a_infocdn.jpg
190999908,Departamento en La Barra,500000.0,3.0,2.0,114.0,87.0,La Barra,-34.9155761203,-54.8637335821,2027.0,,False,8,https://www.infocasas.com.uy/departamento-en-la-barra/190999908,https://cdn1.infocasas.com.uy/web/6647015330a69_infocdn.jpg
189851063,Departamento en venta Sophia - Playa Mansa,170000.0,1.0,1.0,55.0,38.0,Playa Mansa,-34.9476716,-54.9409908,2026.0,,False,8,https://www.infocasas.com.uy/departamento-en-venta-sophia-playa-mansa/189851063,https://cdn1.infocasas.com.uy/web/66185b4d21800_infocdn.jpg
192961881,Apartamento de 2 dormitorios en venta EVE TOWER,251000.0,2.0,1.0,80.0,80.0,Playa Brava,-34.93709087088083,-54.939749591464164,2026.0,,False,8,https://www.infocasas.com.uy/apartamento-de-2-dormitorios-en-venta-eve-tower/192961881,https://cdn1.infocasas.com.uy/repo/img/175500891_72597_507.jpg
186006283,Departamento en venta Sophia - Playa Mansa,290000.0,2.0,2.0,107.0,68.0,Playa Mansa,-34.9476716,-54.9409908,2027.0,,False,8,https://www.infocasas.com.uy/departamento-en-venta-sophia-playa-mansa/186006283,https://cdn1.infocasas.com.uy/web/6618514605e78_infocdn.jpg
193753088,"Apartamento en pozo en venta de 1 dormitorio Punta del Este Roosevelt, vivienda promovida, financiación durante obra",208075.0,2.0,1.0,45.0,37.5,Maldonado,-34.91897791446232,-54.958373553865016,2026.0,,False,8,https://www.infocasas.com.uy/apartamento-en-pozo-en-venta-de-1-dormitorio-punta-del-este-roosevelt-vivienda-promovida-financiacion-durante-obra/193753088,https://cdn1.infocasas.com.uy/repo/img/173628908_90173_784.jpg
193240294,SEA GARDEN II - 1 DORM,205000.0,1.0,1.0,52.0,69.0,Roosevelt,-34.9196174,-54.95557580000001,2025.0,,False,8,https://www.infocasas.com.uy/sea-garden-ii-1-dorm/193240294,https://cdn1.infocasas.com.uy/repo/img/256162_MKT-7807-TRA_189.jpg
193582035,Departamento de 2 dormitorios en venta en San Rafael,348000.0,2.0,2.0,91.0,176.0,San Rafael,0,0,2027.0,,False,8,https://www.infocasas.com.uy/departamento-de-2-dormitorios-en-venta-en-san-rafael/193582035,https://cdn1.infocasas.com.uy/repo/img/94_CNP-17515-TRA_698.jpg
193438672,"Apartamento 1 dormitorio en venta en proyecto de categoría, excepcional ubicacion",175000.0,1.0,1.0,50.0,50.0,Playa Mansa,0,0,,,False,8,https://www.infocasas.com.uy/apartamento-1-dormitorio-en-venta-en-proyecto-de-categoria-excepcional-ubicacion/193438672,https://cdn1.infocasas.com.uy/repo/img/883204_EADM-2097-TRA_646.jpg
193713457,"Apartamento 2 dormitorios en Playa Brava, Maldonado a metros de la playa.",310000.0,2.0,2.0,128.0,87.0,Playa Brava,-34.9403113197,-54.9134491259,2027.0,,False,8,https://www.infocasas.com.uy/apartamento-2-dormitorios-en-playa-brava-maldonado-a-metros-de-la-playa/193713457,https://cdn1.infocasas.com.uy/web/69faec5249ea6_infocdn.jpg
192737856,Venta En Grutas De La Ballena 2 Dormitorio Patio Y Gge Entrega Diciembre 2025,201000.0,2.0,1.0,84.0,84.0,Playa las Grutas,-34.9062278,-55.0364004,,,False,8,https://www.infocasas.com.uy/venta-en-grutas-de-la-ballena-2-dormitorio-patio-y-gge-entrega-diciembre-2025/192737856,https://cdn1.infocasas.com.uy/repo/img/e8ba75ce457421af10f5eb778201c7fab1d4e5ed.jpeg
192635375,Venta alquiler departamento Trump Tower 1 dormitorio,550000.0,1.0,1.0,112.0,76.0,Playa Brava,-34.9459303486,-54.922413826,2027.0,,False,8,https://www.infocasas.com.uy/venta-alquiler-departamento-trump-tower-1-dormitorio/192635375,https://cdn1.infocasas.com.uy/web/6874de7f65c31_infocdn.jpg
191650865,"Apartamento En La Barra, La Barra",228000.0,2.0,2.0,70.0,70.0,La Barra,-34.9154695,-54.853907,,1.0,False,8,https://www.infocasas.com.uy/apartamento-en-la-barra-la-barra/191650865,https://cdn1.infocasas.com.uy/repo/img/15377_KBR-449-TRA_827.jpg
191000263,Departamento en Playa Mansa,385000.0,3.0,3.0,108.0,0.0,Playa Mansa,-34.9103853687,-54.9959450288,2027.0,,False,8,https://www.infocasas.com.uy/departamento-en-playa-mansa/191000263,https://cdn1.infocasas.com.uy/web/664769b3dc2b9_infocdn.jpg
191000690,Departamento - Playa Brava,670000.0,5.0,3.0,330.0,230.0,Playa Brava,-34.9411093408,-54.9136710357,2027.0,,False,8,https://www.infocasas.com.uy/departamento-playa-brava/191000690,https://cdn1.infocasas.com.uy/web/664780273676e_infocdn.jpg
190250344,"Venta Trump Tower, Playa Brava",800000.0,2.0,2.0,162.0,162.0,Playa Brava,-34.9459303486,-54.922413826,2027.0,,False,8,https://www.infocasas.com.uy/venta-trump-tower-playa-brava/190250344,https://cdn1.infocasas.com.uy/web/66185e0d26efb_infocdn.jpg
191883525,Apartamento en venta de 2 dormitorios en Beverly Hills,181922.0,2.0,1.0,60.0,47.0,Beverly Hills,-34.935861839896575,-54.92553654748621,2026.0,,False,8,https://www.infocasas.com.uy/apartamento-en-venta-de-2-dormitorios-en-beverly-hills/191883525,https://cdn1.infocasas.com.uy/repo/img/175500891_51135_485.jpg
186006281,Departamento en venta  - Playa Mansa,225000.0,2.0,2.0,107.0,61.0,Playa Mansa,-34.9476716,-54.9409908,2026.0,,False,8,https://www.infocasas.com.uy/departamento-en-venta-playa-mansa/186006281,https://cdn1.infocasas.com.uy/web/66a8a5c0b968a_infocdn.jpg
191745743,NUEVO EMPRENDIMIENTO MANGLAR ALBOR,156000.0,1.0,1.0,56.0,56.0,Playa Brava,0,0,2028.0,,False,8,https://www.infocasas.com.uy/nuevo-emprendimiento-manglar-albor/191745743,https://cdn1.infocasas.com.uy/repo/img/405_CCP-37275-TRA_153.jpg
193227110,SEA GARDEN II - 2 DORM VISTA MANSA,295000.0,2.0,2.0,83.0,83.0,Roosevelt,-34.9196174,-54.95557580000001,2025.0,,False,8,https://www.infocasas.com.uy/sea-garden-ii-2-dorm-vista-mansa/193227110,https://cdn1.infocasas.com.uy/repo/img/256162_MKT-7566-TRA_611.jpg
193132580,"Venta de apartamento 1 dormitorio con garage , Punta Ballena Maldonado, Excelente ubicación",166320.0,1.0,1.0,46.0,28.0,Punta Ballena,-34.907887377,-55.0377256789,2027.0,,False,8,https://www.infocasas.com.uy/venta-de-apartamento-1-dormitorio-con-garage-punta-ballena-maldonado-excelente-ubicacion/193132580,https://cdn1.infocasas.com.uy/web/692557c4418ab_infocdn.jpg
193361304,Venta de apartamento de 2 dormitorios en Margherita A Mare,420000.0,2.0,2.0,103.0,64.0,Barrio Córdoba,-34.9624337,-54.9432886,2026.0,,False,8,https://www.infocasas.com.uy/venta-de-apartamento-de-2-dormitorios-en-margherita-a-mare/193361304,https://cdn1.infocasas.com.uy/repo/img/117272_P002598_373.jpg
193722550,"Apartamento esquinero de 2 dormitorios en Baleia, Lomo de la Ballena, Punta Ballena - Baleia - Ref : PBI15644",430000.0,2.0,3.0,173.0,173.0,Punta Ballena,-34.90131847925213,-55.03988598546393,2026.0,,False,8,https://www.infocasas.com.uy/apartamento-esquinero-de-2-dormitorios-en-baleia-lomo-de-la-ballena-punta-ballena-baleia-ref-pbi15644/193722550,https://cdn1.infocasas.com.uy/repo/img/148805_PBI-15644-TRA_136.jpg
192847768,Punta Del Este  Frente Al Mar,432000.0,3.0,3.0,140.0,0.0,Playa Mansa,0,0,,,False,8,https://www.infocasas.com.uy/punta-del-este-frente-al-mar/192847768,https://cdn1.infocasas.com.uy/repo/img/15377_KBR-222-TRA_459.jpg
192847769,Mansa Parada 18 Frente Al Mar,1050000.0,4.0,3.0,260.0,0.0,Playa Mansa,0,0,,,False,8,https://www.infocasas.com.uy/mansa-parada-18-frente-al-mar/192847769,https://cdn1.infocasas.com.uy/repo/img/15377_KBR-223-TRA_470.jpg
192867329,"Venta de apartamento 1 dormitorio en Intipa, Punta del Este",208391.0,1.0,1.0,84.0,38.0,Barrio Córdoba,-34.918002,-54.9765911,2026.0,,False,8,https://www.infocasas.com.uy/venta-de-apartamento-1-dormitorio-en-intipa-punta-del-este/192867329,https://cdn1.infocasas.com.uy/repo/img/117272_P002320_704.jpg
192502865,"¡Venta en Pozo! Apartamento Dos Dormitorios Grutas de la Ballena, Punta Ballena",222600.0,2.0,1.0,50.0,61.0,Punta Ballena,0,0,2026.0,,False,8,https://www.infocasas.com.uy/¡venta-en-pozo-apartamento-dos-dormitorios-grutas-de-la-ballena-punta-ballena/192502865,https://cdn1.infocasas.com.uy/repo/img/175659749_EBR-696-TRA_781.jpg
191184710,Departamento 3 dormitorios en venta,816000.0,3.0,3.0,113.0,133.0,Manantiales,0,0,2025.0,,False,8,https://www.infocasas.com.uy/departamento-3-dormitorios-en-venta/191184710,https://cdn1.infocasas.com.uy/repo/img/94_CNP-14228-TRA_130.jpg
191000406,Departamento - Playa Brava,390000.0,3.0,3.0,182.0,147.0,Playa Brava,-34.9505039781,-54.928857617,2027.0,,False,8,https://www.infocasas.com.uy/departamento-playa-brava/191000406,https://cdn1.infocasas.com.uy/web/6647715fade5c_infocdn.jpg
190974790,Venta y alquiler temporada Apartamento 3 dormitorios Trump Tower Playa Brava,1615000.0,3.0,3.0,310.0,226.0,Playa Brava,-34.9459303486,-54.922413826,2027.0,,False,8,https://www.infocasas.com.uy/venta-y-alquiler-temporada-apartamento-3-dormitorios-trump-tower-playa-brava/190974790,https://cdn1.infocasas.com.uy/web/6627e104bf08e_infocdn.jpg
191000236,Departamento en Playa Mansa,1150000.0,3.0,3.0,290.0,0.0,Playa Mansa,-34.9414018269,-54.9462490602,2027.0,,False,8,https://www.infocasas.com.uy/departamento-en-playa-mansa/191000236,https://cdn1.infocasas.com.uy/web/664768552cc1c_infocdn.jpg
191000273,Dpto. en Peninsula,965000.0,2.0,2.0,200.0,0.0,Península,-34.9635172,-54.9455774,2027.0,,False,8,https://www.infocasas.com.uy/dpto-en-peninsula/191000273,https://cdn1.infocasas.com.uy/web/66476a5464ed2_infocdn.jpg
193675895,Apartamento de dos dormitorios a estrenar con garage,174950.0,2.0,1.0,63.5,53.5,Maldonado,-34.92399245583997,-54.95367613900225,2026.0,,False,8,https://www.infocasas.com.uy/apartamento-de-dos-dormitorios-a-estrenar-con-garage/193675895,https://cdn1.infocasas.com.uy/repo/img/175500891_88490_555.jpg
192626964,Apartamento de 1 dormitorio en pozo. Cantegril,125000.0,1.0,1.0,42.2,35.5,Cantegril,-34.927298389348124,-54.96024803424087,2026.0,,False,8,https://www.infocasas.com.uy/apartamento-de-1-dormitorio-en-pozo-cantegril/192626964,https://cdn1.infocasas.com.uy/repo/img/175500891_64471_889.jpg
192847773,Punta Del Este Precios De  Lanzamiento,130000.0,1.0,1.0,60.0,0.0,Playa Mansa,0,0,,,False,8,https://www.infocasas.com.uy/punta-del-este-precios-de-lanzamiento/192847773,https://cdn1.infocasas.com.uy/repo/img/15377_KBR-228-TRA_918.jpg
193361302,Venta apartamento 3 dormitorios en Pausa Montoya,545000.0,3.0,3.0,140.0,106.0,La Barra,-34.9153995,-54.8483634,2026.0,,False,8,https://www.infocasas.com.uy/venta-apartamento-3-dormitorios-en-pausa-montoya/193361302,https://cdn1.infocasas.com.uy/repo/img/117272_P002596_195.jpg
193718274,"Apartamento de 2 Dormitorio en Venta, Punta del Este -  AP7895968 - 102",149960.0,2.0,1.0,69.0,57.0,Punta del Este,-34.9187345183,-54.9554346498,2027.0,,False,8,https://www.infocasas.com.uy/apartamento-de-2-dormitorio-en-venta-punta-del-este-ap7895968-102/193718274,https://cdn1.infocasas.com.uy/web/69fc432ae2f11_infocdn.jpg
193010061,Todos los apartamentos poseen una cuidada espacialidad y diseño.,395000.0,2.0,2.0,78.0,127.0,Playa Brava,0,0,,,False,8,https://www.infocasas.com.uy/todos-los-apartamentos-poseen-una-cuidada-espacialidad-y-diseño/193010061,https://cdn1.infocasas.com.uy/repo/img/94_CNP-9917-TRA_595.jpg
193582046,Departamento de 1 dormitorio en venta en San Rafael,195000.0,1.0,1.0,41.0,48.0,San Rafael,0,0,2027.0,,False,8,https://www.infocasas.com.uy/departamento-de-1-dormitorio-en-venta-en-san-rafael/193582046,https://cdn1.infocasas.com.uy/repo/img/94_CNP-17510-TRA_928.jpg
193093619,Oportunidad entrega ENERO 2026!,205000.0,1.0,1.0,54.0,70.0,Aidy Grill,-34.944869777245394,-54.93090981985168,2026.0,,False,8,https://www.infocasas.com.uy/oportunidad-entrega-enero-2026/193093619,https://cdn1.infocasas.com.uy/repo/img/59163_COL-10063-TRA_266.jpg
192870355,"Venta apartamento 1 dormitorio y 1 baño en Torres Del Este, Punta del Este",224138.0,1.0,1.0,61.0,49.0,Barrio Córdoba,-34.9515447,-54.934278,2026.0,,False,8,https://www.infocasas.com.uy/venta-apartamento-1-dormitorio-y-1-baño-en-torres-del-este-punta-del-este/192870355,https://cdn1.infocasas.com.uy/repo/img/117272_P002329_680.jpg
193759588,SEA GARDEN II - 1 DORM,205000.0,1.0,1.0,52.0,69.0,Roosevelt,0,0,2025.0,,False,8,https://www.infocasas.com.uy/sea-garden-ii-1-dorm/193759588,https://cdn1.infocasas.com.uy/repo/img/173608395_ASR-4818-TRA_732.jpg
192635226,Departamento - Shopping,165000.0,1.0,1.0,54.0,46.0,Roosevelt,-34.9279194,-54.9469072,2026.0,,False,8,https://www.infocasas.com.uy/departamento-shopping/192635226,https://cdn1.infocasas.com.uy/web/6874d737e2904_infocdn.jpg
193512444,Hermoso apartamento a estrenar 2 dormitorios en parada 23 de la brava!,235000.0,2.0,1.0,220.0,70.0,Rincón del Indio,0,0,2024.0,,False,8,https://www.infocasas.com.uy/hermoso-apartamento-a-estrenar-2-dormitorios-en-parada-23-de-la-brava/193512444,https://cdn1.infocasas.com.uy/repo/img/173211400_SPP-15006-TRA_807.jpg
190931715,Departamento en  alquiler de temporada 3 dormitorios Playa Brava Punta del Este,500000.0,3.0,3.0,240.0,177.0,Playa Brava,-34.9445152,-54.9164532,2027.0,,False,8,https://www.infocasas.com.uy/departamento-en-alquiler-de-temporada-3-dormitorios-playa-brava-punta-del-este/190931715,https://cdn1.infocasas.com.uy/web/6618dd8b8b027_infocdn.jpg
190948540,Apto 2 dormitorios- Playa Mansa,240000.0,2.0,2.0,93.0,69.0,Playa Mansa,-34.918002,-54.9765911,2027.0,,False,8,https://www.infocasas.com.uy/apto-2-dormitorios-playa-mansa/190948540,https://cdn1.infocasas.com.uy/web/6618040fdc2aa_infocdn.jpg
185691975,Departamento - Playa Brava,470000.0,2.0,2.0,156.0,100.0,Playa Brava,-34.9450003361,-54.9205171585,2027.0,,False,8,https://www.infocasas.com.uy/departamento-playa-brava/185691975,https://cdn1.infocasas.com.uy/web/661850067d703_infocdn.jpg
192298423,Apartamento en venta de 2 dormitorios en La Barra,375000.0,2.0,2.0,124.0,112.0,La Barra,-34.91083472065222,-54.85957405309043,2026.0,,False,8,https://www.infocasas.com.uy/apartamento-en-venta-de-2-dormitorios-en-la-barra/192298423,https://cdn1.infocasas.com.uy/repo/img/175500891_58666_750.jpg
193753072,"Apartamento en pozo en venta de 1 dormitorio Punta del Este Roosevelt, financiación durante y post obra",141925.0,1.0,1.0,38.0,38.0,Maldonado,-34.93737085798128,-54.939014849064435,2026.0,,False,8,https://www.infocasas.com.uy/apartamento-en-pozo-en-venta-de-1-dormitorio-punta-del-este-roosevelt-financiacion-durante-y-post-obra/193753072,https://cdn1.infocasas.com.uy/repo/img/173628908_90011_683.jpg
193718264,"Apartamento de 3 Dormitorios en Venta, Punta del Este  AP7895208 - 1703",200831.0,3.0,2.0,93.0,77.0,Punta del Este,-34.9187345183,-54.9554346498,2027.0,,False,8,https://www.infocasas.com.uy/apartamento-de-3-dormitorios-en-venta-punta-del-este-ap7895208-1703/193718264,https://cdn1.infocasas.com.uy/web/69fc430d8a04e_infocdn.jpg
193713458,"Apartamento 3 dormitorios en Playa Brava, Maldonado a metros de la playa.",605000.0,3.0,3.0,173.0,111.0,Playa Brava,-34.9403113197,-54.9134491259,2027.0,,False,8,https://www.infocasas.com.uy/apartamento-3-dormitorios-en-playa-brava-maldonado-a-metros-de-la-playa/193713458,https://cdn1.infocasas.com.uy/web/69faec60ee912_infocdn.jpg
192919034,"Alquiler temporario Trump Tower, Playa Brava",880000.0,2.0,2.0,162.0,119.0,Playa Brava,-34.9459303486,-54.922413826,2027.0,,False,8,https://www.infocasas.com.uy/alquiler-temporario-trump-tower-playa-brava/192919034,https://cdn1.infocasas.com.uy/web/68d65be77cf90_infocdn.jpg
191530744,Apartamento de dos dormitorios en Venta  Mansa Punta del Este,412700.0,2.0,2.0,84.0,162.0,Playa Mansa,0,0,,,,8,https://www.infocasas.com.uy/apartamento-de-dos-dormitorios-en-venta-mansa-punta-del-este/191530744,https://cdn1.infocasas.com.uy/repo/img/405_CCP-35728-TRA_297.jpg
192570393,"Venta en pozo , Mansa Tower",146000.0,1.0,1.0,69.0,69.0,Playa Mansa,-34.92222614948348,-54.9524432917404,2026.0,,False,8,https://www.infocasas.com.uy/venta-en-pozo-mansa-tower/192570393,https://cdn1.infocasas.com.uy/repo/img/175322336_PGO-1780-TRA_522.jpg
190832689,Departamento - Playa Brava,600000.0,3.0,2.0,199.0,131.0,Playa Brava,-34.9441658,-54.9217472,2027.0,,False,8,https://www.infocasas.com.uy/departamento-playa-brava/190832689,https://cdn1.infocasas.com.uy/web/659118901c044_infocdn.jpg
191987989,"Emprendimiento Casa Laurel- Punta Ballena- La rinconada , departamentos en venta frente al mar.",1600000.0,3.0,3.0,467.0,323.0,Punta Ballena,-34.8889634,-55.0388678,2027.0,,False,8,https://www.infocasas.com.uy/emprendimiento-casa-laurel-punta-ballena-la-rinconada-departamentos-en-venta-frente-al-mar/191987989,https://cdn1.infocasas.com.uy/web/67a71c0abaece_infocdn.jpg
193604170,Apartamento en venta en Cantegril,160000.0,1.0,1.0,33.0,33.0,Cantegril,-34.925610815918624,-54.94791758291742,2026.0,,False,8,https://www.infocasas.com.uy/apartamento-en-venta-en-cantegril/193604170,https://cdn1.infocasas.com.uy/repo/img/175500891_86506_361.jpg
193718271,"Apartamento de 2 Dormitorio en Venta, Punta del Este -  AP7895914 - 104",149960.0,2.0,1.0,69.0,57.0,Punta del Este,-34.9187345183,-54.9554346498,2027.0,,False,8,https://www.infocasas.com.uy/apartamento-de-2-dormitorio-en-venta-punta-del-este-ap7895914-104/193718271,https://cdn1.infocasas.com.uy/web/69fc4322015a9_infocdn.jpg
193474594,Oportunidad en View 2 - 2 dorm,290000.0,2.0,2.0,65.0,87.0,Aidy Grill,0,0,2025.0,,False,8,https://www.infocasas.com.uy/oportunidad-en-view-2-2-dorm/193474594,https://cdn1.infocasas.com.uy/repo/img/176537518_GRO-124-TRA_872.jpg
193382599,MANSA TOWER - 1 DORM,167000.0,1.0,1.0,60.0,67.0,Roosevelt,-34.9220435,-54.9528764,,,False,8,https://www.infocasas.com.uy/mansa-tower-1-dorm/193382599,https://cdn1.infocasas.com.uy/repo/img/256162_MKT-7909-TRA_725.jpg
193728893,"Apartamento de 2 Dormitorios en Venta, Playa Mansa, Punta del Este AP8024778 - 204",248000.0,2.0,2.0,88.0,64.0,Playa Mansa,-34.9233514166,-54.9581419047,2027.0,,False,8,https://www.infocasas.com.uy/apartamento-de-2-dormitorios-en-venta-playa-mansa-punta-del-este-ap8024778-204/193728893,https://cdn1.infocasas.com.uy/web/69ff3534de5ae_infocdn.jpg
192863420,VENTA APARTAMENTO EN CONSTRUCCION ED. OCEAN COUNTRY PUNTA DEL ESTE,179000.0,1.0,1.0,57.0,45.0,Roosevelt,-34.932528,-54.9562356,2027.0,,False,8,https://www.infocasas.com.uy/venta-apartamento-en-construccion-ed-ocean-country-punta-del-este/192863420,https://cdn1.infocasas.com.uy/web/68c3d72a53bce_infocdn.jpg
191832525,Venta de apartamento a estrenar 1 dormitorio en Punta del Este,140000.0,1.0,1.0,50.0,43.0,Punta del Este,-34.9182863,-54.9565664,2027.0,,False,8,https://www.infocasas.com.uy/venta-de-apartamento-a-estrenar-1-dormitorio-en-punta-del-este/191832525,https://cdn1.infocasas.com.uy/web/6770f7054486f_infocdn.jpg
191036936,"Aidy Grill, Punta del este",335000.0,3.0,2.0,108.0,108.0,Aidy Grill,0,0,,,False,8,https://www.infocasas.com.uy/aidy-grill-punta-del-este/191036936,https://cdn1.infocasas.com.uy/repo/img/173842840_TTN-179-TRA_759.jpg
189646856,"Apartamento 3 Dormitorios en Torres Cardinal - Maldonado, Punta del Este ¡VENTA EN POZO!",238000.0,3.0,2.0,97.0,82.0,Punta del Este,-34.9133641,-54.9599591,2027.0,,False,8,https://www.infocasas.com.uy/apartamento-3-dormitorios-en-torres-cardinal-maldonado-punta-del-este-¡venta-en-pozo/189646856,https://cdn1.infocasas.com.uy/web/66bb09bbd8448_infocdn.jpg
193152079,Apartamento en venta c/ cochera en Playa Brava,365000.0,2.0,2.0,94.0,69.75,Playa Brava,-34.95031623306558,-54.92906731050939,2026.0,,False,8,https://www.infocasas.com.uy/apartamento-en-venta-c-cochera-en-playa-brava/193152079,https://cdn1.infocasas.com.uy/repo/img/175500891_76970_237.jpg
193656227,Oportunidad 2 dormitorios con parrillero propio esquinero a estrenar Playa Mansa,280000.0,2.0,2.0,76.0,108.0,Playa Mansa,-34.923478165132,-54.95816432406768,2026.0,,False,8,https://www.infocasas.com.uy/oportunidad-2-dormitorios-con-parrillero-propio-esquinero-a-estrenar-playa-mansa/193656227,https://cdn1.infocasas.com.uy/repo/img/173608395_ASR-4719-TRA_56.jpg
193718266,"Apartamento de 3 Dormitorios en Venta, Punta del Este  AP7895300 - 1903",208579.0,3.0,2.0,93.0,77.0,Punta del Este,-34.9187345183,-54.9554346498,2027.0,,False,8,https://www.infocasas.com.uy/apartamento-de-3-dormitorios-en-venta-punta-del-este-ap7895300-1903/193718266,https://cdn1.infocasas.com.uy/web/69fc43139950b_infocdn.jpg
193540022,Trump Tower - Playa Brava,550000.0,1.0,1.0,112.0,76.0,Playa Brava,-34.9459303486,-54.922413826,2027.0,,False,8,https://www.infocasas.com.uy/trump-tower-playa-brava/193540022,https://cdn1.infocasas.com.uy/web/69bbb8219ba13_infocdn.jpg
192576382,Departamento 3 dormitorios en venta,701000.0,3.0,3.0,112.0,209.0,Manantiales,0,0,2025.0,,False,8,https://www.infocasas.com.uy/departamento-3-dormitorios-en-venta/192576382,https://cdn1.infocasas.com.uy/repo/img/94_CNP-16472-TRA_61.jpg
193591801,Venta Departamento Alma Juana 2 La Juanita Jose Ignacio (LJAJ2004),910000.0,3.0,3.0,449.0,449.0,La Juanita,-34.83535928681934,-54.65038953229369,2026.0,,False,8,https://www.infocasas.com.uy/venta-departamento-alma-juana-2-la-juanita-jose-ignacio-ljaj2004/193591801,https://cdn1.infocasas.com.uy/repo/img/173355789_VFS-8953-TRA_820.jpg
191921335,Departamento 2 dormitorios en Sense Manantiales,750000.0,2.0,3.0,276.0,276.0,Manantiales,0,0,2025.0,,False,8,https://www.infocasas.com.uy/departamento-2-dormitorios-en-sense-manantiales/191921335,https://cdn1.infocasas.com.uy/repo/img/405_CCP-37540-TRA_197.jpg
190952589,"Venta Trump Tower, Playa Brava",1050500.0,1.0,2.0,209.0,209.0,Playa Brava,-34.9459303486,-54.922413826,2027.0,,False,8,https://www.infocasas.com.uy/venta-trump-tower-playa-brava/190952589,https://cdn1.infocasas.com.uy/web/6619145a970ac_infocdn.jpg
189945552,Espectacular unidad en venta fendi  - Playa Mansa,1690000.0,3.0,3.0,190.0,154.0,Playa Mansa,-34.9604695,-54.9434834,2027.0,,False,8,https://www.infocasas.com.uy/espectacular-unidad-en-venta-fendi-playa-mansa/189945552,https://cdn1.infocasas.com.uy/web/66185a0a3fba7_infocdn.jpg
191000203,Departamento en Playa Mansa,260000.0,2.0,2.0,86.0,0.0,Playa Mansa,-34.9483494539,-54.9377303644,2027.0,,False,8,https://www.infocasas.com.uy/departamento-en-playa-mansa/191000203,https://cdn1.infocasas.com.uy/web/6647663cd278d_infocdn.jpg
192626963,Apartamento en venta c/ cochera en Cantegril,140000.0,1.0,1.0,40.0,35.0,Cantegril,-34.93611355083137,-54.94031232523992,2026.0,,False,8,https://www.infocasas.com.uy/apartamento-en-venta-c-cochera-en-cantegril/192626963,https://cdn1.infocasas.com.uy/repo/img/175500891_64469_863.jpg
193718273,"Apartamento de 2 Dormitorio en Venta, Punta del Este - AP7895951 - 404",155500.0,2.0,1.0,69.0,57.0,Punta del Este,-34.9187345183,-54.9554346498,2027.0,,False,8,https://www.infocasas.com.uy/apartamento-de-2-dormitorio-en-venta-punta-del-este-ap7895951-404/193718273,https://cdn1.infocasas.com.uy/web/69fc4327d7b73_infocdn.jpg
193718277,"Apartamento de 3 Dormitorio en Venta, Punta del Este -  AP7896036 - 1802",204810.0,3.0,2.0,93.0,77.0,Punta del Este,-34.9187345183,-54.9554346498,2027.0,,False,8,https://www.infocasas.com.uy/apartamento-de-3-dormitorio-en-venta-punta-del-este-ap7896036-1802/193718277,https://cdn1.infocasas.com.uy/web/69fc43343d1bd_infocdn.jpg
193753081,"Apartamento en pozo en venta, Monoambiente Punta del Este Roosevelt, financiación durante y post obra",112276.0,0.0,1.0,38.0,38.0,Maldonado,-34.93744255615041,-54.93967665864498,2026.0,,False,8,https://www.infocasas.com.uy/apartamento-en-pozo-en-venta-monoambiente-punta-del-este-roosevelt-financiacion-durante-y-post-obra/193753081,https://cdn1.infocasas.com.uy/repo/img/173628908_90123_90.jpg
190930032,Departamento - Playa Mansa,945000.0,3.0,3.0,180.0,129.0,Playa Mansa,-34.9479250806,-54.9403375578,2025.0,,False,8,https://www.infocasas.com.uy/departamento-playa-mansa/190930032,https://cdn1.infocasas.com.uy/web/66051d90667f5_infocdn.jpg
193675173,Apartamento en venta de 2 dormitorios en Punta del Este,290000.0,2.0,2.0,73.0,80.0,Aidy Grill,0,0,2026.0,,False,8,https://www.infocasas.com.uy/apartamento-en-venta-de-2-dormitorios-en-punta-del-este/193675173,https://cdn1.infocasas.com.uy/repo/img/261_GII-3752-TRA_949.jpg
193708240,Departamento - La Pastora,285000.0,2.0,2.0,94.0,60.0,La Pastora,-34.9410217,-54.9300127,2027.0,,False,8,https://www.infocasas.com.uy/departamento-la-pastora/193708240,https://cdn1.infocasas.com.uy/web/69f9990c6b73b_infocdn.jpg
193541438,"En venta apartamento de 3 dormitorios en Roosevelt, con vista agradable",220000.0,3.0,2.0,66.0,90.0,Roosevelt,0,0,2025.0,,False,8,https://www.infocasas.com.uy/en-venta-apartamento-de-3-dormitorios-en-roosevelt-con-vista-agradable/193541438,https://cdn1.infocasas.com.uy/repo/img/173012432_NDM-29273-TRA_626.jpg
192631123,Complejo Betania IV oportunidad para vivienda o renta con cochera,89500.0,1.0,1.0,43.0,43.0,Maldonado,-34.8995927,-54.9886373,2026.0,,False,8,https://www.infocasas.com.uy/complejo-betania-iv-oportunidad-para-vivienda-o-renta-con-cochera/192631123,https://cdn1.infocasas.com.uy/repo/img/296_64406_804.jpg
193718272,"Apartamento de 2 Dormitorio en Venta, Punta del Este -AP7895949 - 204",149960.0,2.0,1.0,69.0,57.0,Punta del Este,-34.9187345183,-54.9554346498,2027.0,,False,8,https://www.infocasas.com.uy/apartamento-de-2-dormitorio-en-venta-punta-del-este-ap7895949-204/193718272,https://cdn1.infocasas.com.uy/web/69fc432502fc9_infocdn.jpg
193564501,Apartamento a estrenar fines 2026,350000.0,3.0,3.0,99.0,0.0,Aidy Grill,0,0,2026.0,,False,8,https://www.infocasas.com.uy/apartamento-a-estrenar-fines-2026/193564501,https://cdn1.infocasas.com.uy/repo/img/243_NYP-41013-TRA_521.jpg
192729356,"Manglar Brava Apto 1 dormitorio a Estrenar, Garage y gastos ocupación incluidos",260000.0,1.0,1.0,49.0,86.0,Playa Brava,-34.94948510561105,-54.9284400364624,,,False,8,https://www.infocasas.com.uy/manglar-brava-apto-1-dormitorio-a-estrenar-garage-y-gastos-ocupacion-incluidos/192729356,https://cdn1.infocasas.com.uy/repo/img/949740_INV-4989-TRA_769.jpg
193474862,Departamento 2 dormitorios en Venta,595000.0,2.0,2.0,100.0,125.0,Manantiales,0,0,2025.0,,False,8,https://www.infocasas.com.uy/departamento-2-dormitorios-en-venta/193474862,https://cdn1.infocasas.com.uy/repo/img/94_CNP-17386-TRA_567.jpg
192303345,THE CORNER- La barra,389000.0,2.0,2.0,92.0,92.0,La Barra,-34.91336720000001,-54.8638499279785,,,False,8,https://www.infocasas.com.uy/the-corner-la-barra/192303345,https://cdn1.infocasas.com.uy/repo/img/256162_MKT-7184-TRA_612.jpg
190862535,"Alquiler Trump Tower, Playa Brava",900000.0,2.0,2.0,162.0,162.0,Playa Brava,-34.9459303486,-54.922413826,2027.0,,False,8,https://www.infocasas.com.uy/alquiler-trump-tower-playa-brava/190862535,https://cdn1.infocasas.com.uy/web/6619137008aa4_infocdn.jpg
190930524,Venta apartamento loft Punta Ballena Las Grutas Vista al Mar Amenities,159000.0,0.0,1.0,42.0,32.0,Punta Ballena,-34.9059371,-55.0414955,2027.0,,False,8,https://www.infocasas.com.uy/venta-apartamento-loft-punta-ballena-las-grutas-vista-al-mar-amenities/190930524,https://cdn1.infocasas.com.uy/web/6617ceb8d3049_infocdn.jpg
189019257,Departamento en venta Sophia - Playa Mansa,280000.0,2.0,2.0,109.0,68.0,Playa Mansa,-34.9476716,-54.9409908,2027.0,,False,8,https://www.infocasas.com.uy/departamento-en-venta-sophia-playa-mansa/189019257,https://cdn1.infocasas.com.uy/web/661856fc7106d_infocdn.jpg
193117234,Apartamento en venta c/ cochera en Playa Mansa,200000.0,1.0,1.0,50.0,42.0,Playa Mansa,-34.934140922162136,-54.95793002984953,2026.0,,False,8,https://www.infocasas.com.uy/apartamento-en-venta-c-cochera-en-playa-mansa/193117234,https://cdn1.infocasas.com.uy/repo/img/175500891_76321_622.jpg
192298425,Apartamento en venta de 2 dormitorios c/ cochera en José Ignacio,425000.0,2.0,2.0,210.0,80.0,José Ignacio,-34.837926450843774,-54.65758039459978,2026.0,,False,8,https://www.infocasas.com.uy/apartamento-en-venta-de-2-dormitorios-c-cochera-en-jose-ignacio/192298425,https://cdn1.infocasas.com.uy/repo/img/175500891_58675_723.jpg
193753082,"Apartamento en pozo en venta de 2 dormitorio Punta del Este Roosevelt, financiación durante y post obra",186903.0,2.0,2.0,38.0,38.0,Maldonado,-34.937855240847384,-54.938989003280234,2026.0,,False,8,https://www.infocasas.com.uy/apartamento-en-pozo-en-venta-de-2-dormitorio-punta-del-este-roosevelt-financiacion-durante-y-post-obra/193753082,https://cdn1.infocasas.com.uy/repo/img/173628908_90124_137.jpg
193540094,Departamento en alquiler Trump Tower 2 dormitorios Playa Brava Punta del Este,1600000.0,2.0,2.0,209.0,0.0,Playa Brava,-34.9459303486,-54.922413826,2027.0,,False,8,https://www.infocasas.com.uy/departamento-en-alquiler-trump-tower-2-dormitorios-playa-brava-punta-del-este/193540094,https://cdn1.infocasas.com.uy/web/69bbbb938272a_infocdn.jpg
193718275,"Apartamento de 2 Dormitorio en Venta, Punta del Este - AP7895994 - 402",155850.0,2.0,1.0,69.0,57.0,Punta del Este,-34.9187345183,-54.9554346498,2027.0,,False,8,https://www.infocasas.com.uy/apartamento-de-2-dormitorio-en-venta-punta-del-este-ap7895994-402/193718275,https://cdn1.infocasas.com.uy/web/69fc432e0203d_infocdn.jpg
193718279,"Apartamento de 3 Dormitorio en Venta, Punta del Este -  AP7896040 - 2002",212770.0,3.0,2.0,93.0,77.0,Punta del Este,-34.9187345183,-54.9554346498,2027.0,,False,8,https://www.infocasas.com.uy/apartamento-de-3-dormitorio-en-venta-punta-del-este-ap7896040-2002/193718279,https://cdn1.infocasas.com.uy/web/69fc433a267c0_infocdn.jpg
193708241,Alquiler anual 1 dormitorio y medio View I Punta del Este,190000.0,1.0,1.0,71.0,45.0,La Pastora,-34.9410217,-54.9300127,2027.0,,False,8,https://www.infocasas.com.uy/alquiler-anual-1-dormitorio-y-medio-view-i-punta-del-este/193708241,https://cdn1.infocasas.com.uy/web/69f9992490c43_infocdn.jpg
188856134,Venta departamento 2 dormitorios Trump Tower Playa Brava,1200000.0,1.0,2.0,209.0,0.0,Playa Brava,-34.9459303486,-54.922413826,2027.0,,False,8,https://www.infocasas.com.uy/venta-departamento-2-dormitorios-trump-tower-playa-brava/188856134,https://cdn1.infocasas.com.uy/web/6874bd8b1cd97_infocdn.jpg
191000219,Departamento en Playa Mansa,420000.0,2.0,3.0,105.0,0.0,Playa Mansa,-34.9258553051,-54.9638706148,2027.0,,False,8,https://www.infocasas.com.uy/departamento-en-playa-mansa/191000219,https://cdn1.infocasas.com.uy/web/6647676153a82_infocdn.jpg
191000235,Departamento en Playa Mansa,375000.0,2.0,2.0,110.0,0.0,Playa Mansa,-34.9258686739,-54.9627821966,2027.0,,False,8,https://www.infocasas.com.uy/departamento-en-playa-mansa/191000235,https://cdn1.infocasas.com.uy/web/66476844b3062_infocdn.jpg
191000279,Departamento en Playa Mansa,350000.0,3.0,2.0,90.0,81.0,Playa Mansa,-34.9382708051,-54.9491029306,2027.0,,False,8,https://www.infocasas.com.uy/departamento-en-playa-mansa/191000279,https://cdn1.infocasas.com.uy/web/66476addc0cd2_infocdn.jpg
190429436,"Venta TRUMP TOWER, playa Brava",669106.0,1.0,1.0,112.0,76.0,Playa Brava,-34.9459303486,-54.922413826,2027.0,,False,8,https://www.infocasas.com.uy/venta-trump-tower-playa-brava/190429436,https://cdn1.infocasas.com.uy/web/661861901c1b8_infocdn.jpg
193718663,Apartamento en venta c/ cochera en Cantegril,169000.0,1.0,1.0,50.0,47.0,Cantegril,-34.92932720252319,-54.94907240615505,2026.0,,False,8,https://www.infocasas.com.uy/apartamento-en-venta-c-cochera-en-cantegril/193718663,https://cdn1.infocasas.com.uy/repo/img/175500891_89504_261.jpg
193718269,"Apartamento de 1 Dormitorio en Venta, Punta del Este  AP7895848 - 406",129634.0,1.0,1.0,54.0,43.0,Punta del Este,-34.9187345183,-54.9554346498,2027.0,,False,8,https://www.infocasas.com.uy/apartamento-de-1-dormitorio-en-venta-punta-del-este-ap7895848-406/193718269,https://cdn1.infocasas.com.uy/web/69fc431c3a144_infocdn.jpg
193759842,Venta apartamento 1 dormitorio y medio,225000.0,1.0,1.0,53.0,63.0,Aidy Grill,0,0,2026.0,,False,8,https://www.infocasas.com.uy/venta-apartamento-1-dormitorio-y-medio/193759842,https://cdn1.infocasas.com.uy/repo/img/173224178_ARE-6237-TRA_842.jpg
191921339,Departamento de 3 dormitorios en Sense Manantiales,740000.0,3.0,3.0,122.0,151.0,Manantiales,0,0,2025.0,,False,8,https://www.infocasas.com.uy/departamento-de-3-dormitorios-en-sense-manantiales/191921339,https://cdn1.infocasas.com.uy/repo/img/405_CCP-37544-TRA_324.jpg
191921340,Departamento de 3 dormitorios en Sense Manantiales,795000.0,3.0,3.0,113.0,132.0,Manantiales,0,0,2025.0,,False,8,https://www.infocasas.com.uy/departamento-de-3-dormitorios-en-sense-manantiales/191921340,https://cdn1.infocasas.com.uy/repo/img/405_CCP-37545-TRA_701.jpg
192606420,"Apartamento en venta 2 dormitorios, Roosevelt, Ideal Inversión",174000.0,2.0,1.0,55.0,62.0,Roosevelt,0,0,2025.0,,False,8,https://www.infocasas.com.uy/apartamento-en-venta-2-dormitorios-roosevelt-ideal-inversion/192606420,https://cdn1.infocasas.com.uy/repo/img/203121_SIP-12730-TRA_844.jpg
192606427,"Apartamento en venta 2 dormitorios, Roosevelt, Ideal Inversión",169000.0,2.0,1.0,55.0,62.0,Roosevelt,0,0,2025.0,,False,8,https://www.infocasas.com.uy/apartamento-en-venta-2-dormitorios-roosevelt-ideal-inversion/192606427,https://cdn1.infocasas.com.uy/repo/img/203121_SIP-12729-TRA_831.jpg
192606437,"Apartamento en venta 2 dormitorios, Roosevelt, Ideal Inversión",145000.0,1.0,1.0,55.0,62.0,Roosevelt,0,0,2025.0,,False,8,https://www.infocasas.com.uy/apartamento-en-venta-2-dormitorios-roosevelt-ideal-inversion/192606437,https://cdn1.infocasas.com.uy/repo/img/203121_SIP-12740-TRA_616.jpg
192606432,"Apartamento en venta 2 dormitorios, Roosevelt, Ideal Inversión",168000.0,2.0,1.0,51.0,56.0,Roosevelt,0,0,2025.0,,False,8,https://www.infocasas.com.uy/apartamento-en-venta-2-dormitorios-roosevelt-ideal-inversion/192606432,https://cdn1.infocasas.com.uy/repo/img/203121_SIP-12735-TRA_67.jpg
193490129,"Venta apartamento 2 dormitorios. Roosevelt, Punta del Este",196033.0,2.0,2.0,0.0,0.0,Roosevelt,-34.92642216022578,-54.94925146301268,2028.0,,False,8,https://www.infocasas.com.uy/venta-apartamento-2-dormitorios-roosevelt-punta-del-este/193490129,https://cdn1.infocasas.com.uy/repo/img/694874_DMC-12892-TRA_122.jpg
193656226,Oportunidad 2 dormitorios con parrillero propio esquinero a estrenar Playa Mansa,280000.0,2.0,2.0,76.0,108.0,Playa Mansa,-34.923478165132,-54.95816432406768,2026.0,,False,8,https://www.infocasas.com.uy/oportunidad-2-dormitorios-con-parrillero-propio-esquinero-a-estrenar-playa-mansa/193656226,https://cdn1.infocasas.com.uy/repo/img/173608395_ASR-4718-TRA_116.jpg
191000193,Departamento en Playa Brava,1250000.0,4.0,3.0,0.0,0.0,Playa Brava,-34.956070303,-54.9378805681,2027.0,,False,8,https://www.infocasas.com.uy/departamento-en-playa-brava/191000193,https://cdn1.infocasas.com.uy/web/664765579a701_infocdn.jpg
191000237,Departamento en Playa Mansa,1000000.0,3.0,3.0,0.0,0.0,Playa Mansa,-34.9485341296,-54.9405091329,2027.0,,False,8,https://www.infocasas.com.uy/departamento-en-playa-mansa/191000237,https://cdn1.infocasas.com.uy/web/6647686610cf8_infocdn.jpg
188138874,Miami Bulevar II,237000.0,2.0,3.0,159.0,159.0,Punta del Este,-34.94772476809162,-54.93915557379186,2021.0,,False,8,https://www.infocasas.com.uy/miami-bulevar-ii/188138874,https://cdn1.infocasas.com.uy/repo/img/00b11a3042755830f9ab20c72cf87e1200d90ae2.jpg#HASTH
188138876,Miami Bulevar II,410000.0,3.0,3.0,129.0,129.0,Punta del Este,-34.94772476809162,-54.93915557379186,,,False,8,https://www.infocasas.com.uy/miami-bulevar-ii/188138876,https://cdn1.infocasas.com.uy/repo/img/00b11a3042755830f9ab20c72cf87e1200d90ae2.jpg#HASTH
193230518,"Presentamos Edificio MODELO, el nuevo lanzamiento en la Península, Punta del Este. - Modelo Península  - Ref : PBI15401",610000.0,3.0,2.0,112.0,142.0,Península,-34.96433290109717,-54.94287414218901,2027.0,,False,8,https://www.infocasas.com.uy/presentamos-edificio-modelo-el-nuevo-lanzamiento-en-la-peninsula-punta-del-este-modelo-peninsula-ref-pbi15401/193230518,https://cdn1.infocasas.com.uy/repo/img/148805_PBI-15401-TRA_796.jpg
191920826,Departamento en Manantiales,290000.0,3.0,1.0,0.0,0.0,Manantiales,-34.9064788918,-54.8211937471,2027.0,,False,8,https://www.infocasas.com.uy/departamento-en-manantiales/191920826,https://cdn1.infocasas.com.uy/web/67948f49e533e_infocdn.jpg
191761224,Miami Boulevard II piso 2 de 3 dormitorios con parrillero,560000.0,3.0,3.0,159.0,159.0,Playa Mansa,0,0,2021.0,,False,8,https://www.infocasas.com.uy/miami-boulevard-ii-piso-2-de-3-dormitorios-con-parrillero/191761224,https://cdn1.infocasas.com.uy/repo/img/173012432_NDM-1643-TRA_345.jpg
191000239,Departamento en Roosevelt,260000.0,2.0,3.0,0.0,0.0,Roosevelt,-34.9226314971,-54.9526863618,2027.0,,False,8,https://www.infocasas.com.uy/departamento-en-roosevelt/191000239,https://cdn1.infocasas.com.uy/web/6647687de0c62_infocdn.jpg
193433185,Departamento en  Venta,154015.0,0.0,1.0,0.0,0.0,Playa Brava,-34.9458321663,-54.9267394716,2027.0,,False,8,https://www.infocasas.com.uy/departamento-en-venta/193433185,https://cdn1.infocasas.com.uy/web/699e13a9ae0bd_infocdn.jpg
193184992,Departamento en venta de un dormitorio,165000.0,1.0,1.0,47.0,53.0,Maldonado,0,0,2026.0,,False,8,https://www.infocasas.com.uy/departamento-en-venta-de-un-dormitorio/193184992,https://cdn1.infocasas.com.uy/repo/img/94_CNP-16963-TRA_99.jpg
191000328,Departamento en Playa Brava,810000.0,3.0,3.0,0.0,0.0,Playa Brava,-34.950528104,-54.9288362455,2027.0,,False,8,https://www.infocasas.com.uy/departamento-en-playa-brava/191000328,https://cdn1.infocasas.com.uy/web/66476d8372f83_infocdn.jpg
15018048,Grove Montoya,189000.0,2.0,2.0,70.0,70.0,La Barra,-34.9123378,-54.8512735,,,True,8,https://www.infocasas.com.uyproyectos/grove-montoya,https://cdn1.infocasas.com.uy/repo/img/9edf3fe4ed700d6528f4e40c72006e2ead71d459.jpeg
15017863,Quartier Brava 30,,,,,,Pinares,-34.9143877,-54.9824739,,,True,8,https://www.infocasas.com.uy/proyectos/quartier-brava-30/15017863,https://cdn1.infocasas.com.uy/repo/img/99dbc83520a6694d25808a28304d664fa9a26be3.jpeg
191577692,"OPORTUNIDAD DE INVERSIÓN, INTIPA PUNTA DEL ESTE",231.0,2.0,1.0,68.0,97.0,Playa Mansa,-34.923061850075584,-54.96688966949461,2026.0,,False,8,https://www.infocasas.com.uy/oportunidad-de-inversion-intipa-punta-del-este/191577692,https://cdn1.infocasas.com.uy/repo/img/949740_INV-2322-TRA_250.jpg
15018046,Montoya Grove ,,,,,,La Barra,-34.9123378,-54.8512735,,,True,8,https://www.infocasas.com.uy/proyectos/montoya-grove-/15018046,https://cdn1.infocasas.com.uy/repo/img/e34c1937ddab21a221babc36ba8a5ac025b26e34.jpeg
191000644,Departamento - La Barra,0.0,3.0,3.0,168.0,95.0,La Barra,-32.522779,-55.765835,2027.0,,False,8,https://www.infocasas.com.uy/departamento-la-barra/191000644,https://cdn1.infocasas.com.uy/web/66477d81a0ba6_infocdn.jpg
191000412,Departamento - Península,0.0,3.0,3.0,538.0,191.0,Península,-34.9574792003,-54.9417026008,2027.0,,False,8,https://www.infocasas.com.uy/departamento-peninsula/191000412,https://cdn1.infocasas.com.uy/web/664771dbc3d64_infocdn.jpg
192635259,Departamento en venta 3 dormitorios - Pinares,0.0,3.0,3.0,170.0,130.0,Pinares,-34.918002,-54.9765911,2027.0,2.0,False,8,https://www.infocasas.com.uy/departamento-en-venta-3-dormitorios-pinares/192635259,https://cdn1.infocasas.com.uy/web/6874d8c1bcff3_infocdn.jpg
190114801,Departamento - Pinares,0.0,1.0,1.0,123.0,0.0,Pinares,-34.918002,-54.9765911,2027.0,,False,8,https://www.infocasas.com.uy/departamento-pinares/190114801,https://cdn1.infocasas.com.uy/web/6537dbad002f5_infocdn.jpg
192800352,"Apartamento en Punta del Este, Mansa",107300.0,0.0,1.0,32.0,44.0,Playa Mansa,0,0,,,False,9,https://www.infocasas.com.uy/apartamento-en-punta-del-este-mansa/192800352,https://cdn1.infocasas.com.uy/repo/img/15377_KBR-571-TRA_256.jpg
193335186,NIRAM UN PROYECTO CUIDADO UNIDADES.,158000.0,1.0,1.0,43.0,60.0,Punta Ballena,0,0,2027.0,,False,9,https://www.infocasas.com.uy/niram-un-proyecto-cuidado-unidades/193335186,https://cdn1.infocasas.com.uy/repo/img/173255338_EV-4079-TRA_918.jpg
192188513,"Apartamento en venta en Las Grutas, Punta Ballena  - Niran  - Ref : PBI14553",340000.0,3.0,3.0,211.0,211.0,Playa las Grutas,-34.90439144660783,-55.031929135677345,,,False,9,https://www.infocasas.com.uy/apartamento-en-venta-en-las-grutas-punta-ballena-niran-ref-pbi14553/192188513,https://cdn1.infocasas.com.uy/repo/img/148805_PBI-14553-TRA_563.jpg
193044397,¡OPORTUNIDAD VENTA EN POZO! Apartamento De 1 Dormitorio En 4H Maldonado,96478.0,1.0,1.0,42.0,42.0,Maldonado,-34.89207382266866,-54.977212609587106,,,False,9,https://www.infocasas.com.uy/¡oportunidad-venta-en-pozo-apartamento-de-1-dormitorio-en-4h-maldonado/193044397,https://cdn1.infocasas.com.uy/repo/img/175659749_EBR-812-TRA_988.jpg
190630422,Torres del Este - Departamento de 2 dorm. en ventar . OPORTUNIDAD - financiacion,268222.0,2.0,2.0,74.0,98.0,Playa Mansa,0,0,2025.0,,False,9,https://www.infocasas.com.uy/torres-del-este-departamento-de-2-dorm-en-ventar-oportunidad-financiacion/190630422,https://cdn1.infocasas.com.uy/repo/img/173012432_NDM-18037-TRA_504.jpg
193283454,"Apartamento de 1 dormitorio sobre Ave. Roosevelt, Playa Mansa. Entrega 2029",107419.0,1.0,1.0,39.0,49.0,Punta del Este,-34.9351083,-54.9388404,2026.0,,False,9,https://www.infocasas.com.uy/apartamento-de-1-dormitorio-sobre-ave-roosevelt-playa-mansa-entrega-2029/193283454,https://cdn1.infocasas.com.uy/repo/img/10668_ARQ-528-TRA_370.jpg
193244315,"Apartamento de 1 dormitorio en Baleia, Lomo de la Ballena, Punta Ballena - Baleia - Ref : PBI14162",220000.0,1.0,1.0,96.0,96.0,Punta Ballena,-34.90131847925213,-55.03988598546393,2026.0,,False,9,https://www.infocasas.com.uy/apartamento-de-1-dormitorio-en-baleia-lomo-de-la-ballena-punta-ballena-baleia-ref-pbi14162/193244315,https://cdn1.infocasas.com.uy/repo/img/148805_PBI-14162-TRA_658.jpg
192645081,"Apartamento en venta de 2 dormitorios en Mansa Tower, Punta del Este",179000.0,2.0,2.0,70.0,84.0,Roosevelt,-34.922065492278804,-54.952307771688844,2025.0,,False,9,https://www.infocasas.com.uy/apartamento-en-venta-de-2-dormitorios-en-mansa-tower-punta-del-este/192645081,https://cdn1.infocasas.com.uy/repo/img/599524_PAR-8711-TRA_486.jpg
192280567,Apartamento En Piriápolis (san Francisco),143000.0,1.0,1.0,47.0,47.0,San Francisco ,-34.88539410000001,-55.274266,,,False,9,https://www.infocasas.com.uy/apartamento-en-piriapolis-san-francisco/192280567,https://cdn1.infocasas.com.uy/repo/img/245_7053_642.jpg
192612219,"Apartamento en venta de 1 dormitorio en Mansa Tower, Punta del Este.",137000.0,1.0,1.0,46.0,52.0,Roosevelt,-34.922065492278804,-54.952307771688844,2025.0,,False,9,https://www.infocasas.com.uy/apartamento-en-venta-de-1-dormitorio-en-mansa-tower-punta-del-este/192612219,https://cdn1.infocasas.com.uy/repo/img/599524_PAR-8710-TRA_324.jpg
192314708,Apartamento 1 dormitorio 1 baño en Piriapolis - Edificio GRAND BAY II SS107 - EN POZO,143000.0,1.0,1.0,76.0,84.0,San Francisco ,-34.887858292445394,-55.27590160568236,2027.0,,False,9,https://www.infocasas.com.uy/apartamento-1-dormitorio-1-baño-en-piriapolis-edificio-grand-bay-ii-ss107-en-pozo/192314708,https://cdn1.infocasas.com.uy/repo/img/173621583_LBZ-753-TRA_312.jpg
193482834,Oportunidad para Invertir 1 dormitorio,139500.0,1.0,1.0,0.0,0.0,Maldonado,0,0,,,False,9,https://www.infocasas.com.uy/oportunidad-para-invertir-1-dormitorio/193482834,https://cdn1.infocasas.com.uy/repo/img/147015_IPD-40397-TRA_26.jpg
192779513,Departamento de 1 dormitorio en venta - Lanzamiento Margherita A Mare Residences - Ref : EQP7690,200000.0,1.0,1.0,44.0,64.0,Península,0,0,,,False,9,https://www.infocasas.com.uy/departamento-de-1-dormitorio-en-venta-lanzamiento-margherita-a-mare-residences-ref-eqp7690/192779513,https://cdn1.infocasas.com.uy/repo/img/176001116_EQP-7690-TRA_189.jpg
192633723,"Apartamento en Venta 1 dormitorio, Zona Roosevelt Ideal Inversión",212700.0,1.0,1.0,52.0,58.0,Roosevelt,0,0,2028.0,,False,9,https://www.infocasas.com.uy/apartamento-en-venta-1-dormitorio-zona-roosevelt-ideal-inversion/192633723,https://cdn1.infocasas.com.uy/repo/img/203121_SIP-12842-TRA_648.jpg
193693787,"Departamento de 3 dormitorios en venta, edif premium frente al mar, financiacion",1737500.0,3.0,3.0,170.0,220.0,Península,0,0,,,False,9,https://www.infocasas.com.uy/departamento-de-3-dormitorios-en-venta-edif-premium-frente-al-mar-financiacion/193693787,https://cdn1.infocasas.com.uy/repo/img/173012432_NDM-29918-TRA_78.jpg
193512434,✨ NIRÁN - Punta Ballena ✨,221000.0,2.0,2.0,114.0,114.0,Playa las Grutas,-34.9047857,-55.0340325,,,False,9,https://www.infocasas.com.uy/✨-niran-punta-ballena-✨/193512434,https://cdn1.infocasas.com.uy/repo/img/173211400_SPP-16662-TRA_244.jpg
193384680,"EXCLUSIVO - Pre-Lanzamiento  - con financiacion, 2 dormitorios en venta.",205000.0,2.0,2.0,61.0,77.0,Playa Mansa,0,0,2025.0,,False,9,https://www.infocasas.com.uy/exclusivo-prelanzamiento-con-financiacion-2-dormitorios-en-venta/193384680,https://cdn1.infocasas.com.uy/repo/img/173012432_NDM-16860-TRA_722.jpg
193456238,"Departamento de 3 dormitorios en venta con financiacion, View Brava Punta del Este",543062.0,3.0,3.0,122.0,180.0,Playa Brava,0,0,,,False,9,https://www.infocasas.com.uy/departamento-de-3-dormitorios-en-venta-con-financiacion-view-brava-punta-del-este/193456238,https://cdn1.infocasas.com.uy/repo/img/173012432_NDM-28950-TRA_606.jpg
192675158,Departamento de dos dormitorios en venta,316059.0,2.0,2.0,75.0,106.0,La Barra,0,0,,,False,9,https://www.infocasas.com.uy/departamento-de-dos-dormitorios-en-venta/192675158,https://cdn1.infocasas.com.uy/repo/img/94_CNP-16615-TRA_633.jpg
193067765,"Nuevo Lanzamiento en Punta del Este, PROYECTO MODELO",592570.0,3.0,2.0,112.0,170.0,Península,0,0,,,False,9,https://www.infocasas.com.uy/nuevo-lanzamiento-en-punta-del-este-proyecto-modelo/193067765,https://cdn1.infocasas.com.uy/repo/img/173012432_NDM-27793-TRA_782.jpg
192501549,"Vende apartamento de 1 dormitorio en Mansa, Punta del Este.",189004.0,1.0,1.0,49.0,94.0,Playa Mansa,0,0,,,False,9,https://www.infocasas.com.uy/vende-apartamento-de-1-dormitorio-en-mansa-punta-del-este/192501549,https://cdn1.infocasas.com.uy/repo/img/173012432_NDM-23475-TRA_544.jpg
192000020,"Venta en pozo, Apartamento de dos dormitorios",385000.0,2.0,2.0,78.0,112.0,La Barra,0,0,,,False,9,https://www.infocasas.com.uy/venta-en-pozo-apartamento-de-dos-dormitorios/192000020,https://cdn1.infocasas.com.uy/repo/img/94_CNP-15912-TRA_37.jpg
192129532,AURORA - PRIMERA LINEA MANSA - 3 DORM.,700000.0,3.0,3.0,150.0,189.0,Playa Mansa,0,0,,,False,9,https://www.infocasas.com.uy/aurora-primera-linea-mansa-3-dorm/192129532,https://cdn1.infocasas.com.uy/repo/img/256162_MKT-6323-TRA_374.jpg
191921348,Departamento en Venta de Cuatro Dormitorios en Pozo,1344000.0,4.0,4.0,212.0,272.0,Playa Brava,0,0,,,False,9,https://www.infocasas.com.uy/departamento-en-venta-de-cuatro-dormitorios-en-pozo/191921348,https://cdn1.infocasas.com.uy/repo/img/405_CCP-37567-TRA_364.jpg
190529053,Promenade 303,200000.0,2.0,2.0,89.0,89.0,Punta del Este,-34.926861978190324,-54.94975063095223,,,True,9,https://www.infocasas.com.uy/promenade-303/190529053,https://cdn1.infocasas.com.uy/repo/img/2927cfa4b0223285a48607cbf10a22bbe0eedf14.jpg
190285887,Altos de San Rafael,368000.0,2.0,1.0,76.0,91.0,San Rafael,0,0,2025.0,,False,9,https://www.infocasas.com.uy/altos-de-san-rafael/190285887,https://cdn1.infocasas.com.uy/repo/img/147015_IPD-39582-TRA_363.jpg
190876424,Departamento en pozo 1 dormitorio,221874.0,1.0,1.0,39.0,88.0,Roosevelt,0,0,2028.0,,False,9,https://www.infocasas.com.uy/departamento-en-pozo-1-dormitorio/190876424,https://cdn1.infocasas.com.uy/repo/img/94_CNP-14284-TRA_139.jpg
191004090,Venta de apartamento 3 dormitorios 3 baños en pozo primera linea playa Mansa,528800.0,3.0,3.0,166.0,196.0,Playa Mansa,0,0,2025.0,,False,9,https://www.infocasas.com.uy/venta-de-apartamento-3-dormitorios-3-baños-en-pozo-primera-linea-playa-mansa/191004090,https://cdn1.infocasas.com.uy/repo/img/1189_MYT-4708-TRA_869.jpg
190869499,Departamento en pozo de 1 dormotorio,201607.0,1.0,1.0,41.0,52.0,Roosevelt,0,0,2028.0,,False,9,https://www.infocasas.com.uy/departamento-en-pozo-de-1-dormotorio/190869499,https://cdn1.infocasas.com.uy/repo/img/94_CNP-14207-TRA_128.jpg
192141785,En venta hermoso departamento en Punta del Este. Ideal para renta.,177000.0,1.0,1.0,46.0,50.0,Roosevelt,0,0,2026.0,,False,9,https://www.infocasas.com.uy/en-venta-hermoso-departamento-en-punta-del-este-ideal-para-renta/192141785,https://cdn1.infocasas.com.uy/repo/img/599524_PAR-10704-TRA_206.jpg
193490114,"Venta apartamento Loft, Roosevelt - Punta del Este",115971.0,0.0,1.0,28.0,38.0,Roosevelt,-34.92642216022578,-54.94925146301268,2028.0,,False,9,https://www.infocasas.com.uy/venta-apartamento-loft-roosevelt-punta-del-este/193490114,https://cdn1.infocasas.com.uy/repo/img/694874_DMC-16584-TRA_981.jpg
193132939,Pre Venta EVE Tower - Monoambiente A Pocos Metros De Playa Brava,132711.0,0.0,1.0,37.0,39.0,Punta del Este,-34.9447651,-54.92841929999999,2027.0,,False,9,https://www.infocasas.com.uy/pre-venta-eve-tower-monoambiente-a-pocos-metros-de-playa-brava/193132939,https://cdn1.infocasas.com.uy/repo/img/175659749_EBR-257-TRA_869.jpg
193693763,"Departamento de 2 dormitorios en venta,  en Pozo a Estrenar, Proyecto Sofia del Mar",1136000.0,2.0,2.0,150.0,169.0,Península,0,0,,,False,9,https://www.infocasas.com.uy/departamento-de-2-dormitorios-en-venta-en-pozo-a-estrenar-proyecto-sofia-del-mar/193693763,https://cdn1.infocasas.com.uy/repo/img/173012432_NDM-29912-TRA_349.jpg
193693719,"Sofia del Mar , departamento de 2 dormitorios en venta, torre premiun frente al mar, Financiacion",1136000.0,2.0,2.0,150.0,169.0,Península,0,0,,,False,9,https://www.infocasas.com.uy/sofia-del-mar-departamento-de-2-dormitorios-en-venta-torre-premiun-frente-al-mar-financiacion/193693719,https://cdn1.infocasas.com.uy/repo/img/173012432_NDM-29911-TRA_650.jpg
193287131,"LATITUD 31 - NUEVO DESARROLLO EN RINCÓN DEL INDIO, PUNTA DEL ESTE",399500.0,2.0,2.0,105.0,139.0,Playa Brava,0,0,2026.0,,False,9,https://www.infocasas.com.uy/latitud-31-nuevo-desarrollo-en-rincon-del-indio-punta-del-este/193287131,https://cdn1.infocasas.com.uy/repo/img/175314062_ERE-331-TRA_728.jpg
193557112,"Nostrum Roosevelt Punta Del Este | Apartamentos En Pozo 1, 2 Y 3 Dormitorios",107419.0,1.0,1.0,43.38,43.38,Roosevelt,-34.922117834288215,-54.95268370619977,,,True,9,https://www.infocasas.com.uy/nostrum-roosevelt-punta-del-este-apartamentos-en-pozo-1-2-y-3-dormitorios/193557112,https://cdn2.infocasas.com.uy/repo/img/69c2cb8aa9c83_infocdn__tbs6jy0x0rvycqykc9h8mezhf9xjwobfc2nwawssjpg.jpg
193206592,"VENTA APARTAMENTO 3 DORMITORIOS, MONTOYA LA BARRA",600000.0,3.0,2.0,159.0,0.0,Montoya,-34.911059699433004,-54.85322498465577,,,False,9,https://www.infocasas.com.uy/venta-apartamento-3-dormitorios-montoya-la-barra/193206592,https://cdn1.infocasas.com.uy/repo/img/173608396_HAUS-3762-TRA_173.jpg
192912919,"Departamento de 3 dormitorios en suite, proyecto Quartier Brava 30",594555.0,3.0,3.0,158.0,158.0,Playa Brava,0,0,,,False,9,https://www.infocasas.com.uy/departamento-de-3-dormitorios-en-suite-proyecto-quartier-brava-30/192912919,https://cdn1.infocasas.com.uy/repo/img/173012432_NDM-27332-TRA_360.jpg
193692093,"Nuevo Lanzamiento en Punta del Este, PROYECTO MODELO",592570.0,3.0,2.0,112.0,170.0,Península,0,0,,,False,9,https://www.infocasas.com.uy/nuevo-lanzamiento-en-punta-del-este-proyecto-modelo/193692093,https://cdn1.infocasas.com.uy/repo/img/883204_EADM-2244-TRA_161.jpg
193555439,"Venta apartamento 2 dormitorios  - Roosevelt, Punta del Este",209000.0,2.0,2.0,73.0,88.0,Roosevelt,-34.92195344534333,-54.957834531860335,2027.0,,False,9,https://www.infocasas.com.uy/venta-apartamento-2-dormitorios-roosevelt-punta-del-este/193555439,https://cdn1.infocasas.com.uy/repo/img/694874_DMC-16710-TRA_397.jpg
193351126,"LATITUD 31 | NUEVO DESARROLLO EN RINCÓN DEL INDIO, PUNTA DEL ESTE",399500.0,2.0,2.0,100.0,133.0,Playa Brava,0,0,2026.0,,False,9,https://www.infocasas.com.uy/latitud-31-nuevo-desarrollo-en-rincon-del-indio-punta-del-este/193351126,https://cdn1.infocasas.com.uy/repo/img/176651596_VDS-4944-TRA_295.jpg
191084634,"Venta apartamento 2 dormitorios, Playa Brava - SLS - Ref : PBI13824",555000.0,2.0,3.0,129.0,0.0,Playa Brava,-34.9418848502062,-54.92378120620726,,,False,9,https://www.infocasas.com.uy/venta-apartamento-2-dormitorios-playa-brava-sls-ref-pbi13824/191084634,https://cdn1.infocasas.com.uy/repo/img/148805_PBI-13824-TRA_436.jpg
192383483,"Gran oportunidad, departamento frente al mar con vista a la bahia en venta. Torre Venetian. - Ref : EQP6628",769000.0,2.0,2.0,115.0,150.0,Playa Mansa,0,0,2022.0,,False,9,https://www.infocasas.com.uy/gran-oportunidad-departamento-frente-al-mar-con-vista-a-la-bahia-en-venta-torre-venetian-ref-eqp6628/192383483,https://cdn1.infocasas.com.uy/repo/img/176001116_EQP-6628-TRA_354.jpg
192314712,Apartamento 2 dormitorios 2 baños en Piriapolis - Edificio GRAND BAY II SS110 - EN POZO,270000.0,2.0,2.0,130.0,144.0,San Francisco ,-34.887858292445394,-55.27590160568236,2027.0,,False,9,https://www.infocasas.com.uy/apartamento-2-dormitorios-2-baños-en-piriapolis-edificio-grand-bay-ii-ss110-en-pozo/192314712,https://cdn1.infocasas.com.uy/repo/img/173621583_LBZ-756-TRA_898.jpg
191109347,"Departamento frente al mar en venta, Piso alto. 3 dormitorios. Torre Le Parc,  Punta del Este",1120000.0,3.0,3.0,168.0,212.0,Punta del Este,0,0,,,False,9,https://www.infocasas.com.uy/departamento-frente-al-mar-en-venta-piso-alto-3-dormitorios-torre-le-parc-punta-del-este/191109347,https://cdn1.infocasas.com.uy/repo/img/173012432_NDM-19860-TRA_296.jpg
190934933,Excepcional Proyecto De Edificios En Grutas De La Ballena,141960.0,2.0,1.0,53.0,53.0,Punta Ballena,-34.90719327170696,-55.04035676322938,2024.0,,False,9,https://www.infocasas.com.uy/excepcional-proyecto-de-edificios-en-grutas-de-la-ballena/190934933,https://cdn1.infocasas.com.uy/repo/img/351d83cc5cf7a6bb00432630542581130c93c5be.jpg
190167538,"Walmer Lagoon.  Unidad en venta,  a estrenar frente al mar, 2 dormitorios, amplia terraza.",435000.0,2.0,2.0,84.0,170.0,Playa Mansa,0,0,,,False,9,https://www.infocasas.com.uy/walmer-lagoon-unidad-en-venta-a-estrenar-frente-al-mar-2-dormitorios-amplia-terraza/190167538,https://cdn1.infocasas.com.uy/repo/img/173012432_NDM-15985-TRA_397.jpg
193633957,"LATITUD 31 | NUEVO DESARROLLO EN RINCÓN DEL INDIO, PUNTA DEL ESTE",398000.0,2.0,2.0,99.0,133.0,Playa Brava,0,0,2026.0,,False,9,https://www.infocasas.com.uy/latitud-31-nuevo-desarrollo-en-rincon-del-indio-punta-del-este/193633957,https://cdn1.infocasas.com.uy/repo/img/175716718_CHZ-3256-TRA_326.jpg
193744636,"PROYECTO MODELO, nuevo lanzamiento en Punta del Este, en el corazon de la Peninsula",300641.0,2.0,1.0,65.0,82.0,Península,0,0,,,False,9,https://www.infocasas.com.uy/proyecto-modelo-nuevo-lanzamiento-en-punta-del-este-en-el-corazon-de-la-peninsula/193744636,https://cdn1.infocasas.com.uy/repo/img/202911_TDP-9784-TRA_149.jpg
193594341,Apartamento 2 Dormitorios Torres del Este Punta del Este A Metros de Playa Brava y Mansa,245000.0,2.0,2.0,80.0,80.0,Aidy Grill,0,0,,,False,9,https://www.infocasas.com.uy/apartamento-2-dormitorios-torres-del-este-punta-del-este-a-metros-de-playa-brava-y-mansa/193594341,https://cdn1.infocasas.com.uy/repo/img/173012432_NDM-29668-TRA_887.jpg
193283945,"Apartamento en venta, Punta del Este! Oportunidad de inversión!",196640.0,3.0,2.0,93.0,0.0,Roosevelt,-34.919714551677785,-54.95495432389525,2029.0,,False,9,https://www.infocasas.com.uy/apartamento-en-venta-punta-del-este-oportunidad-de-inversion/193283945,https://cdn1.infocasas.com.uy/repo/img/173903975_KCP-21096934-TRA_200.jpg
192263876,Departamento en venta con vista infinita,1850770.0,3.0,3.0,207.0,316.0,Maldonado,0,0,,,False,9,https://www.infocasas.com.uy/departamento-en-venta-con-vista-infinita/192263876,https://cdn1.infocasas.com.uy/repo/img/94_CNP-16248-TRA_917.jpg
192066452,VENTA DEPARTAMENTO 3 DORMITORIOS PROYECTO EN POZO,530000.0,3.0,2.0,204.0,204.0,Península,0,0,2027.0,,False,9,https://www.infocasas.com.uy/venta-departamento-3-dormitorios-proyecto-en-pozo/192066452,https://cdn1.infocasas.com.uy/repo/img/173608396_HAUS-2966-TRA_820.jpg
191564729,MORE ATLÁNTICO,138000.0,1.0,1.0,56.0,85.0,Maldonado,-34.9171274,-54.9618719,,,False,9,https://www.infocasas.com.uy/more-atlantico/191564729,https://cdn1.infocasas.com.uy/repo/img/949740_INV-2320-TRA_179.jpg
191098619,Venta de apartamento de 5 dormitorios de 810 m2 en piso 36 Barrio San Rafael,6075000.0,5.0,6.0,810.0,810.0,San Rafael,0,0,2027.0,,False,9,https://www.infocasas.com.uy/venta-de-apartamento-de-5-dormitorios-de-810-m2-en-piso-36-barrio-san-rafael/191098619,https://cdn1.infocasas.com.uy/repo/img/1189_MYT-4791-TRA_377.jpg
190879171,Departamento en pozo 1 dormitorio,186336.0,1.0,1.0,39.0,49.0,Roosevelt,0,0,2028.0,,False,9,https://www.infocasas.com.uy/departamento-en-pozo-1-dormitorio/190879171,https://cdn1.infocasas.com.uy/repo/img/94_CNP-14444-TRA_373.jpg
193287503,"Pre-Lanzamiento EXCLUSIVO - compre con financiacion, 1 dormitorio en venta.",168000.0,1.0,1.0,35.0,42.0,Playa Mansa,0,0,2025.0,,False,9,https://www.infocasas.com.uy/prelanzamiento-exclusivo-compre-con-financiacion-1-dormitorio-en-venta/193287503,https://cdn1.infocasas.com.uy/repo/img/173012432_NDM-16864-TRA_525.jpg
193698396,Vende apartamento de 1 dormitorio en torre de categoria en aidy grill,250000.0,1.0,1.0,42.0,50.0,Playa Brava,0,0,2026.0,,False,9,https://www.infocasas.com.uy/vende-apartamento-de-1-dormitorio-en-torre-de-categoria-en-aidy-grill/193698396,https://cdn1.infocasas.com.uy/repo/img/173012432_NDM-13997-TRA_944.jpg
193693800,"2 dormitorios en venta, torre premium frente al mar con vistas unidad, Sofia del Mar, Financiacion",1276800.0,2.0,2.0,150.0,170.0,Península,0,0,,,False,9,https://www.infocasas.com.uy/2-dormitorios-en-venta-torre-premium-frente-al-mar-con-vistas-unidad-sofia-del-mar-financiacion/193693800,https://cdn1.infocasas.com.uy/repo/img/173012432_NDM-29920-TRA_401.jpg
193693828,"Departamento de 3 dormitorios en venta, edif. premium frente al mar, financiacion, Sofia del Mar",1447000.0,3.0,3.0,154.0,188.0,Península,0,0,,,False,9,https://www.infocasas.com.uy/departamento-de-3-dormitorios-en-venta-edif-premium-frente-al-mar-financiacion-sofia-del-mar/193693828,https://cdn1.infocasas.com.uy/repo/img/173012432_NDM-29924-TRA_509.jpg
193692625,"PROYECTO MODELO, nuevo lanzamiento en Punta del Este, en el corazon de la Peninsula",300641.0,2.0,1.0,65.0,82.0,Península,0,0,,,False,9,https://www.infocasas.com.uy/proyecto-modelo-nuevo-lanzamiento-en-punta-del-este-en-el-corazon-de-la-peninsula/193692625,https://cdn1.infocasas.com.uy/repo/img/59163_COL-10959-TRA_360.jpg
193702594,"Departamento de 2 dormitorios a estrenar, proximo al mar, Torres del Este",348677.0,2.0,2.0,74.0,98.0,Playa Mansa,0,0,2025.0,,False,9,https://www.infocasas.com.uy/departamento-de-2-dormitorios-a-estrenar-proximo-al-mar-torres-del-este/193702594,https://cdn1.infocasas.com.uy/repo/img/173012432_NDM-29789-TRA_470.jpg
193701131,"PROYECTO MODELO, nuevo lanzamiento en Punta del Este, en el corazon de la Peninsula",300641.0,2.0,1.0,65.0,82.0,Península,0,0,,,False,9,https://www.infocasas.com.uy/proyecto-modelo-nuevo-lanzamiento-en-punta-del-este-en-el-corazon-de-la-peninsula/193701131,https://cdn1.infocasas.com.uy/repo/img/176713292_ALX-1798-TRA_211.jpg
193692533,"PROYECTO MODELO, nuevo lanzamiento en Punta del Este, en el corazon de la Peninsula",300641.0,2.0,1.0,65.0,82.0,Península,0,0,,,False,9,https://www.infocasas.com.uy/proyecto-modelo-nuevo-lanzamiento-en-punta-del-este-en-el-corazon-de-la-peninsula/193692533,https://cdn1.infocasas.com.uy/repo/img/173898037_BYH-7109-TRA_997.jpg
193058661,"Lanzamiento, Torres del Este - Departamento de 2 dorm. en venta a metros del mar . OPORTUNIDAD - financiacion",375000.0,2.0,2.0,74.0,98.0,Playa Mansa,0,0,2025.0,,False,9,https://www.infocasas.com.uy/lanzamiento-torres-del-este-departamento-de-2-dorm-en-venta-a-metros-del-mar-oportunidad-financiacion/193058661,https://cdn1.infocasas.com.uy/repo/img/173012432_NDM-15752-TRA_183.jpg
192398967,"Apartamento en venta de 2 dormitorios en el Tesoro, La Barra",441225.0,2.0,2.0,86.0,169.0,La Barra,0,0,,,False,9,https://www.infocasas.com.uy/apartamento-en-venta-de-2-dormitorios-en-el-tesoro-la-barra/192398967,https://cdn1.infocasas.com.uy/repo/img/173012432_NDM-26223-TRA_125.jpg
193140300,Departamento 3 dormitorios en Pozo en Montoya a pasos del mar,690000.0,3.0,3.0,201.0,223.0,Montoya,0,0,2028.0,,False,9,https://www.infocasas.com.uy/departamento-3-dormitorios-en-pozo-en-montoya-a-pasos-del-mar/193140300,https://cdn1.infocasas.com.uy/repo/img/405_CCP-39331-TRA_485.jpg
193325925,Departamento en Pozo duplex en Manantiales a 1 cuadra de Bikini Beach,1600000.0,3.0,3.0,121.0,273.0,Manantiales,0,0,,,False,9,https://www.infocasas.com.uy/departamento-en-pozo-duplex-en-manantiales-a-1-cuadra-de-bikini-beach/193325925,https://cdn1.infocasas.com.uy/repo/img/405_CCP-39620-TRA_824.jpg
192021534,VENTA DEPARTAMENTO A ESTRENAR EN PLAYA BRAVA ZANZIBAR,165000.0,1.0,1.0,62.0,62.0,Playa Brava,0,0,2025.0,,False,9,https://www.infocasas.com.uy/venta-departamento-a-estrenar-en-playa-brava-zanzibar/192021534,https://cdn1.infocasas.com.uy/repo/img/173608396_HAUS-2928-TRA_308.jpg
191823849,"VIEW BRAVA: La Nueva Joya de Punta del Este, Departamento de 1 dormitorio y medio",177633.0,1.0,1.0,58.0,58.0,Playa Brava,0,0,2029.0,,False,9,https://www.infocasas.com.uy/view-brava-la-nueva-joya-de-punta-del-este-departamento-de-1-dormitorio-y-medio/191823849,https://cdn1.infocasas.com.uy/repo/img/599524_PAR-10453-TRA_262.jpg
190656094,"Departamento de 2 dormitorios en venta frente al mar Trump Tower, Punta del Este",811000.0,2.0,2.0,119.0,162.0,Playa Brava,0,0,,,False,9,https://www.infocasas.com.uy/departamento-de-2-dormitorios-en-venta-frente-al-mar-trump-tower-punta-del-este/190656094,https://cdn1.infocasas.com.uy/repo/img/173012432_NDM-19764-TRA_483.jpg
190529041,Torre Manglar,300500.0,3.0,3.0,181.0,181.0,Punta del Este,-34.95050328380495,-54.92838005915571,,,True,9,https://www.infocasas.com.uy/torre-manglar/190529041,https://cdn1.infocasas.com.uy/repo/img/a0ae4d2de89722d7e1fd2906ee0525ee1e8b9f28.jpg
190850998,"Venta Departamento  1 Dormitorio,  Roosevelt - Punta del Este",154880.0,1.0,1.0,43.0,55.0,Roosevelt,-34.92195344534333,-54.957834531860335,2027.0,,False,9,https://www.infocasas.com.uy/venta-departamento-1-dormitorio-roosevelt-punta-del-este/190850998,https://cdn1.infocasas.com.uy/repo/img/694874_DMC-12223-TRA_157.jpg
190473608,Apartamento en la Peninsula,152500.0,1.0,1.0,50.0,61.0,Península,0,0,2024.0,,False,9,https://www.infocasas.com.uy/apartamento-en-la-peninsula/190473608,https://cdn1.infocasas.com.uy/repo/img/94_CNP-13255-TRA_131.jpg
193593350,"Departamento de 1 dormitorio en venta, proyecto con financiacion",185000.0,1.0,1.0,52.0,52.0,Roosevelt,0,0,2026.0,,False,9,https://www.infocasas.com.uy/departamento-de-1-dormitorio-en-venta-proyecto-con-financiacion/193593350,https://cdn1.infocasas.com.uy/repo/img/173012432_NDM-29665-TRA_21.jpg
193087619,"Invierta en torre de jerarquía frente al mar en Pozo, Le Parc IV",1250000.0,3.0,3.0,167.0,212.0,Punta del Este,0,0,,,False,9,https://www.infocasas.com.uy/invierta-en-torre-de-jerarquia-frente-al-mar-en-pozo-le-parc-iv/193087619,https://cdn1.infocasas.com.uy/repo/img/132785_RSP-17590-TRA_776.jpg
190721089,torre cardinal 2 - Torres Cardinal norte-este-central - Ref : PBI13094,154500.0,1.0,1.0,65.0,75.0,Maldonado,-34.91312086003569,-54.95995884140013,2025.0,,False,9,https://www.infocasas.com.uy/torre-cardinal-2-torres-cardinal-norteestecentral-ref-pbi13094/190721089,https://cdn1.infocasas.com.uy/repo/img/148805_PBI-13094-TRA_845.jpg
190626543,"Excelente ubicación, con vista a la laguna y la bahía, 2 dormitorios frente al mar",483378.0,2.0,2.0,88.0,127.0,Playa Mansa,0,0,,,False,9,https://www.infocasas.com.uy/excelente-ubicacion-con-vista-a-la-laguna-y-la-bahia-2-dormitorios-frente-al-mar/190626543,https://cdn1.infocasas.com.uy/repo/img/173012432_NDM-13832-TRA_4.jpg
193560079,"Venta apartamento 3 dormitorios. Playa mansa, Punta del Este.",420704.0,3.0,2.0,116.0,136.0,Playa Mansa,-34.951365080661276,-54.93749265869139,2026.0,,False,9,https://www.infocasas.com.uy/venta-apartamento-3-dormitorios-playa-mansa-punta-del-este/193560079,https://cdn1.infocasas.com.uy/repo/img/694874_DMC-16722-TRA_752.jpg
193661973,Apartamento 3 dormitorios sobre roosevelt,165000.0,3.0,2.0,80.0,106.0,Roosevelt,0,0,2025.0,,False,9,https://www.infocasas.com.uy/apartamento-3-dormitorios-sobre-roosevelt/193661973,https://cdn1.infocasas.com.uy/repo/img/173012432_NDM-29837-TRA_145.jpg
193260435,"Departamento de 2 dormitorios a pasos de mar en venta, proxima ocupacion. Torres del Este",328951.0,2.0,2.0,63.0,78.0,Playa Mansa,0,0,2025.0,,False,9,https://www.infocasas.com.uy/departamento-de-2-dormitorios-a-pasos-de-mar-en-venta-proxima-ocupacion-torres-del-este/193260435,https://cdn1.infocasas.com.uy/repo/img/173012432_NDM-28413-TRA_65.jpg
193513409,"ERRE16: tu vida, a tu ritmo.",130186.0,1.0,1.0,52.0,52.0,Roosevelt,-34.9318414,-54.9429892,,,False,9,https://www.infocasas.com.uy/erre16-tu-vida-a-tu-ritmo/193513409,https://cdn1.infocasas.com.uy/repo/img/173211400_SPP-16607-TRA_962.jpg
193691776,"Invierta en Punta del Este, excelente ubicacion de apartamento de 2 dormitorios",280000.0,2.0,2.0,69.0,89.0,Playa Brava,0,0,,,False,9,https://www.infocasas.com.uy/invierta-en-punta-del-este-excelente-ubicacion-de-apartamento-de-2-dormitorios/193691776,https://cdn1.infocasas.com.uy/repo/img/175659749_EBR-890-TRA_463.jpg
193222528,Manglar el mar a tus pies.  Playa Brava,198000.0,1.0,1.0,48.0,58.0,Playa Brava,0,0,2028.0,,False,9,https://www.infocasas.com.uy/manglar-el-mar-a-tus-pies-playa-brava/193222528,https://cdn1.infocasas.com.uy/repo/img/173255338_EV-3942-TRA_515.jpg
192928011,Gran departamento en reventa de 2 dormitorios en Torre Manglar,320000.0,2.0,2.0,69.0,93.0,Playa Brava,0,0,2026.0,,False,9,https://www.infocasas.com.uy/gran-departamento-en-reventa-de-2-dormitorios-en-torre-manglar/192928011,https://cdn1.infocasas.com.uy/repo/img/173012432_NDM-18016-TRA_354.jpg
190913042,Departamento de 3 dormitorios con amplia financiacion Punta del Este,445500.0,3.0,3.0,122.0,181.0,Playa Brava,0,0,,,False,9,https://www.infocasas.com.uy/departamento-de-3-dormitorios-con-amplia-financiacion-punta-del-este/190913042,https://cdn1.infocasas.com.uy/repo/img/173012432_NDM-21720-TRA_874.jpg
192779724,¡Lanzamiento! Oportunidad En Península Apto 2 Dormitorios - Margherita a Mare,470000.0,2.0,2.0,93.0,0.0,Península,-34.96617461527655,-54.94480861946564,2027.0,,False,9,https://www.infocasas.com.uy/¡lanzamiento-oportunidad-en-peninsula-apto-2-dormitorios-margherita-a-mare/192779724,https://cdn1.infocasas.com.uy/repo/img/175659749_EBR-748-TRA_682.jpg
192780385,Venta Lanzamiento Apartamento 1 dormitorio en Margherita,200000.0,1.0,1.0,44.0,64.0,Península,0,0,,,False,9,https://www.infocasas.com.uy/venta-lanzamiento-apartamento-1-dormitorio-en-margherita/192780385,https://cdn1.infocasas.com.uy/repo/img/173245385_NEF-2507-TRA_249.jpg
193582269,APARTAMENTO EN VENTA 1 DORMITORIO - MANGLAR,194350.0,1.0,1.0,43.0,51.0,Playa Brava,-34.949316858127496,-54.93164523186037,,,False,9,https://www.infocasas.com.uy/apartamento-en-venta-1-dormitorio-manglar/193582269,https://cdn1.infocasas.com.uy/repo/img/173211400_SPP-16996-TRA_545.jpg
193702595,Departamento de 2 dormitorios en venta,352569.0,2.0,2.0,74.0,98.0,Playa Mansa,0,0,2025.0,,False,9,https://www.infocasas.com.uy/departamento-de-2-dormitorios-en-venta/193702595,https://cdn1.infocasas.com.uy/repo/img/173012432_NDM-29790-TRA_943.jpg
193698121,Apartamento de 1 dormitorio a estrenar a pasos de playa brava,240000.0,1.0,1.0,51.0,63.0,Playa Brava,0,0,2025.0,,False,9,https://www.infocasas.com.uy/apartamento-de-1-dormitorio-a-estrenar-a-pasos-de-playa-brava/193698121,https://cdn1.infocasas.com.uy/repo/img/694874_DMC-16956-TRA_345.jpg
193701139,Lanzamiento: Unidad de 170 m² en la Península - Proyecto Modelo,592570.0,3.0,2.0,112.0,170.0,Península,0,0,,,False,9,https://www.infocasas.com.uy/lanzamiento-unidad-de-170-m²-en-la-peninsula-proyecto-modelo/193701139,https://cdn1.infocasas.com.uy/repo/img/176713292_ALX-1800-TRA_407.jpg
193692539,"PROYECTO MODELO, nuevo lanzamiento en Punta del Este",173251.0,1.0,1.0,43.0,54.0,Península,0,0,,,False,9,https://www.infocasas.com.uy/proyecto-modelo-nuevo-lanzamiento-en-punta-del-este/193692539,https://cdn1.infocasas.com.uy/repo/img/173608396_HAUS-4040-TRA_436.jpg
193559737,Invierta en Punta del este en hasta 100 cuotas. Departamentos en venta.,165000.0,1.0,1.0,49.0,63.0,Playa Brava,0,0,,,False,9,https://www.infocasas.com.uy/invierta-en-punta-del-este-en-hasta-100-cuotas-departamentos-en-venta/193559737,https://cdn1.infocasas.com.uy/repo/img/175664160_ASZ-4134-TRA_779.jpg
193469871,Venta apartamento 2 dormitorios esquinero con vista al mar en Manglar Albor,440000.0,2.0,2.0,109.0,157.0,Playa Brava,0,0,,,False,9,https://www.infocasas.com.uy/venta-apartamento-2-dormitorios-esquinero-con-vista-al-mar-en-manglar-albor/193469871,https://cdn1.infocasas.com.uy/repo/img/176713292_ALX-1554-TRA_413.jpg
192640765,"Agradable y cómodo departamento de 3 dormitorios en Venta, Brava- Punta del Este",378000.0,3.0,2.0,93.0,119.0,Playa Brava,0,0,2026.0,,False,9,https://www.infocasas.com.uy/agradable-y-comodo-departamento-de-3-dormitorios-en-venta-brava-punta-del-este/192640765,https://cdn1.infocasas.com.uy/repo/img/173012432_NDM-14077-TRA_287.jpg
192531814,"Lanzamiento. En venta esplendido departamento en Brava, Punta del Este.",295500.0,2.0,2.0,72.0,87.0,Playa Brava,0,0,2026.0,,False,9,https://www.infocasas.com.uy/lanzamiento-en-venta-esplendido-departamento-en-brava-punta-del-este/192531814,https://cdn1.infocasas.com.uy/repo/img/173012432_NDM-17013-TRA_473.jpg
192581143,"Apartamento en Punta del Este, Roosevelt",116000.0,0.0,1.0,38.0,39.0,Roosevelt,0,0,,,False,9,https://www.infocasas.com.uy/apartamento-en-punta-del-este-roosevelt/192581143,https://cdn1.infocasas.com.uy/repo/img/15377_KBR-538-TRA_144.jpg
192152373,"Espectacular apartamento en venta de 2 dormitorios frente al mar en Brava, Punta del Este.",250000.0,2.0,1.0,60.0,227.0,Playa Brava,0,0,2024.0,,False,9,https://www.infocasas.com.uy/espectacular-apartamento-en-venta-de-2-dormitorios-frente-al-mar-en-brava-punta-del-este/192152373,https://cdn1.infocasas.com.uy/repo/img/173012432_NDM-8900-TRA_351.jpg
190113523,Vendo departamento 2 dormitorios a estrenar en el centro de Maldonado,142000.0,2.0,1.0,93.0,93.0,Maldonado,0,0,,,False,9,https://www.infocasas.com.uy/vendo-departamento-2-dormitorios-a-estrenar-en-el-centro-de-maldonado/190113523,https://cdn1.infocasas.com.uy/repo/img/173104404_VIP-1456-TRA_340.jpg
193693781,"Departamento de 3 domritorios en venta con financiacion, Edificio Premium frente al mar",1328700.0,3.0,3.0,170.0,204.0,Península,0,0,,,False,9,https://www.infocasas.com.uy/departamento-de-3-domritorios-en-venta-con-financiacion-edificio-premium-frente-al-mar/193693781,https://cdn1.infocasas.com.uy/repo/img/173012432_NDM-29917-TRA_223.jpg
193738425,En venta apartamento de 2 dormitorios a estrenar en Punta del Este,220604.0,2.0,2.0,76.0,76.0,Roosevelt,0,0,,,False,9,https://www.infocasas.com.uy/en-venta-apartamento-de-2-dormitorios-a-estrenar-en-punta-del-este/193738425,https://cdn1.infocasas.com.uy/repo/img/173012432_NDM-30030-TRA_562.jpg
193738426,Vende apartamento de 3 dormitorios en Punta del Este,373760.0,3.0,2.0,138.0,138.0,Roosevelt,0,0,,,False,9,https://www.infocasas.com.uy/vende-apartamento-de-3-dormitorios-en-punta-del-este/193738426,https://cdn1.infocasas.com.uy/repo/img/173012432_NDM-30031-TRA_815.jpg
193745607,"Nuevo Lanzamiento en Punta del Este, PROYECTO MODELO",592570.0,3.0,2.0,112.0,170.0,Península,0,0,,,False,9,https://www.infocasas.com.uy/nuevo-lanzamiento-en-punta-del-este-proyecto-modelo/193745607,https://cdn1.infocasas.com.uy/repo/img/202911_TDP-9783-TRA_344.jpg
193169220,Oportunidad de inversión en Playa Mansa,743431.0,3.0,3.0,147.0,189.0,Playa Mansa,-34.92793870000001,-54.9622587,,,False,9,https://www.infocasas.com.uy/oportunidad-de-inversion-en-playa-mansa/193169220,https://cdn1.infocasas.com.uy/repo/img/694874_DMC-367-TRA_242.jpg
193371888,"Invierta con financiación frente al mar, departamento de 2 dormitorios con vista a la laguna y la bahía.",437500.0,2.0,2.0,88.0,127.0,Playa Mansa,0,0,,,False,9,https://www.infocasas.com.uy/invierta-con-financiacion-frente-al-mar-departamento-de-2-dormitorios-con-vista-a-la-laguna-y-la-bahia/193371888,https://cdn1.infocasas.com.uy/repo/img/197419_ADD-6771-TRA_539.jpg
192576379,Departamento de lujo en venta,3604500.0,3.0,4.0,293.0,0.0,San Rafael,0,0,,,False,9,https://www.infocasas.com.uy/departamento-de-lujo-en-venta/192576379,https://cdn1.infocasas.com.uy/repo/img/94_CNP-16512-TRA_224.jpg
192511851,"Apartamento en venta de 1 dormitorio, Punta Del Este",125000.0,1.0,1.0,36.0,38.0,Roosevelt,0,0,2025.0,,False,9,https://www.infocasas.com.uy/apartamento-en-venta-de-1-dormitorio-punta-del-este/192511851,https://cdn1.infocasas.com.uy/repo/img/173012432_NDM-18186-TRA_616.jpg
192442127,En venta oportunidad de inversión apartamento de 1 dormitorio Punta del Este,145000.0,1.0,1.0,36.0,36.0,Roosevelt,0,0,,,False,9,https://www.infocasas.com.uy/en-venta-oportunidad-de-inversion-apartamento-de-1-dormitorio-punta-del-este/192442127,https://cdn1.infocasas.com.uy/repo/img/176030818_CDV-239-TRA_576.jpg
190294635,Departamento en Venta de Dos Dormitorios en Playa Brava de Punta del Este,315000.0,2.0,2.0,73.0,0.0,Playa Brava,0,0,2024.0,,False,9,https://www.infocasas.com.uy/departamento-en-venta-de-dos-dormitorios-en-playa-brava-de-punta-del-este/190294635,https://cdn1.infocasas.com.uy/repo/img/405_CCP-34481-TRA_645.jpg
191650862,"Apartamento En La Barra, La Barra",175000.0,1.0,1.0,52.0,52.0,La Barra,-34.9154695,-54.853907,2026.0,,False,9,https://www.infocasas.com.uy/apartamento-en-la-barra-la-barra/191650862,https://cdn1.infocasas.com.uy/repo/img/15377_KBR-448-TRA_103.jpg
192026361,"Apartamento de 2 dormitorios en venta en Punta del Este, Playa Brava, Rincon del Indio, Zanzibar",260000.0,2.0,3.0,95.0,104.0,Rincón del Indio,0,0,2026.0,,False,9,https://www.infocasas.com.uy/apartamento-de-2-dormitorios-en-venta-en-punta-del-este-playa-brava-rincon-del-indio-zanzibar/192026361,https://cdn1.infocasas.com.uy/repo/img/201060_NGP-30237-TRA_467.jpg
193135103,Departamento 2 dormitorios proyecto Pausa en Montoya a pasos del mar,590000.0,2.0,2.0,173.0,192.0,Montoya,0,0,2028.0,,,9,https://www.infocasas.com.uy/departamento-2-dormitorios-proyecto-pausa-en-montoya-a-pasos-del-mar/193135103,https://cdn1.infocasas.com.uy/repo/img/405_CCP-39318-TRA_628.jpg
191219787,Departamento de 3 dormitorios con amplia financiacion Punta del Este,511739.0,3.0,3.0,122.0,181.0,Playa Brava,0,0,,,False,9,https://www.infocasas.com.uy/departamento-de-3-dormitorios-con-amplia-financiacion-punta-del-este/191219787,https://cdn1.infocasas.com.uy/repo/img/173012432_NDM-22809-TRA_887.jpg
193702591,"Departameonto de 1 dormitorio prox a estrenar, excelente ubicacion Torres del Este",268612.0,1.0,1.0,50.0,63.0,Playa Mansa,0,0,2025.0,,False,9,https://www.infocasas.com.uy/departameonto-de-1-dormitorio-prox-a-estrenar-excelente-ubicacion-torres-del-este/193702591,https://cdn1.infocasas.com.uy/repo/img/173012432_NDM-28410-TRA_860.jpg
193701138,Lanzamiento: Unidad de 1 Dormitorio en Proyecto Modelo | Península,173251.0,1.0,1.0,43.0,54.0,Península,0,0,,,False,9,https://www.infocasas.com.uy/lanzamiento-unidad-de-1-dormitorio-en-proyecto-modelo-peninsula/193701138,https://cdn1.infocasas.com.uy/repo/img/176713292_ALX-1799-TRA_812.jpg
193693831,"Departamento de 4 dormitorios en venta, piso completo, edif premium frente al mar. Sofia del Mar",4147000.0,4.0,4.0,435.0,579.0,Península,0,0,,,False,9,https://www.infocasas.com.uy/departamento-de-4-dormitorios-en-venta-piso-completo-edif-premium-frente-al-mar-sofia-del-mar/193693831,https://cdn1.infocasas.com.uy/repo/img/173012432_NDM-29925-TRA_27.jpg
190248080,Edificio en Pozo zona de San Rafael,185000.0,1.0,1.0,41.0,48.0,San Rafael,-34.94026659374773,-54.91343860824583,2025.0,,False,9,https://www.infocasas.com.uy/edificio-en-pozo-zona-de-san-rafael/190248080,https://cdn1.infocasas.com.uy/repo/img/147015_IPD-39517-TRA_583.jpg
193361021,SEE BOSQUE en punto estratégico consulte unidades!,115000.0,1.0,1.0,45.0,51.0,Maldonado,-34.9176736,-54.9575508,,,False,9,https://www.infocasas.com.uy/see-bosque-en-punto-estrategico-consulte-unidades/193361021,https://cdn1.infocasas.com.uy/repo/img/59163_COL-10465-TRA_642.jpg
193335391,"La inversión que estabas esperando. Torre en pozo, departamentos en venta en Punta del Este",210000.0,1.0,1.0,45.0,61.0,Playa Brava,0,0,,,False,9,https://www.infocasas.com.uy/la-inversion-que-estabas-esperando-torre-en-pozo-departamentos-en-venta-en-punta-del-este/193335391,https://cdn1.infocasas.com.uy/repo/img/201060_NGP-28732-TRA_556.jpg
193599342,"En venta apartamento de 1 dormitorio en Punta del Este, Roosevelt",155000.0,1.0,1.0,46.0,54.0,Roosevelt,0,0,2025.0,,False,9,https://www.infocasas.com.uy/en-venta-apartamento-de-1-dormitorio-en-punta-del-este-roosevelt/193599342,https://cdn1.infocasas.com.uy/repo/img/173012432_NDM-8597-TRA_513.jpg
192806362,"Apartamento en Punta del Este, San Rafael",354000.0,1.0,1.0,65.0,88.0,San Rafael,0,0,2028.0,,False,9,https://www.infocasas.com.uy/apartamento-en-punta-del-este-san-rafael/192806362,https://cdn1.infocasas.com.uy/repo/img/176283692_BON-36-TRA_60.jpg
193692353,"Nuevo Lanzamiento en Punta del Este, PROYECTO MODELO - Ref : EQP8189",592570.0,3.0,2.0,112.0,170.0,Península,0,0,,,False,9,https://www.infocasas.com.uy/nuevo-lanzamiento-en-punta-del-este-proyecto-modelo-ref-eqp8189/193692353,https://cdn1.infocasas.com.uy/repo/img/176001116_EQP-8189-TRA_918.jpg
191007810,"Venta Apartamento 1 dormitorio, Punta del Este - Torres Cardinal norte-este-central - Ref : PBI13638",168000.0,1.0,1.0,75.0,75.0,Maldonado,-34.91312086003569,-54.95995884140013,2025.0,,False,9,https://www.infocasas.com.uy/venta-apartamento-1-dormitorio-punta-del-este-torres-cardinal-norteestecentral-ref-pbi13638/191007810,https://cdn1.infocasas.com.uy/repo/img/148805_PBI-13638-TRA_685.jpg
190499872,Oportunidad de inversión,130000.0,1.0,1.0,52.0,40.0,Roosevelt,0,0,,,False,9,https://www.infocasas.com.uy/oportunidad-de-inversion/190499872,https://cdn1.infocasas.com.uy/repo/img/5226_NLV-221251-TRA_34.jpg
193744731,"PROYECTO MODELO, nuevo lanzamiento en Punta del Este",173251.0,1.0,1.0,43.0,54.0,Península,0,0,,,False,9,https://www.infocasas.com.uy/proyecto-modelo-nuevo-lanzamiento-en-punta-del-este/193744731,https://cdn1.infocasas.com.uy/repo/img/202911_TDP-9782-TRA_409.jpg
193701441,"Departamento de 2 dormitorios en venta , A ESTRENAR.  Torres del Este",285000.0,2.0,2.0,63.0,78.0,Playa Mansa,0,0,2025.0,,False,9,https://www.infocasas.com.uy/departamento-de-2-dormitorios-en-venta-a-estrenar-torres-del-este/193701441,https://cdn1.infocasas.com.uy/repo/img/173012432_NDM-29953-TRA_72.jpg
193693805,"Unidad frente al mar de 3 dormitorios con vistas unicas, Financiacion, Sofia del Mar",1352000.0,3.0,3.0,170.0,204.0,Península,0,0,,,False,9,https://www.infocasas.com.uy/unidad-frente-al-mar-de-3-dormitorios-con-vistas-unicas-financiacion-sofia-del-mar/193693805,https://cdn1.infocasas.com.uy/repo/img/173012432_NDM-29921-TRA_524.jpg
193466817,"Apartamento en venta en pozo, Punta del Este",228500.0,2.0,2.0,72.0,86.0,Roosevelt,0,0,2028.0,,False,9,https://www.infocasas.com.uy/apartamento-en-venta-en-pozo-punta-del-este/193466817,https://cdn1.infocasas.com.uy/repo/img/175318672_ACR-1216-TRA_511.jpg
192123485,Apartamento  en venta Punta del Este a estrenar,240538.0,2.0,1.0,85.0,0.0,Playa Mansa,-34.9310973,-54.8973056,2026.0,,False,9,https://www.infocasas.com.uy/apartamento-en-venta-punta-del-este-a-estrenar/192123485,https://cdn1.infocasas.com.uy/repo/img/173903975_KCP-21095481-TRA_450.jpg
192006392,Miami Boulevard II piso 3 de 2 dormitorios con parrillero,415000.0,2.0,2.0,111.0,111.0,Playa Mansa,0,0,2021.0,,False,9,https://www.infocasas.com.uy/miami-boulevard-ii-piso-3-de-2-dormitorios-con-parrillero/192006392,https://cdn1.infocasas.com.uy/repo/img/173012432_NDM-1660-TRA_946.jpg
191703056,"Apartamento en Punta del Este, Roosevelt",98050.0,0.0,1.0,32.0,35.0,Roosevelt,0,0,,,False,9,https://www.infocasas.com.uy/apartamento-en-punta-del-este-roosevelt/191703056,https://cdn1.infocasas.com.uy/repo/img/15377_KBR-453-TRA_372.jpg
191078299,Venta de Apartamento en Complejo Cipriani Punta del Este,2754000.0,3.0,4.0,405.0,405.0,San Rafael,0,0,2027.0,,False,9,https://www.infocasas.com.uy/venta-de-apartamento-en-complejo-cipriani-punta-del-este/191078299,https://cdn1.infocasas.com.uy/repo/img/1189_MYT-4732-TRA_454.jpg
188495001,Zufriategui Building,128000.0,1.0,1.0,54.0,54.0,Piriápolis,-34.860399,-55.281531,,,False,9,https://www.infocasas.com.uy/zufriategui-building/188495001,https://cdn1.infocasas.com.uy/repo/img/19064cb7f5ec9752fa72ce8eaac72d99c25f4048.jpg#HASTH
190473582,Apartamento en Península,156500.0,1.0,1.0,44.0,0.0,Península,0,0,2024.0,,False,9,https://www.infocasas.com.uy/apartamento-en-peninsula/190473582,https://cdn1.infocasas.com.uy/repo/img/94_CNP-12802-TRA_335.jpg
190304930,Departamento en venta en Torre de categoria en primera fila de Playa Brava,864000.0,2.0,2.0,119.0,162.0,Playa Brava,0,0,,,False,9,https://www.infocasas.com.uy/departamento-en-venta-en-torre-de-categoria-en-primera-fila-de-playa-brava/190304930,https://cdn1.infocasas.com.uy/repo/img/173012432_NDM-8809-TRA_977.jpg
193759854,Venta Apartamento 1 dormitorio a estrenar a pasos de playa brava,240000.0,1.0,1.0,51.0,63.0,Playa Brava,0,0,2026.0,,False,9,https://www.infocasas.com.uy/venta-apartamento-1-dormitorio-a-estrenar-a-pasos-de-playa-brava/193759854,https://cdn1.infocasas.com.uy/repo/img/173224178_ARE-5780-TRA_712.jpg
193692534,"PROYECTO MODELO, nuevo lanzamiento en Punta del Este",173251.0,1.0,1.0,43.0,54.0,Península,0,0,,,False,9,https://www.infocasas.com.uy/proyecto-modelo-nuevo-lanzamiento-en-punta-del-este/193692534,https://cdn1.infocasas.com.uy/repo/img/173898037_BYH-7110-TRA_416.jpg
193744063,Invierta en Punta y disfrute todo el año. PRoyecto Diamond.,175000.0,1.0,1.0,46.0,54.0,Roosevelt,0,0,2025.0,,False,9,https://www.infocasas.com.uy/invierta-en-punta-y-disfrute-todo-el-año-proyecto-diamond/193744063,https://cdn1.infocasas.com.uy/repo/img/173012432_NDM-8604-TRA_312.jpg
190883719,EVE TOWER - MONOAMBIENTE A ESTRENAR - PUNTA DEL ESTE,131186.0,0.0,1.0,40.0,40.0,Roosevelt,0,0,2027.0,,False,9,https://www.infocasas.com.uy/eve-tower-monoambiente-a-estrenar-punta-del-este/190883719,https://cdn1.infocasas.com.uy/repo/img/173608396_HAUS-1397-TRA_97.jpg
193086144,En venta en pozo apartamento de 3 dormitorios Roosevelt Punta del Este,170000.0,3.0,2.0,77.0,77.0,Roosevelt,0,0,,,False,9,https://www.infocasas.com.uy/en-venta-en-pozo-apartamento-de-3-dormitorios-roosevelt-punta-del-este/193086144,https://cdn1.infocasas.com.uy/repo/img/176030818_CDV-237-TRA_229.jpg
192006310,"View Brava, en Venta Tres Dormitorios",495000.0,3.0,4.0,122.0,180.0,Aidy Grill,0,0,,,,9,https://www.infocasas.com.uy/view-brava-en-venta-tres-dormitorios/192006310,https://cdn1.infocasas.com.uy/repo/img/405_CCP-37735-TRA_421.jpg
190294632,"Departamento  en Venta de Dos Dromitorios en Playa Brava, Punta del Este",330000.0,2.0,2.0,73.0,189.0,Playa Brava,0,0,2024.0,,,9,https://www.infocasas.com.uy/departamento-en-venta-de-dos-dromitorios-en-playa-brava-punta-del-este/190294632,https://cdn1.infocasas.com.uy/repo/img/405_CCP-34478-TRA_603.jpg
193565693,Apartamento dos ambientes en pozo-Punta del Este,230000.0,1.0,1.0,61.0,49.0,Playa Brava,0,0,,,,9,https://www.infocasas.com.uy/apartamento-dos-ambientes-en-pozopunta-del-este/193565693,https://cdn1.infocasas.com.uy/repo/img/405_CCP-39905-TRA_609.jpg
193693771,"En Pozo, departamento de 3 dormitorios premium frente al mar, financiacion",1251000.0,3.0,3.0,170.0,204.0,Península,0,0,,,False,9,https://www.infocasas.com.uy/en-pozo-departamento-de-3-dormitorios-premium-frente-al-mar-financiacion/193693771,https://cdn1.infocasas.com.uy/repo/img/173012432_NDM-29913-TRA_666.jpg
190628284,"Espectacular apartamento  en Playa Mansa , Walmer Lagoon. 2 dormitorios en venta.",245000.0,2.0,2.0,69.0,93.0,Playa Mansa,0,0,,,False,9,https://www.infocasas.com.uy/espectacular-apartamento-en-playa-mansa-walmer-lagoon-2-dormitorios-en-venta/190628284,https://cdn1.infocasas.com.uy/repo/img/173012432_NDM-15996-TRA_791.jpg
193296346,INTIPA PUNTA DEL ESTE VENTA DE APARTAMENTO DE 1 DORMITORIO,162880.0,1.0,1.0,39.0,58.0,Las Delicias,0,0,2026.0,,False,9,https://www.infocasas.com.uy/intipa-punta-del-este-venta-de-apartamento-de-1-dormitorio/193296346,https://cdn1.infocasas.com.uy/repo/img/174931428_BRU-664-TRA_240.jpg
193574730,Apartamento de 1 dormitorio a estrenar a pasos de playa brava,240000.0,1.0,1.0,51.0,63.0,Playa Brava,0,0,2026.0,,False,9,https://www.infocasas.com.uy/apartamento-de-1-dormitorio-a-estrenar-a-pasos-de-playa-brava/193574730,https://cdn1.infocasas.com.uy/repo/img/173012432_NDM-29507-TRA_534.jpg
193576948,"Invierta en Punta del Este, excelente ubicacion de apartamento de 2 dormitorios",280000.0,2.0,2.0,69.0,89.0,Playa Brava,0,0,,,False,9,https://www.infocasas.com.uy/invierta-en-punta-del-este-excelente-ubicacion-de-apartamento-de-2-dormitorios/193576948,https://cdn1.infocasas.com.uy/repo/img/173012432_NDM-8783-TRA_240.jpg
193206268,Venta Apto 2D Mansa Punta  con Amenities Piso alto en pozo,330000.0,2.0,2.0,78.0,83.0,Playa Mansa,0,0,2025.0,,False,9,https://www.infocasas.com.uy/venta-apto-2d-mansa-punta-con-amenities-piso-alto-en-pozo/193206268,https://cdn1.infocasas.com.uy/repo/img/974465_TRU-549-TRA_789.jpg
193175688,"Departamento frente al mar en venta, Piso alto. 3 dormitorios. Torre Le Parc,  Punta del Este",1120000.0,3.0,3.0,168.0,212.0,Punta del Este,0,0,,,False,9,https://www.infocasas.com.uy/departamento-frente-al-mar-en-venta-piso-alto-3-dormitorios-torre-le-parc-punta-del-este/193175688,https://cdn1.infocasas.com.uy/repo/img/176512310_MIL-45-TRA_73.jpg
192471932,Vistas panoramicas. Proyecto Diamond.,315000.0,3.0,3.0,108.0,113.0,Roosevelt,0,0,2025.0,,False,9,https://www.infocasas.com.uy/vistas-panoramicas-proyecto-diamond/192471932,https://cdn1.infocasas.com.uy/repo/img/173012432_NDM-8557-TRA_166.jpg
192357497,"Venta apartamento dos dormitorios, Maldonado",118637.0,2.0,1.0,55.0,60.0,Maldonado,-34.90287950171494,-54.94577532012938,2026.0,,False,9,https://www.infocasas.com.uy/venta-apartamento-dos-dormitorios-maldonado/192357497,https://cdn1.infocasas.com.uy/repo/img/694874_DMC-14756-TRA_526.jpg
192135500,"Apartamento en venta en pozo, Punta del Este",228500.0,2.0,2.0,72.0,86.0,Roosevelt,0,0,2028.0,,False,9,https://www.infocasas.com.uy/apartamento-en-venta-en-pozo-punta-del-este/192135500,https://cdn1.infocasas.com.uy/repo/img/173903975_KCP-21095277-TRA_641.jpg
193086148,En venta apartamento de 2 dormitorios Roosevelt Punta del Este,155000.0,2.0,1.0,60.0,60.0,Roosevelt,0,0,,,False,9,https://www.infocasas.com.uy/en-venta-apartamento-de-2-dormitorios-roosevelt-punta-del-este/193086148,https://cdn1.infocasas.com.uy/repo/img/176030818_CDV-238-TRA_466.jpg
192163260,DUO Proyecto en La Barra ideal para vivir todo el año,375000.0,2.0,2.0,111.0,146.0,La Barra,0,0,,,False,9,https://www.infocasas.com.uy/duo-proyecto-en-la-barra-ideal-para-vivir-todo-el-año/192163260,https://cdn1.infocasas.com.uy/repo/img/405_CCP-37983-TRA_564.jpg
193632578,"Edificio Altos de San Rafael, a pasos del mar",540000.0,3.0,4.0,111.0,173.0,San Rafael,-34.9425233,-54.914629,2025.0,,False,9,https://www.infocasas.com.uy/edificio-altos-de-san-rafael-a-pasos-del-mar/193632578,https://cdn1.infocasas.com.uy/repo/img/949740_INV-1496-TRA_34.jpg
193373265,Grutas de la Ballena  - Grutas de la ballena - Ref : PBI13593,202250.0,1.0,1.0,47.0,0.0,Playa las Grutas,-34.90708530000229,-55.04024540384291,2026.0,,False,9,https://www.infocasas.com.uy/grutas-de-la-ballena-grutas-de-la-ballena-ref-pbi13593/193373265,https://cdn1.infocasas.com.uy/repo/img/148805_PBI-13593-TRA_540.jpg
193691783,"Nuevo Lanzamiento en La Peninsula, PROYECTO MODELO",315928.0,2.0,1.0,65.0,94.0,Península,0,0,,,False,9,https://www.infocasas.com.uy/nuevo-lanzamiento-en-la-peninsula-proyecto-modelo/193691783,https://cdn1.infocasas.com.uy/repo/img/175659749_EBR-891-TRA_662.jpg
192000012,"Venta en pozo, Apartamento de dos dormitorios",375000.0,2.0,2.0,78.0,112.0,La Barra,0,0,,,False,9,https://www.infocasas.com.uy/venta-en-pozo-apartamento-de-dos-dormitorios/192000012,https://cdn1.infocasas.com.uy/repo/img/94_CNP-15910-TRA_294.jpg
192286140,"Apartamento 2 dormitorios en Playa Mansa, Punta del Este - Walmer Lagoon - Ref : PBI14411",440000.0,2.0,2.0,177.0,177.0,Playa Mansa,-34.908510647199996,-55.00519161422728,2022.0,,False,9,https://www.infocasas.com.uy/apartamento-2-dormitorios-en-playa-mansa-punta-del-este-walmer-lagoon-ref-pbi14411/192286140,https://cdn1.infocasas.com.uy/repo/img/148805_PBI-14411-TRA_967.jpg
191229976,"Apartamento en Punta del Este, Punta del Este",250000.0,2.0,2.0,102.0,102.0,Punta del Este,0,0,,,False,9,https://www.infocasas.com.uy/apartamento-en-punta-del-este-punta-del-este/191229976,https://cdn1.infocasas.com.uy/repo/img/173612388_WRW-4378-TRA_527.jpg
191122090,Venta Apartamento - Punta del Este - Primera Linea,290000.0,3.0,2.0,100.0,100.0,Playa Mansa,0,0,2025.0,,False,9,https://www.infocasas.com.uy/venta-apartamento-punta-del-este-primera-linea/191122090,https://cdn1.infocasas.com.uy/repo/img/173608396_HAUS-2250-TRA_514.jpg
190362582,Apartamento de un dormitorio en Torres Cardinal - Maldonado,141550.0,1.0,1.0,62.0,68.0,Maldonado,0,0,,,False,9,https://www.infocasas.com.uy/apartamento-de-un-dormitorio-en-torres-cardinal-maldonado/190362582,https://cdn1.infocasas.com.uy/repo/img/203121_SIP-9165-TRA_774.jpg
193693820,"Unidad en proyecto Sofia del Mar,financiacion, Edificio Premium, 2 dormitorios en venta",1214000.0,2.0,2.0,136.0,155.0,Península,0,0,,,False,9,https://www.infocasas.com.uy/unidad-en-proyecto-sofia-del-marfinanciacion-edificio-premium-2-dormitorios-en-venta/193693820,https://cdn1.infocasas.com.uy/repo/img/173012432_NDM-29923-TRA_587.jpg
193732420,"En venta apartamento de 2 dormitorios ubicado en Brava, Punta del Este",355000.0,2.0,2.0,76.0,100.0,Playa Brava,0,0,2025.0,,False,9,https://www.infocasas.com.uy/en-venta-apartamento-de-2-dormitorios-ubicado-en-brava-punta-del-este/193732420,https://cdn1.infocasas.com.uy/repo/img/173012432_NDM-30025-TRA_101.jpg
193244204,Espectacular apartamento en Playa Mansa a la venta,850000.0,3.0,3.0,126.0,198.0,Playa Mansa,0,0,2025.0,,False,9,https://www.infocasas.com.uy/espectacular-apartamento-en-playa-mansa-a-la-venta/193244204,https://cdn1.infocasas.com.uy/repo/img/94_CNP-11778-TRA_382.jpg
193692532,"Nuevo Lanzamiento en Punta del Este, PROYECTO MODELO",592570.0,3.0,2.0,112.0,170.0,Península,0,0,,,False,9,https://www.infocasas.com.uy/nuevo-lanzamiento-en-punta-del-este-proyecto-modelo/193692532,https://cdn1.infocasas.com.uy/repo/img/173898037_BYH-7108-TRA_478.jpg
193581780,Latitud 31,321438.0,1.0,1.0,95.0,0.0,Playa Brava,0,0,,,False,9,https://www.infocasas.com.uy/latitud-31/193581780,https://cdn1.infocasas.com.uy/repo/img/175834556_ROG-2203-TRA_258.jpg
193692336,"PROYECTO MODELO, nuevo lanzamiento en Punta del Este - Ref : EQP8188",173251.0,1.0,1.0,43.0,54.0,Península,0,0,,,False,9,https://www.infocasas.com.uy/proyecto-modelo-nuevo-lanzamiento-en-punta-del-este-ref-eqp8188/193692336,https://cdn1.infocasas.com.uy/repo/img/176001116_EQP-8188-TRA_86.jpg
193048698,"En venta apartamento, 1 dormitorio con cochera, en Maldonado con beneficios impositivos",91215.0,1.0,1.0,40.0,40.0,Maldonado,0,0,2026.0,,False,9,https://www.infocasas.com.uy/en-venta-apartamento-1-dormitorio-con-cochera-en-maldonado-con-beneficios-impositivos/193048698,https://cdn1.infocasas.com.uy/repo/img/1189_MYT-5551-TRA_620.jpg
192448881,Invierta en Punta con agradables vista. Proyecto Diamond.,325000.0,2.0,2.0,78.0,83.0,Roosevelt,0,0,2025.0,,False,9,https://www.infocasas.com.uy/invierta-en-punta-con-agradables-vista-proyecto-diamond/192448881,https://cdn1.infocasas.com.uy/repo/img/173012432_NDM-8542-TRA_451.jpg
193110559,LA CAÑADA,135000.0,1.0,1.0,63.0,0.0,Maldonado,0,0,2024.0,,False,9,https://www.infocasas.com.uy/la-cañada/193110559,https://cdn1.infocasas.com.uy/repo/img/599524_PAR-11409-TRA_671.jpg
193140298,Departamento 3 dormitorios en pozo en Montoya a pasos del mar,690000.0,3.0,3.0,205.0,228.0,Montoya,0,0,2028.0,,False,9,https://www.infocasas.com.uy/departamento-3-dormitorios-en-pozo-en-montoya-a-pasos-del-mar/193140298,https://cdn1.infocasas.com.uy/repo/img/405_CCP-39329-TRA_348.jpg
193680534,"Apartamento a estrenar de 1 dormitorio en venta, Financiacion, Torre proxima a ocupar",188400.0,1.0,1.0,57.0,57.0,Roosevelt,0,0,2026.0,,False,9,https://www.infocasas.com.uy/apartamento-a-estrenar-de-1-dormitorio-en-venta-financiacion-torre-proxima-a-ocupar/193680534,https://cdn1.infocasas.com.uy/repo/img/173012432_NDM-14786-TRA_103.jpg
193692540,PROYECTO MODELO EN POZO PENINSULA PUNTA DEL ESTE,300641.0,2.0,1.0,65.0,82.0,Península,0,0,,,False,9,https://www.infocasas.com.uy/proyecto-modelo-en-pozo-peninsula-punta-del-este/193692540,https://cdn1.infocasas.com.uy/repo/img/173608396_HAUS-4041-TRA_634.jpg
193692623,"Nuevo Lanzamiento en Punta del Este, PROYECTO MODELO",592570.0,3.0,2.0,112.0,170.0,Península,0,0,,,False,9,https://www.infocasas.com.uy/nuevo-lanzamiento-en-punta-del-este-proyecto-modelo/193692623,https://cdn1.infocasas.com.uy/repo/img/59163_COL-10958-TRA_365.jpg
193444364,Oportunidad de inversión en torre exclusiva,4400000.0,4.0,4.0,320.0,0.0,Playa Brava,0,0,2021.0,,False,9,https://www.infocasas.com.uy/oportunidad-de-inversion-en-torre-exclusiva/193444364,https://cdn1.infocasas.com.uy/repo/img/173012432_NDM-2707-TRA_373.jpg
193692524,"PROYECTO MODELO, nuevo lanzamiento en Punta del Este",173251.0,1.0,1.0,43.0,54.0,Península,0,0,,,False,9,https://www.infocasas.com.uy/proyecto-modelo-nuevo-lanzamiento-en-punta-del-este/193692524,https://cdn1.infocasas.com.uy/repo/img/201060_NGP-31366-TRA_506.jpg
193692525,"Nuevo Lanzamiento en Punta del Este, PROYECTO MODELO",592570.0,3.0,2.0,112.0,170.0,Península,0,0,,,False,9,https://www.infocasas.com.uy/nuevo-lanzamiento-en-punta-del-este-proyecto-modelo/193692525,https://cdn1.infocasas.com.uy/repo/img/201060_NGP-31367-TRA_91.jpg
193283943,"Apartamento en venta, Punta del Este! Oportunidad de inversión!",107419.0,1.0,1.0,49.0,0.0,Roosevelt,-34.919714551677785,-54.95495432389525,2029.0,,False,9,https://www.infocasas.com.uy/apartamento-en-venta-punta-del-este-oportunidad-de-inversion/193283943,https://cdn1.infocasas.com.uy/repo/img/173903975_KCP-21096932-TRA_983.jpg
193692086,"PROYECTO MODELO, nuevo lanzamiento en Punta del Este",173251.0,1.0,1.0,43.0,54.0,Península,0,0,,,False,9,https://www.infocasas.com.uy/proyecto-modelo-nuevo-lanzamiento-en-punta-del-este/193692086,https://cdn1.infocasas.com.uy/repo/img/883204_EADM-2243-TRA_448.jpg
193691942,"Pronta ocupacion, departamento de 2 dormitorios en venta apasos del mar, Torres del Este",336737.0,2.0,2.0,63.0,78.0,Playa Mansa,0,0,2025.0,,False,9,https://www.infocasas.com.uy/pronta-ocupacion-departamento-de-2-dormitorios-en-venta-apasos-del-mar-torres-del-este/193691942,https://cdn1.infocasas.com.uy/repo/img/175659749_EBR-895-TRA_371.jpg
192028881,"Apartamento en Punta del Este, San Rafael",7938000.0,5.0,6.0,800.0,810.0,San Rafael,0,0,,,False,9,https://www.infocasas.com.uy/apartamento-en-punta-del-este-san-rafael/192028881,https://cdn1.infocasas.com.uy/repo/img/15377_KBR-479-TRA_232.jpg
193761251,"LATITUD 31 - NUEVO DESARROLLO EN RINCÓN DEL INDIO, PUNTA DEL ESTE",399500.0,2.0,2.0,105.0,139.0,Playa Brava,0,0,2026.0,,False,9,https://www.infocasas.com.uy/latitud-31-nuevo-desarrollo-en-rincon-del-indio-punta-del-este/193761251,https://cdn1.infocasas.com.uy/repo/img/173224178_ARE-5829-TRA_422.jpg
193680604,"Departamento de 1 dormitorio en venta, proximo a ocupar, TORRE A ESTRENAR",184100.0,1.0,1.0,50.0,50.0,Roosevelt,0,0,2026.0,,False,9,https://www.infocasas.com.uy/departamento-de-1-dormitorio-en-venta-proximo-a-ocupar-torre-a-estrenar/193680604,https://cdn1.infocasas.com.uy/repo/img/173012432_NDM-29882-TRA_862.jpg
193680612,"Departmaneto a estenar, proximo a ocupar , Roosevelt, 1 dormitorio",201000.0,1.0,1.0,52.0,52.0,Roosevelt,0,0,2026.0,,False,9,https://www.infocasas.com.uy/departmaneto-a-estenar-proximo-a-ocupar-roosevelt-1-dormitorio/193680612,https://cdn1.infocasas.com.uy/repo/img/173012432_NDM-29883-TRA_162.jpg
193514423,"Manglar Albor, El Alba, uniendo el pulso de la ciudad  con la calma de la naturaleza",339000.0,3.0,1.0,109.0,0.0,Playa Brava,-34.950365538048885,-54.93053410132751,2028.0,,False,9,https://www.infocasas.com.uy/manglar-albor-el-alba-uniendo-el-pulso-de-la-ciudad-con-la-calma-de-la-naturaleza/193514423,https://cdn1.infocasas.com.uy/repo/img/173211400_SPP-16649-TRA_325.jpg
193692523,"PROYECTO MODELO, nuevo lanzamiento en Punta del Este, en el corazon de la Peninsula",300641.0,2.0,1.0,65.0,82.0,Península,0,0,,,False,9,https://www.infocasas.com.uy/proyecto-modelo-nuevo-lanzamiento-en-punta-del-este-en-el-corazon-de-la-peninsula/193692523,https://cdn1.infocasas.com.uy/repo/img/201060_NGP-31365-TRA_818.jpg
193692626,"PROYECTO MODELO, nuevo lanzamiento en Punta del Este",173251.0,1.0,1.0,43.0,54.0,Península,0,0,,,False,9,https://www.infocasas.com.uy/proyecto-modelo-nuevo-lanzamiento-en-punta-del-este/193692626,https://cdn1.infocasas.com.uy/repo/img/59163_COL-10960-TRA_552.jpg
193693792,"Departmento de 2 dormitorios en venta frente al mar, Torre premium, Sofia del Mar",1276800.0,2.0,2.0,150.0,170.0,Península,0,0,,,False,9,https://www.infocasas.com.uy/departmento-de-2-dormitorios-en-venta-frente-al-mar-torre-premium-sofia-del-mar/193693792,https://cdn1.infocasas.com.uy/repo/img/173012432_NDM-29919-TRA_531.jpg
193429837,DEPARTAMENTO 3 DORMITORIOS A ESTRENAR EN TORRES DEL ESTE-AIDY GRILL,345000.0,3.0,3.0,99.0,131.0,Playa Mansa,-34.9517443,-54.934984,,,False,9,https://www.infocasas.com.uy/departamento-3-dormitorios-a-estrenar-en-torres-del-esteaidy-grill/193429837,https://cdn1.infocasas.com.uy/repo/img/256162_MKT-7980-TRA_856.jpg
193226751,Apartamento de 1 dormitorio a estrenar a pasos de Playa Brava,240000.0,1.0,1.0,51.0,63.0,Playa Brava,0,0,2026.0,,False,9,https://www.infocasas.com.uy/apartamento-de-1-dormitorio-a-estrenar-a-pasos-de-playa-brava/193226751,https://cdn1.infocasas.com.uy/repo/img/173255338_EV-3950-TRA_14.jpg
192524589,Excepcional Proyecto De Edificios En Grutas De La Ballena,141960.0,1.0,1.0,53.0,53.0,Playa las Grutas,0,0,,,False,9,https://www.infocasas.com.uy/excepcional-proyecto-de-edificios-en-grutas-de-la-ballena/192524589,https://cdn1.infocasas.com.uy/repo/img/175716718_CHZ-1027-TRA_490.jpg
192340743,"St. Moritz - Lanzamiento, a metros del mar. Playa Mansa 2 dormitorios.",358700.0,2.0,2.0,127.0,196.0,Playa Mansa,0,0,2025.0,,False,9,https://www.infocasas.com.uy/st-moritz-lanzamiento-a-metros-del-mar-playa-mansa-2-dormitorios/192340743,https://cdn1.infocasas.com.uy/repo/img/173012432_NDM-26039-TRA_485.jpg
189842632,Departamento en venta en edificio Silente Block IV,765000.0,2.0,2.0,297.0,297.0,Playa Brava,0,0,,,False,9,https://www.infocasas.com.uy/departamento-en-venta-en-edificio-silente-block-iv/189842632,https://cdn1.infocasas.com.uy/repo/img/173012432_NDM-3043-TRA_121.jpg
188879018,Edificio More Atlántico Oportunidad Inversión,120500.0,0.0,1.0,32.0,47.0,Maldonado,0,0,2023.0,,False,9,https://www.infocasas.com.uy/edificio-more-atlantico-oportunidad-inversion/188879018,https://cdn1.infocasas.com.uy/repo/img/949740_INV-256-TRA_274.jpg
193429431,Oportunidad para renta apartamento 1 dormitorio venta,217000.0,1.0,1.0,51.0,63.0,Playa Brava,0,0,2026.0,,False,9,https://www.infocasas.com.uy/oportunidad-para-renta-apartamento-1-dormitorio-venta/193429431,https://cdn1.infocasas.com.uy/repo/img/173255338_EV-4220-TRA_861.jpg
193692356,"PROYECTO MODELO, nuevo lanzamiento en Punta del Este, en el corazon de la Peninsula - Ref : EQP8190",300641.0,2.0,1.0,65.0,82.0,Península,0,0,,,False,9,https://www.infocasas.com.uy/proyecto-modelo-nuevo-lanzamiento-en-punta-del-este-en-el-corazon-de-la-peninsula-ref-eqp8190/193692356,https://cdn1.infocasas.com.uy/repo/img/176001116_EQP-8190-TRA_342.jpg
193693486,"Departamento de 3 dormitorios en venta, edif. Premium frente al mar, fianciacion",1675000.0,3.0,3.0,170.0,220.0,Península,0,0,,,False,9,https://www.infocasas.com.uy/departamento-de-3-dormitorios-en-venta-edif-premium-frente-al-mar-fianciacion/193693486,https://cdn1.infocasas.com.uy/repo/img/173012432_NDM-29914-TRA_983.jpg
193513435,"Manglar Albor, El Alba, uniendo el pulso de la ciudad  con la calma de la naturaleza",186000.0,1.0,1.0,47.0,0.0,Playa Brava,-34.950365538048885,-54.93053410132751,2028.0,,False,9,https://www.infocasas.com.uy/manglar-albor-el-alba-uniendo-el-pulso-de-la-ciudad-con-la-calma-de-la-naturaleza/193513435,https://cdn1.infocasas.com.uy/repo/img/173211400_SPP-16651-TRA_940.jpg
193140292,Departamento 3 dormitorios en Proyecto Pausa en Montoya a pasos del mar,545000.0,3.0,3.0,140.0,155.0,Montoya,0,0,2028.0,,False,9,https://www.infocasas.com.uy/departamento-3-dormitorios-en-proyecto-pausa-en-montoya-a-pasos-del-mar/193140292,https://cdn1.infocasas.com.uy/repo/img/405_CCP-39321-TRA_291.jpg
191806755,Exclusivo Departamento DOS dormitorio  -  Eve Tower - Ref : PBI13298,285420.0,2.0,1.0,81.0,81.0,Playa Brava,-34.946044678128246,-54.92601280410765,2028.0,,False,9,https://www.infocasas.com.uy/exclusivo-departamento-dos-dormitorio-eve-tower-ref-pbi13298/191806755,https://cdn1.infocasas.com.uy/repo/img/148805_PBI-13298-TRA_744.jpg
193140291,Departamento 2 dormitorios en proyecto Pausa en Montoya a pasos del mar,410000.0,2.0,2.0,110.0,122.0,Montoya,0,0,2028.0,,,9,https://www.infocasas.com.uy/departamento-2-dormitorios-en-proyecto-pausa-en-montoya-a-pasos-del-mar/193140291,https://cdn1.infocasas.com.uy/repo/img/405_CCP-39320-TRA_587.jpg
192163364,DUO Proyecto en La Barra ideal para vivir todo el año,385000.0,2.0,2.0,111.0,146.0,La Barra,0,0,,,False,9,https://www.infocasas.com.uy/duo-proyecto-en-la-barra-ideal-para-vivir-todo-el-año/192163364,https://cdn1.infocasas.com.uy/repo/img/405_CCP-37986-TRA_133.jpg
192163261,DUO Proyecto en La Barra ideal para vivir todo el año,460000.0,3.0,2.0,111.0,146.0,La Barra,0,0,,,False,9,https://www.infocasas.com.uy/duo-proyecto-en-la-barra-ideal-para-vivir-todo-el-año/192163261,https://cdn1.infocasas.com.uy/repo/img/405_CCP-37984-TRA_420.jpg
193149067,Departamento de 2 dormitorios en pozo en La Barra cerca de todo,145100.0,1.0,1.0,51.0,0.0,La Barra,0,0,,,False,9,https://www.infocasas.com.uy/departamento-de-2-dormitorios-en-pozo-en-la-barra-cerca-de-todo/193149067,https://cdn1.infocasas.com.uy/repo/img/405_CCP-39371-TRA_432.jpg
193140293,Departamento de 2 dormitorios en proyecto Pausa en Montoya,410000.0,2.0,2.0,108.0,120.0,Montoya,0,0,2028.0,,False,9,https://www.infocasas.com.uy/departamento-de-2-dormitorios-en-proyecto-pausa-en-montoya/193140293,https://cdn1.infocasas.com.uy/repo/img/405_CCP-39322-TRA_643.jpg
193149064,Departamento de 1 dormitorio en pozo en La Barra cerca de todo,124000.0,1.0,1.0,40.0,0.0,La Barra,0,0,,,,9,https://www.infocasas.com.uy/departamento-de-1-dormitorio-en-pozo-en-la-barra-cerca-de-todo/193149064,https://cdn1.infocasas.com.uy/repo/img/405_CCP-39368-TRA_664.jpg
191806754,Exclusivo Departamento un dormitorio  -  Eve Tower - Ref : PBI13295,201670.0,1.0,1.0,52.0,0.0,Playa Brava,-34.946044678128246,-54.92601280410765,2028.0,,False,9,https://www.infocasas.com.uy/exclusivo-departamento-un-dormitorio-eve-tower-ref-pbi13295/191806754,https://cdn1.infocasas.com.uy/repo/img/148805_PBI-13295-TRA_312.jpg
193149063,Departamento de 2 dormitorios en Pozo en La Barra cerca de todo,203700.0,2.0,2.0,76.0,0.0,La Barra,0,0,,,False,9,https://www.infocasas.com.uy/departamento-de-2-dormitorios-en-pozo-en-la-barra-cerca-de-todo/193149063,https://cdn1.infocasas.com.uy/repo/img/405_CCP-39367-TRA_225.jpg
192163357,DUO Proyecto en La Barra ideal para vivir todo el año,385000.0,2.0,2.0,112.0,147.0,La Barra,0,0,,,False,9,https://www.infocasas.com.uy/duo-proyecto-en-la-barra-ideal-para-vivir-todo-el-año/192163357,https://cdn1.infocasas.com.uy/repo/img/405_CCP-37977-TRA_539.jpg
193135090,Departamento en Pausa 3 dormitorios en Montoya a pasos del mar,595000.0,3.0,3.0,159.0,176.0,Montoya,0,0,2028.0,,False,9,https://www.infocasas.com.uy/departamento-en-pausa-3-dormitorios-en-montoya-a-pasos-del-mar/193135090,https://cdn1.infocasas.com.uy/repo/img/405_CCP-39310-TRA_203.jpg
193149057,Departamento de 2 dormitorios en Pozo en La Barra cerca de todo,203700.0,2.0,2.0,76.0,0.0,La Barra,0,0,,,,9,https://www.infocasas.com.uy/departamento-de-2-dormitorios-en-pozo-en-la-barra-cerca-de-todo/193149057,https://cdn1.infocasas.com.uy/repo/img/405_CCP-39366-TRA_522.jpg
193140294,Departamento de 3 dormitorios en proyecto ubicado en Montoya a pasos del mar,525000.0,3.0,3.0,136.0,151.0,Montoya,0,0,2028.0,,,9,https://www.infocasas.com.uy/departamento-de-3-dormitorios-en-proyecto-ubicado-en-montoya-a-pasos-del-mar/193140294,https://cdn1.infocasas.com.uy/repo/img/405_CCP-39323-TRA_117.jpg
193149065,Departamento de 1 dormitorio en pozo en La Barra cerca de todo,129500.0,1.0,1.0,40.0,0.0,La Barra,0,0,,,False,9,https://www.infocasas.com.uy/departamento-de-1-dormitorio-en-pozo-en-la-barra-cerca-de-todo/193149065,https://cdn1.infocasas.com.uy/repo/img/405_CCP-39369-TRA_61.jpg
190499982,Espectacular apartamento en venta,195000.0,1.0,1.0,46.0,62.0,Laguna del Diario,0,0,,,False,9,https://www.infocasas.com.uy/espectacular-apartamento-en-venta/190499982,https://cdn1.infocasas.com.uy/repo/img/5226_NLV-221196-TRA_580.jpg
193140296,Departamento de 3 dormitorios en Pozo en Montoya a pasos del mar,560000.0,3.0,3.0,140.0,155.0,Montoya,0,0,2028.0,,,9,https://www.infocasas.com.uy/departamento-de-3-dormitorios-en-pozo-en-montoya-a-pasos-del-mar/193140296,https://cdn1.infocasas.com.uy/repo/img/405_CCP-39325-TRA_584.jpg
193149066,Departamento de 2 dormitorios en Pozo en La Barra cerca de todo,209000.0,2.0,2.0,71.0,0.0,La Barra,0,0,,,,9,https://www.infocasas.com.uy/departamento-de-2-dormitorios-en-pozo-en-la-barra-cerca-de-todo/193149066,https://cdn1.infocasas.com.uy/repo/img/405_CCP-39370-TRA_17.jpg
193149056,Departamento de 2 dormitorios en Pozo en La Barra,189000.0,2.0,2.0,76.0,0.0,La Barra,0,0,,,,9,https://www.infocasas.com.uy/departamento-de-2-dormitorios-en-pozo-en-la-barra/193149056,https://cdn1.infocasas.com.uy/repo/img/405_CCP-39365-TRA_977.jpg
192163366,DUO Proyecto en La Barra ideal para vivir todo el año,480000.0,3.0,2.0,144.0,181.0,La Barra,0,0,,,,9,https://www.infocasas.com.uy/duo-proyecto-en-la-barra-ideal-para-vivir-todo-el-año/192163366,https://cdn1.infocasas.com.uy/repo/img/405_CCP-37988-TRA_694.jpg
193296497,Apartamento en pozo 2 dormitorios,274900.0,2.0,2.0,63.0,80.0,Aidy Grill,-34.9516742,-54.9334614,2026.0,,False,9,https://www.infocasas.com.uy/apartamento-en-pozo-2-dormitorios/193296497,https://cdn1.infocasas.com.uy/repo/img/174931428_BRU-671-TRA_872.jpg
191932188,"View Brava, en Venta de 1 Dormitorio y Medio",225000.0,1.0,1.0,50.0,71.0,Aidy Grill,0,0,,,False,9,https://www.infocasas.com.uy/view-brava-en-venta-de-1-dormitorio-y-medio/191932188,https://cdn1.infocasas.com.uy/repo/img/405_CCP-37578-TRA_41.jpg
193135079,Departamento 2 dormitorios en proyecto Pausa en Montoya,570000.0,2.0,2.0,221.0,245.0,Montoya,0,0,2028.0,,False,9,https://www.infocasas.com.uy/departamento-2-dormitorios-en-proyecto-pausa-en-montoya/193135079,https://cdn1.infocasas.com.uy/repo/img/405_CCP-39308-TRA_573.jpg
192163355,DUO Proyecto en La Barra ideal para vivir todo el año,375000.0,2.0,2.0,112.0,147.0,La Barra,0,0,,,False,9,https://www.infocasas.com.uy/duo-proyecto-en-la-barra-ideal-para-vivir-todo-el-año/192163355,https://cdn1.infocasas.com.uy/repo/img/405_CCP-37975-TRA_586.jpg
193134779,Departamentos en Montoya a pasos del mar,700000.0,3.0,3.0,255.0,283.0,Montoya,0,0,2028.0,,False,9,https://www.infocasas.com.uy/departamentos-en-montoya-a-pasos-del-mar/193134779,https://cdn1.infocasas.com.uy/repo/img/405_CCP-39307-TRA_375.jpg
193134988,Depto en Pozo en Pausa Montoya a pocos metros del mar,595000.0,3.0,3.0,124.0,176.0,Montoya,0,0,2028.0,,,9,https://www.infocasas.com.uy/depto-en-pozo-en-pausa-montoya-a-pocos-metros-del-mar/193134988,https://cdn1.infocasas.com.uy/repo/img/405_CCP-39312-TRA_895.jpg
192163353,DUO Proyecto en La Barra ideal para vivir todo el año,375000.0,2.0,2.0,112.0,147.0,La Barra,0,0,,,,9,https://www.infocasas.com.uy/duo-proyecto-en-la-barra-ideal-para-vivir-todo-el-año/192163353,https://cdn1.infocasas.com.uy/repo/img/405_CCP-37974-TRA_595.jpg
191022558,Departamento en venta un dormitorio - Playa Mansa,145000.0,1.0,1.0,35.0,44.0,Playa Mansa,0,0,2024.0,,False,9,https://www.infocasas.com.uy/departamento-en-venta-un-dormitorio-playa-mansa/191022558,https://cdn1.infocasas.com.uy/repo/img/405_CCP-36402-TRA_764.jpg
193248536,Proyecto en venta en La Barra del estudio Gómez Platero,254665.0,2.0,2.0,79.0,133.0,La Barra,0,0,2026.0,,False,9,https://www.infocasas.com.uy/proyecto-en-venta-en-la-barra-del-estudio-gomez-platero/193248536,https://cdn1.infocasas.com.uy/repo/img/405_CCP-39501-TRA_843.jpg
190285979,Genova,130000.0,1.0,1.0,35.0,35.0,Punta del Este,-34.9513826651749,-54.936877133001786,,,False,9,https://www.infocasas.com.uy/genova/190285979,
192163371,DUO Proyecto en La Barra ideal para vivir todo el año,495000.0,3.0,2.0,144.0,181.0,La Barra,0,0,,,False,9,https://www.infocasas.com.uy/duo-proyecto-en-la-barra-ideal-para-vivir-todo-el-año/192163371,https://cdn1.infocasas.com.uy/repo/img/405_CCP-37992-TRA_275.jpg
191022559,Departamento en pozo - un dormitorio - nuevo desarrollo,150000.0,1.0,1.0,35.0,39.0,Playa Mansa,0,0,2024.0,,False,9,https://www.infocasas.com.uy/departamento-en-pozo-un-dormitorio-nuevo-desarrollo/191022559,https://cdn1.infocasas.com.uy/repo/img/405_CCP-36403-TRA_416.jpg
193688865,Departamento en Pozo 2 dormitorios planta baja en La Barra,320368.0,2.0,2.0,89.0,90.0,La Barra,0,0,2026.0,,False,9,https://www.infocasas.com.uy/departamento-en-pozo-2-dormitorios-planta-baja-en-la-barra/193688865,https://cdn1.infocasas.com.uy/repo/img/405_CCP-40086-TRA_433.jpg
190861938,Departamento en Venta Tres Dormitorios Punta del Este,495000.0,3.0,4.0,111.0,131.0,San Rafael,0,0,2025.0,,False,9,https://www.infocasas.com.uy/departamento-en-venta-tres-dormitorios-punta-del-este/190861938,https://cdn1.infocasas.com.uy/repo/img/405_CCP-35463-TRA_459.jpg
192163368,DUO Proyecto en La Barra ideal para vivir todo el año,405000.0,2.0,2.0,111.0,146.0,La Barra,0,0,,,,9,https://www.infocasas.com.uy/duo-proyecto-en-la-barra-ideal-para-vivir-todo-el-año/192163368,https://cdn1.infocasas.com.uy/repo/img/405_CCP-37990-TRA_55.jpg
192163370,DUO Proyecto en La Barra ideal para vivir todo el año,495000.0,3.0,2.0,145.0,182.0,La Barra,0,0,,,False,9,https://www.infocasas.com.uy/duo-proyecto-en-la-barra-ideal-para-vivir-todo-el-año/192163370,https://cdn1.infocasas.com.uy/repo/img/405_CCP-37991-TRA_101.jpg
190861937,Departamento en Venta 3 Dormitorios Punta del Este,479000.0,3.0,4.0,111.0,131.0,San Rafael,0,0,2025.0,,False,9,https://www.infocasas.com.uy/departamento-en-venta-3-dormitorios-punta-del-este/190861937,https://cdn1.infocasas.com.uy/repo/img/405_CCP-35462-TRA_791.jpg
192727915,"Vende apartamento en Brava, Punta del Este de 1 dormitorio.",180000.0,1.0,1.0,43.0,65.0,Playa Brava,0,0,2024.0,,False,9,https://www.infocasas.com.uy/vende-apartamento-en-brava-punta-del-este-de-1-dormitorio/192727915,https://cdn1.infocasas.com.uy/repo/img/173012432_NDM-27093-TRA_772.jpg
191830713,Departamento monoambiente en Edificio Eve -  Eve Tower - Ref : PBI13293,139696.0,0.0,1.0,39.0,0.0,Playa Brava,-34.946044678128246,-54.92601280410765,2028.0,,False,9,https://www.infocasas.com.uy/departamento-monoambiente-en-edificio-eve-eve-tower-ref-pbi13293/191830713,https://cdn1.infocasas.com.uy/repo/img/148805_PBI-13293-TRA_225.jpg
191036937,Apartamento View 2,194000.0,1.0,1.0,61.0,61.0,Aidy Grill,0,0,,,False,9,https://www.infocasas.com.uy/apartamento-view-2/191036937,https://cdn1.infocasas.com.uy/repo/img/173842840_TTN-180-TRA_825.jpg
192163362,DUO Proyecto en La Barra ideal para vivir todo el año,405000.0,2.0,2.0,112.0,147.0,La Barra,0,0,,,,9,https://www.infocasas.com.uy/duo-proyecto-en-la-barra-ideal-para-vivir-todo-el-año/192163362,https://cdn1.infocasas.com.uy/repo/img/405_CCP-37982-TRA_581.jpg
192727916,En venta apartamento de 1 dormitorio en Punta del Este.,180000.0,1.0,1.0,43.0,65.0,Playa Brava,0,0,2024.0,,False,9,https://www.infocasas.com.uy/en-venta-apartamento-de-1-dormitorio-en-punta-del-este/192727916,https://cdn1.infocasas.com.uy/repo/img/173012432_NDM-27094-TRA_929.jpg
193728863,A estrenar apartamento de 2 dormitorios en Punta del Este en venta,208124.0,2.0,2.0,0.0,0.0,Roosevelt,0,0,,,False,9,https://www.infocasas.com.uy/a-estrenar-apartamento-de-2-dormitorios-en-punta-del-este-en-venta/193728863,https://cdn1.infocasas.com.uy/repo/img/173012432_NDM-30010-TRA_530.jpg
193320752,APARTAMENTO EN VENTA 3 DORMITORIOS - POSEIDON LAGUNA,454405.0,3.0,3.0,0.0,0.0,Pinares,0,0,2022.0,,False,9,https://www.infocasas.com.uy/apartamento-en-venta-3-dormitorios-poseidon-laguna/193320752,https://cdn1.infocasas.com.uy/repo/img/132785_RSP-17836-TRA_85.jpg
192163361,DUO Proyecto en La Barra ideal para vivir todo el año,405000.0,2.0,2.0,112.0,147.0,La Barra,0,0,,,False,9,https://www.infocasas.com.uy/duo-proyecto-en-la-barra-ideal-para-vivir-todo-el-año/192163361,https://cdn1.infocasas.com.uy/repo/img/405_CCP-37981-TRA_995.jpg
192163367,DUO Proyecto en La Barra ideal para vivir todo el año,405000.0,2.0,2.0,111.0,146.0,La Barra,0,0,,,False,9,https://www.infocasas.com.uy/duo-proyecto-en-la-barra-ideal-para-vivir-todo-el-año/192163367,https://cdn1.infocasas.com.uy/repo/img/405_CCP-37989-TRA_321.jpg
190137217,Torres del Este,158000.0,2.0,2.0,63.0,63.0,Punta del Este,-34.9516542,-54.9370594,,,False,9,https://www.infocasas.com.uy/torres-del-este/190137217,https://cdn1.infocasas.com.uy/repo/img/875e4293fb55728b7b5a8cbaff82dd44de1a8dc2.jpg
193296486,Apartamento en pozo 3 dormitorios,379950.0,3.0,3.0,0.0,0.0,Aidy Grill,0,0,2026.0,,False,9,https://www.infocasas.com.uy/apartamento-en-pozo-3-dormitorios/193296486,https://cdn1.infocasas.com.uy/repo/img/174931428_BRU-667-TRA_579.jpg
191022561,Desarrollo en Punta del Este,155000.0,1.0,1.0,35.0,39.0,Playa Mansa,0,0,2024.0,,False,9,https://www.infocasas.com.uy/desarrollo-en-punta-del-este/191022561,https://cdn1.infocasas.com.uy/repo/img/405_CCP-36404-TRA_958.jpg
190861939,"Departamento en Venta de Un dormitorio, Punta del Este",200000.0,1.0,1.0,45.0,59.0,San Rafael,0,0,2025.0,,False,9,https://www.infocasas.com.uy/departamento-en-venta-de-un-dormitorio-punta-del-este/190861939,https://cdn1.infocasas.com.uy/repo/img/405_CCP-35476-TRA_464.jpg
193728868,"En venta apartamento de 2 dormitorios en Roosevelt, Punta del Este",218524.0,2.0,2.0,0.0,0.0,Roosevelt,0,0,,,False,9,https://www.infocasas.com.uy/en-venta-apartamento-de-2-dormitorios-en-roosevelt-punta-del-este/193728868,https://cdn1.infocasas.com.uy/repo/img/173012432_NDM-30013-TRA_487.jpg
193320753,APARTAMENTO EN VENTA 2 DORMITORIOS - POSEIDON LAGUNA,385006.0,2.0,2.0,0.0,0.0,Pinares,0,0,2022.0,,False,9,https://www.infocasas.com.uy/apartamento-en-venta-2-dormitorios-poseidon-laguna/193320753,https://cdn1.infocasas.com.uy/repo/img/132785_RSP-17837-TRA_694.jpg
192442262,En venta departamentos calidad Premium Manantiales en Punta del Este,2585000.0,3.0,4.0,0.0,0.0,Manantiales,0,0,2026.0,,False,9,https://www.infocasas.com.uy/en-venta-departamentos-calidad-premium-manantiales-en-punta-del-este/192442262,https://cdn1.infocasas.com.uy/repo/img/176030818_CDV-449-TRA_691.jpg
192163360,DUO Proyecto en La Barra ideal para vivir todo el año,405000.0,2.0,2.0,112.0,147.0,La Barra,0,0,,,False,9,https://www.infocasas.com.uy/duo-proyecto-en-la-barra-ideal-para-vivir-todo-el-año/192163360,https://cdn1.infocasas.com.uy/repo/img/405_CCP-37980-TRA_511.jpg
192163363,DUO Proyecto en La Barra ideal para vivir todo el año,385000.0,2.0,2.0,111.0,146.0,La Barra,0,0,,,False,9,https://www.infocasas.com.uy/duo-proyecto-en-la-barra-ideal-para-vivir-todo-el-año/192163363,https://cdn1.infocasas.com.uy/repo/img/405_CCP-37985-TRA_595.jpg
191761226,Miami Boulevard II de 3 dormitorios con parrillero,700000.0,3.0,3.0,159.0,159.0,Playa Mansa,0,0,2021.0,,False,9,https://www.infocasas.com.uy/miami-boulevard-ii-de-3-dormitorios-con-parrillero/191761226,https://cdn1.infocasas.com.uy/repo/img/173012432_NDM-1646-TRA_456.jpg
192163359,DUO Proyecto en La Barra ideal para vivir todo el año,405000.0,2.0,2.0,113.0,148.0,La Barra,0,0,,,,9,https://www.infocasas.com.uy/duo-proyecto-en-la-barra-ideal-para-vivir-todo-el-año/192163359,https://cdn1.infocasas.com.uy/repo/img/405_CCP-37979-TRA_410.jpg
193325941,Apartamento a estrenar . En pozo . Ocean drive country torre 2,167000.0,1.0,1.0,0.0,0.0,Cantegril,-34.92638830976826,-54.94859666872559,,,False,9,https://www.infocasas.com.uy/apartamento-a-estrenar-en-pozo-ocean-drive-country-torre-2/193325941,https://cdn1.infocasas.com.uy/repo/img/176651596_VDS-4794-TRA_405.jpg
191761225,Miami Boulevard II de 3 dormitorios con parrillero,555000.0,3.0,3.0,159.0,159.0,Playa Mansa,0,0,2021.0,,False,9,https://www.infocasas.com.uy/miami-boulevard-ii-de-3-dormitorios-con-parrillero/191761225,https://cdn1.infocasas.com.uy/repo/img/173012432_NDM-1645-TRA_536.jpg
190861940,"Departamento en Venta de Dos Dormitorios, Punta del Este",340000.0,2.0,2.0,87.0,150.0,San Rafael,0,0,2025.0,,False,9,https://www.infocasas.com.uy/departamento-en-venta-de-dos-dormitorios-punta-del-este/190861940,https://cdn1.infocasas.com.uy/repo/img/405_CCP-35480-TRA_979.jpg
193728861,En venta apartamento al frente de 2 dormitorios en Punta del Este,206000.0,2.0,2.0,0.0,0.0,Roosevelt,0,0,,,False,9,https://www.infocasas.com.uy/en-venta-apartamento-al-frente-de-2-dormitorios-en-punta-del-este/193728861,https://cdn1.infocasas.com.uy/repo/img/173012432_NDM-30009-TRA_149.jpg
193728866,"En venta apartamento de 2 dormitorios en Roosevelt, Punta del Este",210204.0,2.0,2.0,0.0,0.0,Roosevelt,0,0,,,False,9,https://www.infocasas.com.uy/en-venta-apartamento-de-2-dormitorios-en-roosevelt-punta-del-este/193728866,https://cdn1.infocasas.com.uy/repo/img/173012432_NDM-30011-TRA_315.jpg
193728867,"Vende apartamento de 2 dormitorios en Roosevelt, Punta del Este a estrenar",216444.0,2.0,2.0,0.0,0.0,Roosevelt,0,0,,,False,9,https://www.infocasas.com.uy/vende-apartamento-de-2-dormitorios-en-roosevelt-punta-del-este-a-estrenar/193728867,https://cdn1.infocasas.com.uy/repo/img/173012432_NDM-30012-TRA_971.jpg
190861941,"Departamento en Venta de Dos Dormitorios, Punta del Este",360000.0,2.0,2.0,87.0,108.0,San Rafael,0,0,2025.0,,False,9,https://www.infocasas.com.uy/departamento-en-venta-de-dos-dormitorios-punta-del-este/190861941,https://cdn1.infocasas.com.uy/repo/img/405_CCP-35481-TRA_846.jpg
192342919,Departamento en Pozo en Rincón del Indio a 1 cuadra del mar,300000.0,2.0,1.0,60.0,160.0,Playa Brava,0,0,2024.0,,False,9,https://www.infocasas.com.uy/departamento-en-pozo-en-rincon-del-indio-a-1-cuadra-del-mar/192342919,https://cdn1.infocasas.com.uy/repo/img/405_CCP-38265-TRA_790.jpg
190262388,"Venta apartamento 3 dormitorios Brasil, Porto Belo SC",333000.0,3.0,3.0,0.0,0.0,Playa Mansa,0,0,,,False,9,https://www.infocasas.com.uy/venta-apartamento-3-dormitorios-brasil-porto-belo-sc/190262388,https://cdn1.infocasas.com.uy/repo/img/173104404_VIP-1232-TRA_789.jpg
15964,KOSAK Punta del Este- Lanzamiento Glosker Mansa,190000.0,2.0,1.0,77.0,77.0,Punta del Este,-34.92281553618428,-54.95612392507234,,,True,9,https://www.infocasas.com.uy/proyectos/kosak-punta-del-este-lanzamiento-glosker-mansa/15964,https://cdn1.infocasas.com.uy/repo/img/2254c4196e9e8918907bbd0dc506b87ab929f941.jpg
192812605,"Apartamento en Le jardin , central de 3 dormitorios en venta, Playa mansa",770000.0,3.0,3.0,120.0,140.0,Playa Mansa,0,0,,,False,3,https://www.infocasas.com.uy/apartamento-en-le-jardin-central-de-3-dormitorios-en-venta-playa-mansa/192812605,https://cdn1.infocasas.com.uy/repo/img/599524_PAR-11184-TRA_704.jpg
192129696,EDIFICIO VANGUARDIA - 1 DORM,178000.0,1.0,1.0,68.0,74.0,Playa Mansa,0,0,,,False,4,https://www.infocasas.com.uy/edificio-vanguardia-1-dorm/192129696,https://cdn1.infocasas.com.uy/repo/img/256162_MKT-6683-TRA_123.jpg
193666047,"Ocean Drive, exclusivo departamento en venta.",415000.0,3.0,3.0,105.0,117.0,Playa Brava,-34.94460239382716,-54.92952113349913,,,False,4,https://www.infocasas.com.uy/ocean-drive-exclusivo-departamento-en-venta/193666047,https://cdn1.infocasas.com.uy/repo/img/261_GII-2939-TRA_291.jpg
193148722,DEPARTAMENTO DE  4 DORMITORIOS,440000.0,3.0,4.0,128.0,160.0,Playa Brava,0,0,,,False,4,https://www.infocasas.com.uy/departamento-de-4-dormitorios/193148722,https://cdn1.infocasas.com.uy/repo/img/256162_MKT-7745-TRA_685.jpg
193544983,"Arenas del mar, 2 dormitorios en venta!!",225000.0,2.0,1.0,55.0,0.0,Playa Brava,-34.947924,-54.92697649999999,,,False,3,https://www.infocasas.com.uy/arenas-del-mar-2-dormitorios-en-venta/193544983,https://cdn1.infocasas.com.uy/repo/img/176512310_MIL-173-TRA_925.jpg
193637006,"Espectacular planta de 2 dormitorios en venta, alexander boulevard",397000.0,2.0,2.0,79.0,84.0,Playa Mansa,-34.9482204,-54.9295258,,,False,3,https://www.infocasas.com.uy/espectacular-planta-de-2-dormitorios-en-venta-alexander-boulevard/193637006,https://cdn1.infocasas.com.uy/repo/img/176512310_MIL-175-TRA_114.jpg
193404712,Venta Apartamento 2 Dormitorios y cochera | Piso 21 | More Atlántico | Punta del Este,330000.0,2.0,1.0,58.5,58.5,Roosevelt,-34.9149039,-54.9610059,,2.0,False,3,https://www.infocasas.com.uy/venta-apartamento-2-dormitorios-y-cochera-piso-21-more-atlantico-punta-del-este/193404712,https://cdn2.infocasas.com.uy/repo/img/6994bad6f04d6_infocdn__qigewhujgrp8ydvtaptnpvdzzzg6nfbaegxdshg7jpg.jpg
193505300,Impresionante apartamento totalmente reciclado. En Exclusiva!!,395000.0,4.0,3.0,120.0,120.0,Arcobaleno,-34.92464592644997,-54.955279975280746,,,False,2,https://www.infocasas.com.uy/impresionante-apartamento-totalmente-reciclado-en-exclusiva/193505300,https://cdn1.infocasas.com.uy/repo/img/173158962_AVP-1870-TRA_41.jpg
193371908,APARTAMENTO EN VENTA 2 DORMITORIOS EN PENINSULA,155000.0,2.0,2.0,65.0,65.0,Península,-34.9631006,-54.9428408,,,False,2,https://www.infocasas.com.uy/apartamento-en-venta-2-dormitorios-en-peninsula/193371908,https://cdn1.infocasas.com.uy/repo/img/197419_ADD-5902-TRA_317.jpg
193224219,"Place Lafayette – Encanto Colonial, Estilo Moderno",269000.0,2.0,1.0,85.0,85.0,Punta Shopping,-34.9420789,-54.9316131,,3.0,False,3,https://www.infocasas.com.uy/place-lafayette-–-encanto-colonial-estilo-moderno/193224219,https://cdn2.infocasas.com.uy/repo/img/69495b01ce8db_infocdn__egd3zzwjxwbjbvldhdlg0bilkklcxqiz2jcssnecjpg.jpg
192804636,"KOSAK Punta del Este  Imperdible! Oceáno , Península Venta apart 3 dorm Full, Euipado, Amenities",680000.0,3.0,3.0,153.0,153.0,Península,-34.9624337,-54.94328860000002,,,False,7,https://www.infocasas.com.uy/kosak-punta-del-este-imperdible-oceano-peninsula-venta-apart-3-dorm-full-euipado-amenities/192804636,https://cdn1.infocasas.com.uy/repo/img/4_ven_nai_391_420_482.jpg
193243517,Apartamento de tres dormitorios en alquiler Peninsula Punta del Este.,450000.0,3.0,2.0,74.0,90.0,Península,0,0,,,,4,https://www.infocasas.com.uy/apartamento-de-tres-dormitorios-en-alquiler-peninsula-punta-del-este/193243517,https://cdn1.infocasas.com.uy/repo/img/405_CCP-35504-TRA_183.jpg
193025219,"Excelente departamento en venta, 3 dormitroios. Punta del Este",350000.0,3.0,2.0,81.0,120.0,Playa Brava,0,0,,,False,4,https://www.infocasas.com.uy/excelente-departamento-en-venta-3-dormitroios-punta-del-este/193025219,https://cdn1.infocasas.com.uy/repo/img/405_CCP-39095-TRA_582.jpg
193076443,Paramount Tower Frente al Mar en Playa Mansa de tres dormitorios en venta,920000.0,3.0,3.0,143.0,204.0,Playa Mansa,-34.9423846197398,-54.94465135505065,2021.0,,False,4,https://www.infocasas.com.uy/paramount-tower-frente-al-mar-en-playa-mansa-de-tres-dormitorios-en-venta/193076443,https://cdn1.infocasas.com.uy/repo/img/405_CCP-38101-TRA_95.jpg
192727758,"Venta Apartamento Torre One 2, dos dormitorios Brava Punta del Este",420000.0,2.0,2.0,66.0,82.0,Playa Brava,-34.944825,-54.9274166,2020.0,,False,3,https://www.infocasas.com.uy/venta-apartamento-torre-one-2-dos-dormitorios-brava-punta-del-este/192727758,https://cdn1.infocasas.com.uy/web/6894df4adaa7f_infocdn.jpg
193514489,"Apartamento en Venta, Peninsula, Punta del Este, 3 Dormitorios.",1050000.0,3.0,3.0,220.0,220.0,Playa Mansa,0,0,,,False,4,https://www.infocasas.com.uy/apartamento-en-venta-peninsula-punta-del-este-3-dormitorios/193514489,https://cdn1.infocasas.com.uy/repo/img/5226_NLV-204538-TRA_684.jpg
193736212,VENTA APARTAMENTO 2 DORMITORIOS - TORRE MARINA I,268000.0,2.0,2.0,72.0,76.0,Playa Brava,-34.952157,-54.931791,,,False,4,https://www.infocasas.com.uy/venta-apartamento-2-dormitorios-torre-marina-i/193736212,https://cdn1.infocasas.com.uy/repo/img/132785_RSP-6453-TRA_820.jpg
193343606,Venta apartamento 2 dormitorios en Punta del este,206000.0,2.0,2.0,88.0,74.0,Punta del Este,-34.921751112857145,-54.95272815227509,2026.0,,False,7,https://www.infocasas.com.uy/venta-apartamento-2-dormitorios-en-punta-del-este/193343606,https://cdn1.infocasas.com.uy/repo/img/735153_TBR-TBR-5162_312.jpg
193175926,"Espectacular apartamento en venta, 3 suites",610000.0,3.0,3.0,115.0,115.0,Península,-34.9624337,-54.9432886,,,False,3,https://www.infocasas.com.uy/espectacular-apartamento-en-venta-3-suites/193175926,https://cdn1.infocasas.com.uy/repo/img/176512310_MIL-155-TRA_262.jpg
193470002,APARTAMENTO EN VENTA 2 DORMITORIOS EN EDIFICIO CAP FERRAT,230000.0,2.0,2.0,63.0,0.0,Playa Mansa,0,0,,,False,4,https://www.infocasas.com.uy/apartamento-en-venta-2-dormitorios-en-edificio-cap-ferrat/193470002,https://cdn1.infocasas.com.uy/repo/img/132785_RSP-17815-TRA_807.jpg
192599756,Serenity Brava - Ultimas unidades disponibles,245000.0,2.0,2.0,107.0,107.0,Punta del Este,-34.9193215,-54.8924364,,,False,4,https://www.infocasas.com.uy/serenity-brava-ultimas-unidades-disponibles/192599756,https://cdn2.infocasas.com.uy/repo/img/6941bc3e3cd07_infocdn__zcyuzskmkrzlksrjwo8s6yddnfy0jujaajfu7e6rjpg.jpg
190908387,Apartamento frente al Mar en Playa Brava,280000.0,3.0,2.0,82.0,0.0,Playa Brava,-34.954935,-54.936984,,,False,2,https://www.infocasas.com.uy/apartamento-frente-al-mar-en-playa-brava/190908387,https://cdn1.infocasas.com.uy/repo/img/173325609_MCH-2693-TRA_238.jpg
193477250,"Departamento en Venta de 3 dormitorios en Playa Brava, Punta del Este",295000.0,3.0,2.0,100.0,120.0,Playa Brava,0,0,,,False,4,https://www.infocasas.com.uy/departamento-en-venta-de-3-dormitorios-en-playa-brava-punta-del-este/193477250,https://cdn1.infocasas.com.uy/repo/img/599524_PAR-11814-TRA_992.jpg
193255893,Apartamento - Punta del Este. 2 dormitorios y amenities. Primera linea,275000.0,2.0,2.0,76.0,0.0,Punta del Este,-34.9382371,-54.9492882,2022.0,,False,3,https://www.infocasas.com.uy/apartamento-punta-del-este-2-dormitorios-y-amenities-primera-linea/193255893,https://cdn1.infocasas.com.uy/web/695fbf8179d55_infocdn.jpg
189542461,"Apartamento en Brava, Torre Imperiale - Punta del Este",750000.0,3.0,3.0,131.0,165.0,Playa Brava,0,0,,,False,3,https://www.infocasas.com.uy/apartamento-en-brava-torre-imperiale-punta-del-este/189542461,https://cdn1.infocasas.com.uy/repo/img/173255338_EV-1534-TRA_439.jpg
190627744,Departamento comodo con hermosa vista en venta,880000.0,2.0,3.0,150.0,150.0,Playa Mansa,0,0,2022.0,,False,3,https://www.infocasas.com.uy/departamento-comodo-con-hermosa-vista-en-venta/190627744,https://cdn1.infocasas.com.uy/repo/img/173012432_NDM-15530-TRA_102.jpg
186401261,"Venta de Apartamento 3 DORMITORIOS en Playa Brava, Punta del Este",395000.0,3.0,3.0,120.0,140.0,Playa Brava,-34.9445152,-54.9164532,,,False,4,https://www.infocasas.com.uy/venta-de-apartamento-3-dormitorios-en-playa-brava-punta-del-este/186401261,https://cdn1.infocasas.com.uy/repo/img/599524_PAR-73-TRA_807.jpg#HASTH
187539437,Tiburon Terrazas Oceano Punta del Este con Pileta propia Exclusivo Departamento,2200000.0,4.0,4.0,246.0,342.0,Playa Brava,-34.924346173342684,-54.879471113281234,,,,4,https://www.infocasas.com.uy/tiburon-terrazas-oceano-punta-del-este-con-pileta-propia-exclusivo-departamento/187539437,https://cdn1.infocasas.com.uy/repo/img/405_CCP-29789-TRA_997.jpg
193351560,Apartamento en venta 3 dormitorios  - Pinares,385000.0,3.0,2.0,126.0,196.0,Playa Mansa,0,0,,,False,3,https://www.infocasas.com.uy/apartamento-en-venta-3-dormitorios-pinares/193351560,https://cdn1.infocasas.com.uy/repo/img/203121_SIP-1415-TRA_537.jpg
193543270,Exclusivo Apartamento de Lujo con Vistas Panorámicas al Mar en el Corazón de Punta del Este,469000.0,3.0,3.0,200.0,200.0,Punta del Este,-34.9368789,-54.9281496,,0.0,False,3,https://www.infocasas.com.uy/exclusivo-apartamento-de-lujo-con-vistas-panoramicas-al-mar-en-el-corazon-de-punta-del-este/193543270,https://cdn2.infocasas.com.uy/repo/img/69bc41f75ba9e_infocdn__awfik1scpwfkknriqhsgnxelgxuf4whsnjfakuyajpg.jpg
192756823,Oportunidad en Torre Lobos  Punta del Este piso alto,800000.0,3.0,3.0,200.0,280.0,Playa Brava,0,0,,,False,4,https://www.infocasas.com.uy/oportunidad-en-torre-lobos-punta-del-este-piso-alto/192756823,https://cdn1.infocasas.com.uy/repo/img/599524_PAR-11143-TRA_930.jpg
193582194,"Apartamento a estrenar en venta, 2 dormitorios, terraza y cochera en aidy grill.",295000.0,2.0,2.0,88.0,88.0,Punta del Este,0,0,,1.0,False,4,https://www.infocasas.com.uy/apartamento-a-estrenar-en-venta-2-dormitorios-terraza-y-cochera-en-aidy-grill/193582194,https://cdn1.infocasas.com.uy/repo/img/37506_PPT-9676-TRA_671.jpg
193175595,VENTA DE APARTAMENTO EN LOOK BRAVA 3 DORMITORIOS CON VISTA DIRECTA AL MAR 585.000USD,585000.0,3.0,4.0,199.0,199.0,Playa Brava,-34.9441658,-54.9217472,,,False,3,https://www.infocasas.com.uy/venta-de-apartamento-en-look-brava-3-dormitorios-con-vista-directa-al-mar-585000usd/193175595,https://cdn2.infocasas.com.uy/gen-ai/enhanced_image_20260315193143.png
191708778,"Venta Apartamento 2 Dormitorios y Dependencia Playa Brava, Punta del Este",460000.0,3.0,3.0,126.0,102.0,Playa Brava,-34.9441658,-54.9217472,2020.0,,False,3,https://www.infocasas.com.uy/venta-apartamento-2-dormitorios-y-dependencia-playa-brava-punta-del-este/191708778,https://cdn1.infocasas.com.uy/web/673ee50c4cee2_infocdn.jpg
187307568,Apartamento en venta Av. Roosevelt 3 dormitorios,165000.0,3.0,2.0,86.0,111.0,Roosevelt,-34.9333546,-54.940614,,,False,4,https://www.infocasas.com.uy/apartamento-en-venta-av-roosevelt-3-dormitorios/187307568,https://cdn1.infocasas.com.uy/repo/img/173012432_NDM-2289-TRA_440.jpg#HASTH
193162403,Apartamento en venta en parada 33 de la Mansa.,315000.0,2.0,2.0,197.0,72.0,Playa Mansa,-34.91138697064,-54.989566888452,2024.0,,False,7,https://www.infocasas.com.uy/apartamento-en-venta-en-parada-33-de-la-mansa/193162403,https://cdn1.infocasas.com.uy/repo/img/108_nai_200_2452_310.jpg
193344379,Buen Apartamento en Playa Brava,1300000.0,3.0,4.0,220.0,220.0,Rincón del Indio,0,0,,,False,3,https://www.infocasas.com.uy/buen-apartamento-en-playa-brava/193344379,https://cdn1.infocasas.com.uy/repo/img/405_CCP-28487-TRA_315.jpg
193625698,APARTAMENTO EN VENTA 2 DORMITORIOS - ONIX,385000.0,2.0,2.0,75.0,88.0,Aidy Grill,0,0,,,False,4,https://www.infocasas.com.uy/apartamento-en-venta-2-dormitorios-onix/193625698,https://cdn1.infocasas.com.uy/repo/img/132785_RSP-17973-TRA_475.jpg
193432999,Punta del Este - Departamento Venta 2 dormitorios 2 baños dependencia de servicio garage piscina,395000.0,3.0,3.0,100.0,80.0,Punta del Este,-34.9492300579,-54.9297600508,2024.0,,False,4,https://www.infocasas.com.uy/punta-del-este-departamento-venta-2-dormitorios-2-baños-dependencia-de-servicio-garage-piscina/193432999,https://cdn1.infocasas.com.uy/web/699e0f24c4ab0_infocdn.jpg
193034299,MANSA INN BEACH 2 DORM,275000.0,2.0,2.0,72.0,72.0,Playa Mansa,-34.9433848,-54.9442621,,,False,3,https://www.infocasas.com.uy/mansa-inn-beach-2-dorm/193034299,https://cdn1.infocasas.com.uy/repo/img/256162_MKT-7165-TRA_668.jpg
193497005,"(BPV-BPV-11028)  Venta de apartamento 1 dormitorio La Cañada, Punta del Este, Maldonado",139500.0,1.0,1.0,60.0,50.0,Playa Mansa,-34.916725,-54.962884,2026.0,,False,3,https://www.infocasas.com.uy/bpvbpv11028-venta-de-apartamento-1-dormitorio-la-cañada-punta-del-este-maldonado/193497005,https://cdn1.infocasas.com.uy/repo/img/279_BPV-BPV-11028_817.jpg
193637092,Exclusivo Penthouse con parrillero propio!!!,395000.0,3.0,2.0,141.0,153.0,Aidy Grill,0,0,,,False,4,https://www.infocasas.com.uy/exclusivo-penthouse-con-parrillero-propio/193637092,https://cdn1.infocasas.com.uy/repo/img/261_GII-2271-TRA_79.jpg
193455254,Venta Penthouse 5 dormitorios Punta del Este Brava,3600000.0,5.0,6.0,633.0,633.0,Playa Brava,-34.955711,-54.9344911,,,False,3,https://www.infocasas.com.uy/venta-penthouse-5-dormitorios-punta-del-este-brava/193455254,https://cdn1.infocasas.com.uy/repo/img/175664160_ASZ-3965-TRA_564.jpg
193218200,Venta apartamento 2 dormitorios con Renta - Punta del Este,239000.0,2.0,2.0,70.0,75.0,Roosevelt,-34.94330514935578,-54.93077152741698,,,False,3,https://www.infocasas.com.uy/venta-apartamento-2-dormitorios-con-renta-punta-del-este/193218200,https://cdn1.infocasas.com.uy/repo/img/192_AIXA-1234-TRA_29.jpg
193469947,Penthouse en venta en Le Parc Punta del Este 9846 | 4 suites,2000000.0,4.0,3.0,263.0,233.0,Playa Brava,-34.9431239253195,-54.917538164590965,,,False,3,https://www.infocasas.com.uy/penthouse-en-venta-en-le-parc-punta-del-este-9846-4-suites/193469947,https://cdn1.infocasas.com.uy/repo/img/37_CBR-CBR-1269_688.jpg
193496821,(BPV-BPV-9289)  Oportunidad de inversion apartamento en venta Maldonado,93000.0,1.0,1.0,42.0,38.0,Punta del Este,-34.906434,-54.9593692,2026.0,,False,7,https://www.infocasas.com.uy/bpvbpv9289-oportunidad-de-inversion-apartamento-en-venta-maldonado/193496821,https://cdn1.infocasas.com.uy/repo/img/279_BPV-BPV-9289_400.jpg
191257713,"Apartamento en venta de 2 dormitorios en Ocean drive II, Punta del Este.",290000.0,2.0,2.0,110.0,100.0,Playa Brava,0,0,,,False,4,https://www.infocasas.com.uy/apartamento-en-venta-de-2-dormitorios-en-ocean-drive-ii-punta-del-este/191257713,https://cdn1.infocasas.com.uy/repo/img/599524_PAR-10114-TRA_447.jpg
193680984,Departamento en venta Delamar La Barra ,2300000.0,4.0,3.0,290.0,290.0,Punta del Este,-34.9163466,-54.867684,2016.0,,False,4,https://www.infocasas.com.uy/departamento-en-venta-delamar-la-barra-/193680984,https://cdn1.infocasas.com.uy/web/69efb3f0b0f98_infocdn.jpg
193335697,"Departamento en Venta de 1 dormitorio en Playa Mansa, Punta del Este",154000.0,1.0,1.0,39.0,0.0,Playa Mansa,0,0,,,False,4,https://www.infocasas.com.uy/departamento-en-venta-de-1-dormitorio-en-playa-mansa-punta-del-este/193335697,https://cdn1.infocasas.com.uy/repo/img/599524_PAR-11632-TRA_844.jpg
192774047,Venta de apartamento moderno de tres dormitorios súper bien ubicado entre playas Brava y Mansa,365000.0,3.0,2.0,85.0,96.0,Aidy Grill,0,0,,,False,4,https://www.infocasas.com.uy/venta-de-apartamento-moderno-de-tres-dormitorios-super-bien-ubicado-entre-playas-brava-y-mansa/192774047,https://cdn1.infocasas.com.uy/repo/img/175716718_CHZ-2232-TRA_746.jpg
192124095,EDIFICIO SAN RAFAEL - PRIMERA LINEA,320000.0,2.0,2.0,77.0,88.0,Playa Brava,0,0,,,False,4,https://www.infocasas.com.uy/edificio-san-rafael-primera-linea/192124095,https://cdn1.infocasas.com.uy/repo/img/256162_MKT-5663-TRA_741.jpg
192693117,"Playa Mansa, lindo entorno, edificio bajo buen lugar para descansar",249000.0,3.0,2.0,66.0,66.0,Playa Mansa,0,0,,,False,4,https://www.infocasas.com.uy/playa-mansa-lindo-entorno-edificio-bajo-buen-lugar-para-descansar/192693117,https://cdn1.infocasas.com.uy/repo/img/277358_OJD-41219-TRA_50.jpg
193366172,"Apartamento en venta primera linea, Punta del Este.",255000.0,2.0,2.0,78.0,78.0,Pinares,0,0,,,False,4,https://www.infocasas.com.uy/apartamento-en-venta-primera-linea-punta-del-este/193366172,https://cdn1.infocasas.com.uy/repo/img/173255338_EV-4113-TRA_545.jpg
193565680,Apartamento duplex frente al mar en playa mansa en venta,685000.0,2.0,3.0,124.0,0.0,Playa Mansa,0,0,,,False,4,https://www.infocasas.com.uy/apartamento-duplex-frente-al-mar-en-playa-mansa-en-venta/193565680,https://cdn1.infocasas.com.uy/repo/img/405_CCP-39886-TRA_944.jpg
191219695,"Le Parc Punta del Este OPORTUNIDAD en venta! Esquinero en Le Parc frente a playa Brava, Punta del Este",750000.0,3.0,3.0,220.0,232.0,Playa Brava,-34.9345765,-54.9029916,,,,4,https://www.infocasas.com.uy/le-parc-punta-del-este-oportunidad-en-venta-esquinero-en-le-parc-frente-a-playa-brava-punta-del-este/191219695,https://cdn1.infocasas.com.uy/repo/img/405_CCP-29317-TRA_210.jpg
193751538,Venta de departamento esquinero con unidad adicional en torre Chronos - Punta del Este,280000.0,3.0,3.0,170.0,170.0,Aidy Grill,-34.948923,-54.930765,,2.0,False,3,https://www.infocasas.com.uy/venta-de-departamento-esquinero-con-unidad-adicional-en-torre-chronos-punta-del-este/193751538,https://cdn2.infocasas.com.uy/repo/img/6a062f5a9fb13_infocdn__uau4yju0bpuyauzoek4v8carxrsak0yeqdwlwdzyjpg.jpg
190609094,Hermoso departamento en Edificio Silente.,550000.0,2.0,2.0,126.0,158.0,Playa Brava,0,0,,,False,3,https://www.infocasas.com.uy/hermoso-departamento-en-edificio-silente/190609094,https://cdn1.infocasas.com.uy/repo/img/173012432_NDM-5325-TRA_625.jpg
193522191,"Departamento en Venta de 2 dormitorios en Roosevelt, Punta del Este",156000.0,2.0,2.0,71.0,0.0,Roosevelt,0,0,,,False,4,https://www.infocasas.com.uy/departamento-en-venta-de-2-dormitorios-en-roosevelt-punta-del-este/193522191,https://cdn1.infocasas.com.uy/repo/img/599524_PAR-11839-TRA_855.jpg
193489624,"En venta apartamento de 1 dormitorio en Roosevelt,  Punta del Esta",220000.0,1.0,1.0,42.0,42.0,Roosevelt,0,0,,,False,3,https://www.infocasas.com.uy/en-venta-apartamento-de-1-dormitorio-en-roosevelt-punta-del-esta/193489624,https://cdn1.infocasas.com.uy/repo/img/175955365_LUX-21099127-TRA_818.jpg
193607888,"Apartamento un dormitorio, baño y medio y garaje en torre con amenities roosevelt",189000.0,1.0,2.0,70.0,70.0,Roosevelt,-34.9314134,-54.9419309,2018.0,,False,3,https://www.infocasas.com.uy/apartamento-un-dormitorio-baño-y-medio-y-garaje-en-torre-con-amenities-roosevelt/193607888,https://cdn1.infocasas.com.uy/web/69d703e63dd87_infocdn.jpg
192862591,Apartamentos en Playa Brava,985000.0,3.0,3.0,0.0,187.0,Playa Brava,-34.94637621718294,-54.92324286505125,,,False,4,https://www.infocasas.com.uy/apartamentos-en-playa-brava/192862591,https://cdn1.infocasas.com.uy/repo/img/132_2535_579.jpg
193576527,"Edificio ACQUA - Playa Brava, Punta del Este",4500000.0,4.0,1.0,435.0,435.0,Playa Brava,0,0,,,False,3,https://www.infocasas.com.uy/edificio-acqua-playa-brava-punta-del-este/193576527,https://cdn1.infocasas.com.uy/repo/img/132785_RSP-18207-TRA_395.jpg
193589560,MIAMI BOULEVARD 2,430000.0,2.0,2.0,83.0,94.0,Playa Mansa,-34.94653562802242,-54.93852518966064,2022.0,,False,4,https://www.infocasas.com.uy/miami-boulevard-2/193589560,https://cdn1.infocasas.com.uy/repo/img/256162_MKT-7718-TRA_521.jpg
193551731,Venta local Peninsula,45000.0,0.0,1.0,11.0,11.0,Península,-34.9670734,-54.9488198,,,False,4,https://www.infocasas.com.uy/venta-local-peninsula/193551731,https://cdn1.infocasas.com.uy/repo/img/173890249_REI-4609-TRA_832.jpg
193538818,"Apartamento en Punta del Este, Brava",550000.0,3.0,4.0,135.0,0.0,Playa Brava,-34.94384341863805,-54.922363100494366,,,False,4,https://www.infocasas.com.uy/apartamento-en-punta-del-este-brava/193538818,https://cdn1.infocasas.com.uy/repo/img/176807675_RHS-1129-TRA_617.jpg
193585873,Apartamentos en Península,350000.0,3.0,2.0,103.0,103.0,Península,-34.964691,-54.9464008,,,False,4,https://www.infocasas.com.uy/apartamentos-en-peninsula/193585873,https://cdn1.infocasas.com.uy/repo/img/250_2927_902.jpg
193713445,VENTA APARTAMENTO 1 DORMITORIO PENINSULA PUNTA DEL ESTE SUDESTE BAJOS GASTOS,175000.0,1.0,1.0,70.0,70.0,Península,-34.96519651124592,-54.94514768321989,2024.0,,False,3,https://www.infocasas.com.uy/venta-apartamento-1-dormitorio-peninsula-punta-del-este-sudeste-bajos-gastos/193713445,https://cdn1.infocasas.com.uy/repo/img/173608396_HAUS-4027-TRA_59.jpg
191057516,Apartamento de dos dormitorios en Venta Playa Mansa,230000.0,2.0,2.0,62.0,62.0,Playa Mansa,0,0,,,False,4,https://www.infocasas.com.uy/apartamento-de-dos-dormitorios-en-venta-playa-mansa/191057516,https://cdn1.infocasas.com.uy/repo/img/405_CCP-36383-TRA_658.jpg
193469949,Venta Apartamento en Le Parc Punta del Este 9847 | 4 suites,1900000.0,4.0,3.0,221.0,190.0,Playa Brava,-34.943585154531874,-54.91797208655044,2025.0,,False,3,https://www.infocasas.com.uy/venta-apartamento-en-le-parc-punta-del-este-9847-4-suites/193469949,https://cdn1.infocasas.com.uy/repo/img/37_CBR-CBR-1270_565.jpg
193543258,"Estupendo apartamento sobre Av. Roosevelt, cerca de la playa, muy amplio y luminoso.",395000.0,3.0,3.0,135.0,135.0,Roosevelt,-34.9433046,-54.9297014,,4.0,False,3,https://www.infocasas.com.uy/estupendo-apartamento-sobre-av-roosevelt-cerca-de-la-playa-muy-amplio-y-luminoso/193543258,https://cdn2.infocasas.com.uy/repo/img/69bc41e23e936_infocdn__h5h6vohuizqzikv2n61gjzq95gy6hn8sn1jmkezgjpg.jpg
193511836,APARTAMENTO EN VENTA 2 DORMITORIOS -PLACE LAFAYETTE,260000.0,2.0,2.0,60.0,85.0,Roosevelt,-34.94244384181023,-54.93211269378662,2016.0,,False,4,https://www.infocasas.com.uy/apartamento-en-venta-2-dormitorios-place-lafayette/193511836,https://cdn1.infocasas.com.uy/repo/img/173211400_SPP-16927-TRA_940.jpg
193638496,"Apartamento en Punta del Este, Chiverta",238000.0,2.0,2.0,62.0,62.0,Playa Mansa,0,0,,,False,4,https://www.infocasas.com.uy/apartamento-en-punta-del-este-chiverta/193638496,https://cdn1.infocasas.com.uy/repo/img/176836142_ESP-760-TRA_851.jpg
192473731,"Mansa, los mejores atardeceres",340000.0,2.0,2.0,79.0,103.0,Playa Mansa,0,0,,,False,3,https://www.infocasas.com.uy/mansa-los-mejores-atardeceres/192473731,https://cdn1.infocasas.com.uy/repo/img/176050941_SLR-6-TRA_708.jpg
193158976,ARTOWER - 1 DORM Y MEDIO,225000.0,1.0,1.0,44.0,74.0,Playa Mansa,0,0,,,False,4,https://www.infocasas.com.uy/artower-1-dorm-y-medio/193158976,https://cdn1.infocasas.com.uy/repo/img/256162_MKT-5897-TRA_179.jpg
193634708,Penthouse de categoría en Espigón  Rambla General Artigas,1050000.0,3.0,3.0,122.0,150.0,Península,0,0,,,False,4,https://www.infocasas.com.uy/penthouse-de-categoria-en-espigon-rambla-general-artigas/193634708,https://cdn1.infocasas.com.uy/repo/img/599524_PAR-11931-TRA_338.jpg
191835455,"Departamento en Venta de Un Dormitorio en Peninsula, Punta del Este",120000.0,1.0,1.0,39.0,39.0,Península,0,0,,,False,4,https://www.infocasas.com.uy/departamento-en-venta-de-un-dormitorio-en-peninsula-punta-del-este/191835455,https://cdn1.infocasas.com.uy/repo/img/405_CCP-35569-TRA_812.jpg
192026261,"Le Parc III en piso alto, exclusivo departamento",1400000.0,4.0,5.0,226.0,238.0,Playa Brava,0,0,2021.0,2.0,False,3,https://www.infocasas.com.uy/le-parc-iii-en-piso-alto-exclusivo-departamento/192026261,https://cdn1.infocasas.com.uy/repo/img/261_GII-2412-TRA_551.jpg
191482806,"Venta de apartamento con 3 dormitorios en Brava, Punta del Este.",750000.0,3.0,3.0,140.0,180.0,Playa Brava,0,0,,,False,3,https://www.infocasas.com.uy/venta-de-apartamento-con-3-dormitorios-en-brava-punta-del-este/191482806,https://cdn1.infocasas.com.uy/repo/img/599524_PAR-10198-TRA_863.jpg
193497676,Apartamento en venta de 3 dormitorios en Playa Mansa frente al mar,670000.0,3.0,3.0,109.0,164.0,Playa Mansa,0,0,2022.0,,,3,https://www.infocasas.com.uy/apartamento-en-venta-de-3-dormitorios-en-playa-mansa-frente-al-mar/193497676,https://cdn1.infocasas.com.uy/repo/img/405_CCP-38676-TRA_10.jpg
192312157,En venta y alquiler temporario.,177000.0,2.0,1.0,64.0,0.0,Playa Mansa,0,0,,,False,4,https://www.infocasas.com.uy/en-venta-y-alquiler-temporario/192312157,https://cdn1.infocasas.com.uy/repo/img/37506_PPT-7780-TRA_800.jpg
193574243,"Monoambiente impecable, EN VENTA, primera linea, mansa.",125000.0,0.0,1.0,30.0,0.0,Playa Mansa,-34.918002,-54.9765911,,,False,4,https://www.infocasas.com.uy/monoambiente-impecable-en-venta-primera-linea-mansa/193574243,https://cdn1.infocasas.com.uy/repo/img/37506_PPT-7690-TRA_780.jpg
193284187,"Apartamento en venta de 3 dormitorios en Miami Boulevard, Punta del Este.",880000.0,3.0,4.0,120.0,140.0,Playa Mansa,-34.9133672,-54.9426425,2021.0,,False,3,https://www.infocasas.com.uy/apartamento-en-venta-de-3-dormitorios-en-miami-boulevard-punta-del-este/193284187,https://cdn1.infocasas.com.uy/repo/img/599524_PAR-7358-TRA_135.jpg
193076111,"Apartamento en venta con vista a playa Brava, Punta del Este.",360000.0,2.0,2.0,87.0,124.0,Playa Brava,0,0,,,False,4,https://www.infocasas.com.uy/apartamento-en-venta-con-vista-a-playa-brava-punta-del-este/193076111,https://cdn1.infocasas.com.uy/repo/img/599524_PAR-11363-TRA_333.jpg
191904630,"Apartamento en Venta, Brava, Punta del Este, 3 Dormitorios.",1900000.0,3.0,3.0,289.0,0.0,Playa Brava,0,0,,,False,4,https://www.infocasas.com.uy/apartamento-en-venta-brava-punta-del-este-3-dormitorios/191904630,https://cdn1.infocasas.com.uy/repo/img/5226_NLV-155262-TRA_942.jpg
193137381,Fendi Chateau - Unidades Centrales,1700000.0,3.0,4.0,190.0,190.0,Playa Mansa,-34.929742733291974,-54.95897549999999,,,False,4,https://www.infocasas.com.uy/fendi-chateau-unidades-centrales/193137381,https://cdn1.infocasas.com.uy/repo/img/175955365_LUX-21098635-TRA_365.jpg
193647716,Apartamento Exclusivo en venta en primera linea en la Brava,4000000.0,3.0,3.0,348.0,450.0,Playa Brava,-34.947924,-54.92697649999999,,,False,4,https://www.infocasas.com.uy/apartamento-exclusivo-en-venta-en-primera-linea-en-la-brava/193647716,https://cdn1.infocasas.com.uy/repo/img/173898037_BYH-6945-TRA_494.jpg
193505731,Esplendido departamento con todo el sol !,450000.0,3.0,3.0,139.0,139.0,Roosevelt,0,0,,,False,3,https://www.infocasas.com.uy/esplendido-departamento-con-todo-el-sol-/193505731,https://cdn1.infocasas.com.uy/repo/img/173255338_EV-4289-TRA_316.jpg
193603312,Departamento estilo casa de 3 dormitorios en Península,355000.0,3.0,3.0,103.0,120.0,Punta del Este,0,0,,,False,4,https://www.infocasas.com.uy/departamento-estilo-casa-de-3-dormitorios-en-peninsula/193603312,https://cdn1.infocasas.com.uy/repo/img/94_CNP-17521-TRA_830.jpg
193544741,Venta apartamento de 3 dormitorios en Roosevelt,258000.0,3.0,2.0,106.0,0.0,Roosevelt,0,0,,,False,4,https://www.infocasas.com.uy/venta-apartamento-de-3-dormitorios-en-roosevelt/193544741,https://cdn1.infocasas.com.uy/repo/img/599681_FDE-392-TRA_698.jpg
193677628,Apartamento en venta 3 dormitorios,365000.0,3.0,2.0,83.0,95.0,Playa Brava,0,0,,,False,3,https://www.infocasas.com.uy/apartamento-en-venta-3-dormitorios/193677628,https://cdn1.infocasas.com.uy/repo/img/203121_SIP-13516-TRA_217.jpg
193687733,Apartamento en venta Punta del Este Roosevelt,170000.0,2.0,2.0,65.0,65.0,Roosevelt,0,0,,,False,4,https://www.infocasas.com.uy/apartamento-en-venta-punta-del-este-roosevelt/193687733,https://cdn1.infocasas.com.uy/repo/img/173903975_KCP-21089821-TRA_547.jpg
193576528,APARTAMENTO EN VENTA 2 DORMITORIOS EN BE PUNTA,245000.0,2.0,2.0,65.0,72.0,Playa Brava,0,0,,,False,4,https://www.infocasas.com.uy/apartamento-en-venta-2-dormitorios-en-be-punta/193576528,https://cdn1.infocasas.com.uy/repo/img/132785_RSP-18229-TRA_384.jpg
192442354,"OPORTUNIDAD EN VENTA EN PLAYA BRAVA, 2 DORMITORIOS, PRIMERAS PARADAS",150000.0,2.0,2.0,45.0,55.0,Playa Brava,0,0,,,False,4,https://www.infocasas.com.uy/oportunidad-en-venta-en-playa-brava-2-dormitorios-primeras-paradas/192442354,https://cdn1.infocasas.com.uy/repo/img/176030818_CDV-366-TRA_821.jpg
191935607,Apartamento en Punta de Este 3 Dormitorios,240000.0,3.0,2.0,89.0,89.0,Península,0,0,,,False,4,https://www.infocasas.com.uy/apartamento-en-punta-de-este-3-dormitorios/191935607,https://cdn1.infocasas.com.uy/repo/img/5226_NLV-223244-TRA_611.jpg
191796492,"Apartamento en Venta y Alquiler, Peninsula, Punta del Este, 2 Dormitorios.",245000.0,2.0,2.0,78.0,93.0,Península,-34.9652482,-54.9470378,,,False,4,https://www.infocasas.com.uy/apartamento-en-venta-y-alquiler-peninsula-punta-del-este-2-dormitorios/191796492,https://cdn1.infocasas.com.uy/repo/img/5226_NLV-638-TRA_501.jpg
188823342,"Hermoso apartamento en venta de 3 dormitorios en edificio Malecón IV, Punta del Este.",565000.0,3.0,2.0,130.0,160.0,Playa Mansa,0,0,,,False,4,https://www.infocasas.com.uy/hermoso-apartamento-en-venta-de-3-dormitorios-en-edificio-malecon-iv-punta-del-este/188823342,https://cdn1.infocasas.com.uy/repo/img/599524_PAR-5838-TRA_518.jpg
193212128,Apartamento en venta en Península,129000.0,1.0,1.0,35.0,35.0,Península,-34.96267395677767,-54.94301075649192,2026.0,,False,4,https://www.infocasas.com.uy/apartamento-en-venta-en-peninsula/193212128,https://cdn1.infocasas.com.uy/repo/img/175500891_78397_325.jpg
193619602,Piso alto esquinero en Alexander Boulevard,399000.0,2.0,2.0,104.0,128.0,Playa Mansa,0,0,,,False,4,https://www.infocasas.com.uy/piso-alto-esquinero-en-alexander-boulevard/193619602,https://cdn1.infocasas.com.uy/repo/img/261_GII-2762-TRA_661.jpg
193656260,"Apartamento en Altos del golf, 3 dormitorios en venta!!!",379000.0,3.0,3.0,120.0,0.0,Rincón del Indio,-34.9253438,-54.9009229,,,False,3,https://www.infocasas.com.uy/apartamento-en-altos-del-golf-3-dormitorios-en-venta/193656260,https://cdn1.infocasas.com.uy/repo/img/176512310_MIL-200-TRA_989.jpg
193710093,"Excelente Apartamento en Venta, 2 dormitorios y 2 balcones con Espectacular Vista Lateral a playa Brava",350000.0,2.0,2.0,95.0,95.0,Aidy Grill,-34.9495131,-54.9294495,,,False,0,https://www.infocasas.com.uy/excelente-apartamento-en-venta-2-dormitorios-y-2-balcones-con-espectacular-vista-lateral-a-playa-brava/193710093,https://cdn2.infocasas.com.uy/repo/img/69fa2379122e5_infocdn__kzioam7jfr44ewdcjj5bv5rwhooyld817i15rvfpjpg.jpg
193152097,PARAMOUNT 2 SUITE VENTA,650000.0,2.0,1.0,82.0,96.0,Playa Mansa,-34.918002,-54.9765911,,,False,4,https://www.infocasas.com.uy/paramount-2-suite-venta/193152097,https://cdn1.infocasas.com.uy/repo/img/256162_MKT-7652-TRA_399.jpg
193467405,Departamento en  Playa Brava Punta Del Este,770000.0,4.0,3.0,200.0,0.0,Playa Brava,-34.9214351767,-54.8765419299,2016.0,,False,4,https://www.infocasas.com.uy/departamento-en-playa-brava-punta-del-este/193467405,https://cdn1.infocasas.com.uy/web/69a9bd4a2d762_infocdn.jpg
192996330,Quartier Brava 30 - Tipología 3B,765000.0,3.0,1.0,175.0,175.0,Playa Brava,0,0,2025.0,,False,4,https://www.infocasas.com.uy/quartier-brava-30-tipologia-3b/192996330,https://cdn1.infocasas.com.uy/repo/img/175955365_LUX-724-TRA_263.jpg
193149046,Apartamento en Santos Dumont en venta,140000.0,1.0,1.0,47.0,47.0,Península,-34.95938460513631,-54.93993883331302,,,False,4,https://www.infocasas.com.uy/apartamento-en-santos-dumont-en-venta/193149046,https://cdn1.infocasas.com.uy/repo/img/405_CCP-27478-TRA_693.jpg
190904418,Deparatamento en Venta de Un Dormitorio,165000.0,1.0,1.0,46.0,56.0,Península,0,0,,,False,4,https://www.infocasas.com.uy/deparatamento-en-venta-de-un-dormitorio/190904418,https://cdn1.infocasas.com.uy/repo/img/405_CCP-35338-TRA_407.jpg
193676211,Apartamento en Venta de Tres Dormitorios en Playa Brava,238000.0,3.0,2.0,90.0,110.0,Playa Brava,0,0,,,False,4,https://www.infocasas.com.uy/apartamento-en-venta-de-tres-dormitorios-en-playa-brava/193676211,https://cdn1.infocasas.com.uy/repo/img/405_CCP-39941-TRA_822.jpg
189789747,Hermoso Departamento de 2 dormitorios en venta en Torre Imperiale.,355000.0,2.0,2.0,120.0,120.0,Playa Brava,0,0,,,False,4,https://www.infocasas.com.uy/hermoso-departamento-de-2-dormitorios-en-venta-en-torre-imperiale/189789747,https://cdn1.infocasas.com.uy/repo/img/173012432_NDM-1323-TRA_214.jpg
191641350,BLUE MARINE  ESQUINERO 3 DORMITORIOS,515000.0,3.0,3.0,100.0,100.0,Playa Brava,-34.92268767128312,-54.87958844619446,,,False,3,https://www.infocasas.com.uy/blue-marine-esquinero-3-dormitorios/191641350,https://cdn1.infocasas.com.uy/repo/img/173608396_HAUS-25-TRA_368.jpg
190857644,Vende apartamento de 2 dormitorios con vista al mar en Brava Punta del Este,460000.0,2.0,2.0,102.0,125.0,Playa Brava,0,0,,,False,3,https://www.infocasas.com.uy/vende-apartamento-de-2-dormitorios-con-vista-al-mar-en-brava-punta-del-este/190857644,https://cdn1.infocasas.com.uy/repo/img/173012432_NDM-20852-TRA_171.jpg
193599273,Exclusivo Apartamento de un dormitorio en Venta en Punta del Este,170000.0,1.0,1.0,43.0,50.0,Roosevelt,-34.937153119222195,-54.93646269042972,,,,4,https://www.infocasas.com.uy/exclusivo-apartamento-de-un-dormitorio-en-venta-en-punta-del-este/193599273,https://cdn1.infocasas.com.uy/repo/img/405_CCP-30002-TRA_788.jpg
190609191,Penthouse de 4 suites en Torre One,820000.0,4.0,6.0,382.0,400.0,Playa Brava,0,0,,,False,3,https://www.infocasas.com.uy/penthouse-de-4-suites-en-torre-one/190609191,https://cdn1.infocasas.com.uy/repo/img/261_GII-810-TRA_635.jpg
193410558,Edificio Surfside - Tip. 02,1600000.0,3.0,4.0,262.0,262.0,Playa Brava,-34.9193316,-54.872982,,,False,4,https://www.infocasas.com.uy/edificio-surfside-tip-02/193410558,https://cdn1.infocasas.com.uy/repo/img/175955365_LUX-21098994-TRA_675.jpg
193429437,Apartamento 3 dormitorios 3 baños  venta,320000.0,3.0,3.0,65.0,0.0,Roosevelt,0,0,,,False,4,https://www.infocasas.com.uy/apartamento-3-dormitorios-3-baños-venta/193429437,https://cdn1.infocasas.com.uy/repo/img/173255338_EV-3963-TRA_521.jpg
193637261,VENTA APARTAMENTO 2 DORMITORIOS - MIAMI BOULEVARD,500000.0,2.0,2.0,76.0,97.0,Playa Mansa,0,0,2021.0,,False,3,https://www.infocasas.com.uy/venta-apartamento-2-dormitorios-miami-boulevard/193637261,https://cdn1.infocasas.com.uy/repo/img/132785_RSP-13934-TRA_394.jpg
193637579,Venta de Espectacular Apartamento frente a la Laguna  -  Poseidón Torre Mar  - Ref : PBI13319,650000.0,3.0,3.0,139.0,139.0,Pinares,-34.908259893468056,-55.00876029332159,2022.0,,False,3,https://www.infocasas.com.uy/venta-de-espectacular-apartamento-frente-a-la-laguna-poseidon-torre-mar-ref-pbi13319/193637579,https://cdn1.infocasas.com.uy/repo/img/148805_PBI-13319-TRA_453.jpg
193538748,Espectacular Penthouse con terraza privada en venta,550000.0,3.0,3.0,165.0,0.0,Playa Brava,-34.94574302488157,-54.92824250265501,,,False,4,https://www.infocasas.com.uy/espectacular-penthouse-con-terraza-privada-en-venta/193538748,https://cdn1.infocasas.com.uy/repo/img/176807675_RHS-2527-TRA_166.jpg
193318126,"Vistas panoramicas de Playa Brava, Departamento de 3 dormitorios en venta. Torre Le Parc",885000.0,3.0,3.0,169.0,213.0,Punta del Este,0,0,,,False,3,https://www.infocasas.com.uy/vistas-panoramicas-de-playa-brava-departamento-de-3-dormitorios-en-venta-torre-le-parc/193318126,https://cdn1.infocasas.com.uy/repo/img/173012432_NDM-28576-TRA_703.jpg
192591866,Departamento en  Planta Baja Aldeana -Punta del Este-Maldonado -Uruguay,1300000.0,3.0,3.0,191.0,157.0,Punta del Este,-34.9047939569,-54.8177761822,2024.0,,False,4,https://www.infocasas.com.uy/departamento-en-planta-baja-aldeana-punta-del-estemaldonado-uruguay/192591866,https://cdn1.infocasas.com.uy/web/69e72bcf598ac_infocdn.jpg
192576376,"apartamento en venta de 3 dormitorios 3 baños, zona shopping, punta del este",350000.0,3.0,3.0,96.0,115.0,Punta del Este,0,0,,,False,4,https://www.infocasas.com.uy/apartamento-en-venta-de-3-dormitorios-3-baños-zona-shopping-punta-del-este/192576376,https://cdn1.infocasas.com.uy/repo/img/277358_OJD-41167-TRA_139.jpg
193148717,DEPARTAMENTO PENT HOUSE DUPLEX EN VENTA,328000.0,2.0,2.0,97.0,117.0,Rincón del Indio,0,0,,,False,4,https://www.infocasas.com.uy/departamento-pent-house-duplex-en-venta/193148717,https://cdn1.infocasas.com.uy/repo/img/256162_MKT-1241-TRA_318.jpg
189310807,"Increíble apartamento excelente vista al mar en torre Imperiale III, Punta del Este.",405000.0,2.0,2.0,120.0,140.0,Playa Brava,0,0,,,False,4,https://www.infocasas.com.uy/increible-apartamento-excelente-vista-al-mar-en-torre-imperiale-iii-punta-del-este/189310807,https://cdn1.infocasas.com.uy/repo/img/599524_PAR-6402-TRA_711.jpg
192329289,ALQUILER DEPARTAMENTO PARAMOUNT PUNTA DEL ESTE,570000.0,2.0,2.0,87.0,87.0,Playa Mansa,-34.942421330353426,-54.94475608070372,,,False,3,https://www.infocasas.com.uy/alquiler-departamento-paramount-punta-del-este/192329289,https://cdn1.infocasas.com.uy/repo/img/173608396_HAUS-2064-TRA_407.jpg
193744716,DIVINO APARTAMENTO EN VENTA PUNTA DEL ESTE DE 2 DORMITORIOS,360000.0,2.0,2.0,80.0,80.0,Pinares,-34.9110027,-54.9945143,,3.0,False,4,https://www.infocasas.com.uy/divino-apartamento-en-venta-punta-del-este-de-2-dormitorios/193744716,https://cdn1.infocasas.com.uy/repo/img/202911_TDP-9759-TRA_747.jpg
193286174,DEPARTAMENTO EN RINCON DEL INDIO EN VENTA 3 dormitorios,360000.0,3.0,2.0,90.0,150.0,Rincón del Indio,0,0,,,False,3,https://www.infocasas.com.uy/departamento-en-rincon-del-indio-en-venta-3-dormitorios/193286174,https://cdn1.infocasas.com.uy/repo/img/405_CCP-39551-TRA_431.jpg
193293300,Amplio y luminoso apartamento Playa Mansa PDE,290000.0,4.0,3.0,120.0,120.0,Playa Mansa,-34.9246867,-54.9598208,,,False,3,https://www.infocasas.com.uy/amplio-y-luminoso-apartamento-playa-mansa-pde/193293300,https://cdn2.infocasas.com.uy/repo/img/696fbb3285592_infocdn__ocnbwcywytlfrnmdnapflx3v8g0rrlpfkmdfppdwjpg.jpg
193682586,Le Parc Punta del Este Torre IV - Exclusiva planta unificada frente al mar,4500000.0,4.0,4.0,476.0,476.0,Playa Brava,0,0,,,False,3,https://www.infocasas.com.uy/le-parc-punta-del-este-torre-iv-exclusiva-planta-unificada-frente-al-mar/193682586,https://cdn1.infocasas.com.uy/repo/img/132785_RSP-17122-TRA_963.jpg
193659491,"Serenity Playa - Apartamentos de 2 y 3 dorm a Pasos de la Playa con Piscina, SUM y Cristal Paddle.",215000.0,2.0,2.0,74.0,74.0,Rincón del Indio,-34.9251887,-54.8893913,,,False,4,https://www.infocasas.com.uy/serenity-playa-apartamentos-de-2-y-3-dorm-a-pasos-de-la-playa-con-piscina-sum-y-cristal-paddle/193659491,https://cdn2.infocasas.com.uy/repo/img/69e7d1b464c7b_infocdn__wauvuortvauiobuqonqpadd1q6ht5nqnuae0fxt8jpg.jpg
193683403,Apartamento en venta 2 dormitorios y medio en Playa Mansa,185000.0,2.0,1.0,74.0,84.0,Playa Mansa,0,0,,,False,4,https://www.infocasas.com.uy/apartamento-en-venta-2-dormitorios-y-medio-en-playa-mansa/193683403,https://cdn1.infocasas.com.uy/repo/img/203121_SIP-14364-TRA_442.jpg
193666004,En venta departamento en Punta del Este,300000.0,3.0,2.0,81.0,90.0,Roosevelt,0,0,,,False,4,https://www.infocasas.com.uy/en-venta-departamento-en-punta-del-este/193666004,https://cdn1.infocasas.com.uy/repo/img/176030818_CDV-1055-TRA_462.jpg
193496987,(BPV-BPV-10969)  Apartamento EN venta 2 DORMITORIOS,245000.0,2.0,2.0,79.0,67.0,Playa Mansa,-34.928221285024364,-54.957362003624446,2018.0,,False,3,https://www.infocasas.com.uy/bpvbpv10969-apartamento-en-venta-2-dormitorios/193496987,https://cdn1.infocasas.com.uy/repo/img/279_BPV-BPV-10969_641.jpg
193268206,"Departamento en Venta en Edificio Unique, Punta Del Este",215000.0,2.0,1.0,54.0,64.0,San Rafael,-34.9438887,-54.9332024,,,False,3,https://www.infocasas.com.uy/departamento-en-venta-en-edificio-unique-punta-del-este/193268206,https://cdn1.infocasas.com.uy/repo/img/599524_PAR-11535-TRA_708.jpg
193692059,Vende apartamento de 1 dormitorio y medio en Punta del Este,200000.0,1.0,1.0,49.0,63.0,Playa Brava,0,0,,,False,4,https://www.infocasas.com.uy/vende-apartamento-de-1-dormitorio-y-medio-en-punta-del-este/193692059,https://cdn1.infocasas.com.uy/repo/img/176030818_CDV-1063-TRA_71.jpg
192742589,"Apartamento en venta en en Artower, 2 dormitorios.",400000.0,2.0,2.0,120.0,140.0,Playa Mansa,0,0,,,False,4,https://www.infocasas.com.uy/apartamento-en-venta-en-en-artower-2-dormitorios/192742589,https://cdn1.infocasas.com.uy/repo/img/599524_PAR-11141-TRA_945.jpg
193439604,Apartamento en Punta del Este Mansa Torre Jefferson en Complejo Lincoln Center 1ra Línea de Mansa Excelentes Amenities,510000.0,4.0,3.0,140.0,140.0,Playa Mansa,0,0,,,False,4,https://www.infocasas.com.uy/apartamento-en-punta-del-este-mansa-torre-jefferson-en-complejo-lincoln-center-1ra-linea-de-mansa-excelentes-amenities/193439604,https://cdn1.infocasas.com.uy/repo/img/405_CCP-39742-TRA_220.jpg
192537061,Imperdible 3 dormiotios,320000.0,3.0,2.0,86.0,0.0,Roosevelt,0,0,2016.0,,False,3,https://www.infocasas.com.uy/imperdible-3-dormiotios/192537061,https://cdn1.infocasas.com.uy/repo/img/173255338_EV-3545-TRA_987.jpg
193650610,Apartamento de tres dormitorios en venta Playa Mansa,395000.0,3.0,2.0,93.0,110.0,Playa Mansa,0,0,,,False,3,https://www.infocasas.com.uy/apartamento-de-tres-dormitorios-en-venta-playa-mansa/193650610,https://cdn1.infocasas.com.uy/repo/img/203121_SIP-765-TRA_356.jpg
192867624,Lincoln Center - Pent House 4 dormitorios,660000.0,4.0,6.0,200.0,230.0,Playa Mansa,-34.918002,-54.9765911,,,False,4,https://www.infocasas.com.uy/lincoln-center-pent-house-4-dormitorios/192867624,https://cdn1.infocasas.com.uy/repo/img/176283692_BON-102-TRA_259.jpg
193066827,Le Parc III - Piso alto frente al mar,1220000.0,3.0,4.0,183.0,183.0,Playa Brava,-34.94532089396404,-54.92157989546202,,,False,4,https://www.infocasas.com.uy/le-parc-iii-piso-alto-frente-al-mar/193066827,https://cdn1.infocasas.com.uy/repo/img/175955365_LUX-21098570-TRA_448.jpg
193599324,Torre YOO Punta del Este Apartamento en Venta,174000.0,1.0,1.0,50.0,73.0,Roosevelt,-34.937153119222195,-54.93646269042972,,,False,4,https://www.infocasas.com.uy/torre-yoo-punta-del-este-apartamento-en-venta/193599324,https://cdn1.infocasas.com.uy/repo/img/405_CCP-36015-TRA_189.jpg
193433046,Departamento - Punta del Este - 2 dorm - 2 baños - piscina - gym - parrilla - garaje,215000.0,2.0,1.0,65.0,53.0,San Rafael,-34.934134956,-54.9236307411,2018.0,,False,3,https://www.infocasas.com.uy/departamento-punta-del-este-2-dorm-2-baños-piscina-gym-parrilla-garaje/193433046,https://cdn1.infocasas.com.uy/web/699e10426bffa_infocdn.jpg
190581531,Apartamentos en Playa Brava,350000.0,2.0,2.0,0.0,104.0,Playa Brava,-34.91465167498022,-54.871188451843246,,,False,4,https://www.infocasas.com.uy/apartamentos-en-playa-brava/190581531,https://cdn1.infocasas.com.uy/repo/img/132_1281_791.jpg
191033845,VENTA DEPARTAMENTO PLAYA BRAVA PARQUEMAR,270000.0,2.0,2.0,88.0,88.0,Playa Brava,-34.9541614,-54.9317694,,,False,2,https://www.infocasas.com.uy/venta-departamento-playa-brava-parquemar/191033845,https://cdn1.infocasas.com.uy/repo/img/173608396_HAUS-2090-TRA_931.jpg
193538944,"Apartamento a estrenar en excelente zona, Punta del Este",192000.0,1.0,1.0,61.0,0.0,Playa Mansa,-34.9516377,-54.9349786,,,False,4,https://www.infocasas.com.uy/apartamento-a-estrenar-en-excelente-zona-punta-del-este/193538944,https://cdn1.infocasas.com.uy/repo/img/176807675_RHS-2556-TRA_960.jpg
193670665,Venta y alquiler anual departamento dormitorio y medio,165000.0,1.0,1.0,0.0,0.0,Península,0,0,,,False,4,https://www.infocasas.com.uy/venta-y-alquiler-anual-departamento-dormitorio-y-medio/193670665,https://cdn1.infocasas.com.uy/repo/img/176030818_CDV-1059-TRA_904.jpg
192867637,Apartamentos en San Rafael,237000.0,2.0,1.0,0.0,0.0,San Rafael,-34.93429020147724,-54.92369001110075,,,False,4,https://www.infocasas.com.uy/apartamentos-en-san-rafael/192867637,https://cdn1.infocasas.com.uy/repo/img/132_1697_704.jpg
192853306,Surfside Elleva - Tipología 03,955770.0,2.0,3.0,0.0,0.0,Playa Brava,0,0,,,False,4,https://www.infocasas.com.uy/surfside-elleva-tipologia-03/192853306,https://cdn1.infocasas.com.uy/repo/img/175955365_LUX-413-TRA_36.jpg
193055393,"En venta apartamento de 4 habitaciones, con una hermosa vista en Mansa, Punta del Este",395000.0,4.0,3.0,116.0,129.0,Playa Mansa,0,0,,,False,3,https://www.infocasas.com.uy/en-venta-apartamento-de-4-habitaciones-con-una-hermosa-vista-en-mansa-punta-del-este/193055393,https://cdn1.infocasas.com.uy/repo/img/173012432_NDM-27770-TRA_587.jpg
193489817,VENTA PENTHOUSE 4 DORMITORIOS BRAVA,950000.0,4.0,4.0,0.0,0.0,Roosevelt,-34.949147,-54.924279,,,False,4,https://www.infocasas.com.uy/venta-penthouse-4-dormitorios-brava/193489817,https://cdn1.infocasas.com.uy/repo/img/173890249_REI-11918-TRA_765.jpg
192860308,Apartamentos en Playa Brava,1122000.0,3.0,3.0,0.0,0.0,Playa Brava,-34.95577503689479,-54.93750338752745,,,False,4,https://www.infocasas.com.uy/apartamentos-en-playa-brava/192860308,https://cdn1.infocasas.com.uy/repo/img/132_2538_462.jpg
193585744,View 2,250000.0,1.0,1.0,0.0,0.0,Roosevelt,0,0,,,False,4,https://www.infocasas.com.uy/view-2/193585744,https://cdn1.infocasas.com.uy/repo/img/175834556_ROG-2204-TRA_646.jpg
193127228,A pasos del oceano con espectacular vista,450000.0,3.0,3.0,0.0,0.0,Aidy Grill,0,0,,,False,3,https://www.infocasas.com.uy/a-pasos-del-oceano-con-espectacular-vista/193127228,https://cdn1.infocasas.com.uy/repo/img/277358_OJD-41105-TRA_839.jpg
193319642,Apartamentos en Península,79000.0,0.0,1.0,0.0,0.0,Península,-34.96706818926223,-54.948734478573606,,,False,4,https://www.infocasas.com.uy/apartamentos-en-peninsula/193319642,https://cdn1.infocasas.com.uy/repo/img/250_2798_122.jpg
193351372,Apartamento para disfrutar en Península.,104000.0,2.0,1.0,42.0,42.0,Península,0,0,,,False,4,https://www.infocasas.com.uy/apartamento-para-disfrutar-en-peninsula/193351372,https://cdn1.infocasas.com.uy/repo/img/173890249_REI-11821-TRA_338.jpg
193512447,APARTAMENTO EN VENTA DE 3 DORMITORIOS-SEA GARDEN,320000.0,3.0,2.0,80.0,110.0,Cantegril,-34.9133672,-54.9426425,,,False,3,https://www.infocasas.com.uy/apartamento-en-venta-de-3-dormitoriossea-garden/193512447,https://cdn1.infocasas.com.uy/repo/img/173211400_SPP-16961-TRA_758.jpg
193578128,Apartamento de dos dormitorios y parrillero propio en Alquiler Anual,280000.0,2.0,2.0,70.0,80.0,Playa Brava,0,0,,,False,4,https://www.infocasas.com.uy/apartamento-de-dos-dormitorios-y-parrillero-propio-en-alquiler-anual/193578128,https://cdn1.infocasas.com.uy/repo/img/405_CCP-34222-TRA_959.jpg
193559449,Punta del Este Playa Brava,350000.0,3.0,3.0,98.0,111.0,Playa Brava,-34.9256063,-54.8862721,,,False,3,https://www.infocasas.com.uy/punta-del-este-playa-brava/193559449,https://cdn1.infocasas.com.uy/repo/img/518811_EVE-631-TRA_989.jpg
193004263,Apartamento de lujo en Le Parc Torre IV - Playa Brava,3600000.0,4.0,4.0,7.0,7.0,Playa Brava,0,0,,,False,4,https://www.infocasas.com.uy/apartamento-de-lujo-en-le-parc-torre-iv-playa-brava/193004263,https://cdn1.infocasas.com.uy/repo/img/175955365_LUX-739-TRA_93.jpg
189849547,Oportunidad!! Precio reducido!!! Espectacular penthouse frente al mar playa brava Punta Del Este.,790000.0,3.0,4.0,152.0,0.0,San Rafael,0,0,,,False,3,https://www.infocasas.com.uy/oportunidad-precio-reducido-espectacular-penthouse-frente-al-mar-playa-brava-punta-del-este/189849547,https://cdn1.infocasas.com.uy/repo/img/173012432_NDM-5848-TRA_291.jpg
193565683,Moderno Departamento a una cuadra del mar en Punta del Este,380000.0,2.0,3.0,99.0,120.0,Playa Brava,0,0,,,False,3,https://www.infocasas.com.uy/moderno-departamento-a-una-cuadra-del-mar-en-punta-del-este/193565683,https://cdn1.infocasas.com.uy/repo/img/405_CCP-39906-TRA_316.jpg
193559756,APARTAMENTO EN VENTA 2 DORMITORIOS EN BE PUNTA,260000.0,2.0,2.0,73.0,88.0,Playa Brava,0,0,,,False,4,https://www.infocasas.com.uy/apartamento-en-venta-2-dormitorios-en-be-punta/193559756,https://cdn1.infocasas.com.uy/repo/img/132785_RSP-18149-TRA_957.jpg
193267642,Espectacular penthouse duplex,940000.0,5.0,4.0,250.0,250.0,Playa Mansa,-34.926917,-54.96099,,5.0,False,3,https://www.infocasas.com.uy/espectacular-penthouse-duplex/193267642,https://cdn2.infocasas.com.uy/repo/img/696591c6c1823_infocdn__ca6reh2kk2cs3walw1hqqagfqxcywtost4qgxho6jpg.jpg
192842277,"encantador apartamento de 2 dormitorios y 2 baños, vista al puerto",380000.0,2.0,2.0,70.0,78.0,Península,0,0,,,False,3,https://www.infocasas.com.uy/encantador-apartamento-de-2-dormitorios-y-2-baños-vista-al-puerto/192842277,https://cdn1.infocasas.com.uy/repo/img/59163_COL-9691-TRA_375.jpg
187578391,Apartamento de Un Dormitorio en Roosevelt - Punta del Este Venta,105000.0,1.0,1.0,50.0,50.0,Roosevelt,-34.9333546,-54.940614,,,False,4,https://www.infocasas.com.uy/apartamento-de-un-dormitorio-en-roosevelt-punta-del-este-venta/187578391,https://cdn1.infocasas.com.uy/repo/img/599524_PAR-3187-TRA_693.jpg#HASTH
193692054,Apartamento 3 dormitorios Playa Mansa - Poseidon Laguna,622000.0,3.0,3.0,117.63,103.63,Playa Mansa,-34.908826606633,-55.008996269556,2022.0,,False,7,https://www.infocasas.com.uy/apartamento-3-dormitorios-playa-mansa-poseidon-laguna/193692054,https://cdn1.infocasas.com.uy/repo/img/595297_ven_nai_337_1510_106.jpg
192841823,Encantador departamento de 2 dormitorios + 2 dormitorios extra,350000.0,2.0,3.0,90.0,140.0,Playa Mansa,-34.9236193,-54.9559709,,,False,4,https://www.infocasas.com.uy/encantador-departamento-de-2-dormitorios-2-dormitorios-extra/192841823,https://cdn1.infocasas.com.uy/repo/img/59163_COL-9715-TRA_138.jpg
193072147,Apartamento en Venta Art Tower Punta del Este,265000.0,1.0,1.0,52.0,68.0,Playa Mansa,-34.95181136319372,-54.93605767686847,,,False,4,https://www.infocasas.com.uy/apartamento-en-venta-art-tower-punta-del-este/193072147,https://cdn1.infocasas.com.uy/repo/img/405_CCP-25144-TRA_373.jpg
192167778,Apartamento en Venta Playa brava Punta del Este,380000.0,3.0,3.0,132.0,132.0,Punta del Este,-34.95362561174023,-54.932307342533036,2026.0,,False,2,https://www.infocasas.com.uy/apartamento-en-venta-playa-brava-punta-del-este/192167778,https://cdn1.infocasas.com.uy/repo/img/330123_JPD-JPD-1874_12.jpg
191840100,"Apartamento en  Venta - 3 dormitorios - Veramansa, Punta del Este",850000.0,3.0,3.0,266.0,157.0,Playa Mansa,-34.9086301273,-55.0181908398,2017.0,,False,3,https://www.infocasas.com.uy/apartamento-en-venta-3-dormitorios-veramansa-punta-del-este/191840100,https://cdn1.infocasas.com.uy/web/677788c577c87_infocdn.jpg
191668224,Hermoso apartamento moderno en la Península!,375000.0,3.0,2.0,136.0,136.0,Península,-34.9668073,-54.9461036,,,False,4,https://www.infocasas.com.uy/hermoso-apartamento-moderno-en-la-peninsula/191668224,https://cdn1.infocasas.com.uy/repo/img/261_GII-2008-TRA_407.jpg
192162532,(BPV-BPV-9268)  Apartamento EN venta 2 DORMITORIOS,231500.0,2.0,3.0,85.0,85.0,Playa Brava,-34.93848416313648,-54.9353868747375,2026.0,,False,7,https://www.infocasas.com.uy/bpvbpv9268-apartamento-en-venta-2-dormitorios/192162532,https://cdn1.infocasas.com.uy/repo/img/279_BPV-BPV-9268_714.jpg
193406510,APARTAMENTO DE 2 DORMITORIOS EN VENTA EN TORRE MARINA I,289000.0,2.0,2.0,73.0,0.0,Playa Brava,0,0,,,False,3,https://www.infocasas.com.uy/apartamento-de-2-dormitorios-en-venta-en-torre-marina-i/193406510,https://cdn1.infocasas.com.uy/repo/img/132785_RSP-6829-TRA_539.jpg
192591430,PARQUEMAR CENTER - 3 DORM + DEP,290000.0,3.0,3.0,110.0,125.0,Playa Brava,0,0,,,False,4,https://www.infocasas.com.uy/parquemar-center-3-dorm-dep/192591430,https://cdn1.infocasas.com.uy/repo/img/256162_MKT-1931-TRA_336.jpg
190877881,"Apartamento en venta de 2 dormitorios en Miami Boulevard, Punta del Este.",453000.0,2.0,2.0,76.0,94.0,Playa Mansa,0,0,2021.0,,False,4,https://www.infocasas.com.uy/apartamento-en-venta-de-2-dormitorios-en-miami-boulevard-punta-del-este/190877881,https://cdn1.infocasas.com.uy/repo/img/599524_PAR-9304-TRA_306.jpg
193709903,"Exclusivo Apartamento de 3 dormitorios en Icon Brava Towers, Punta del Este: Vistas al Mar y Confort Moderno",600000.0,3.0,2.0,134.0,134.0,Aidy Grill,-34.9495131,-54.9294495,,,False,0,https://www.infocasas.com.uy/exclusivo-apartamento-de-3-dormitorios-en-icon-brava-towers-punta-del-este-vistas-al-mar-y-confort-moderno/193709903,https://cdn2.infocasas.com.uy/repo/img/69fa1aa8dfceb_infocdn__rozdtbk5hoqgghsmi9gvp9es4hw9iy7mpoc8fuzijpg.jpg
193593322,Apartamento  Reciclado en Aidy Grill Punta del Este en Venta,205000.0,2.0,2.0,65.0,70.0,Aidy Grill,0,0,,,False,2,https://www.infocasas.com.uy/apartamento-reciclado-en-aidy-grill-punta-del-este-en-venta/193593322,https://cdn1.infocasas.com.uy/repo/img/405_CCP-39936-TRA_260.jpg
193701322,Apartamento  3 dormitorios en Venta,385000.0,3.0,2.0,81.0,105.0,Rincón del Indio,0,0,,,False,3,https://www.infocasas.com.uy/apartamento-3-dormitorios-en-venta/193701322,https://cdn1.infocasas.com.uy/repo/img/405_CCP-40105-TRA_521.jpg
193158691,VENTA APARTAMENTO 1 DORMITORIO - LOOK BRAVA,210000.0,1.0,2.0,50.0,63.0,Playa Brava,0,0,,,False,4,https://www.infocasas.com.uy/venta-apartamento-1-dormitorio-look-brava/193158691,https://cdn1.infocasas.com.uy/repo/img/132785_RSP-9603-TRA_421.jpg
193067391,"Apartamento de 2 dormitorios en Miami Boulevard, Punta del Este.",415000.0,2.0,2.0,120.0,140.0,Playa Mansa,-34.94708240357749,-54.938629915313705,2017.0,,False,3,https://www.infocasas.com.uy/apartamento-de-2-dormitorios-en-miami-boulevard-punta-del-este/193067391,https://cdn1.infocasas.com.uy/repo/img/599524_PAR-11348-TRA_595.jpg
193365787,Venta Apartamento 2 dormitorios con parrillero Propio vista al mar,390000.0,2.0,3.0,122.0,156.0,Playa Brava,-34.9439419825529,-54.92169816773683,2018.0,,False,3,https://www.infocasas.com.uy/venta-apartamento-2-dormitorios-con-parrillero-propio-vista-al-mar/193365787,https://cdn1.infocasas.com.uy/repo/img/192_AIXA-225-TRA_142.jpg
193538700,"Apartamento en Punta del Este, Brava",390000.0,3.0,3.0,132.0,0.0,Playa Brava,0,0,,,False,4,https://www.infocasas.com.uy/apartamento-en-punta-del-este-brava/193538700,https://cdn1.infocasas.com.uy/repo/img/176807675_RHS-408-TRA_850.jpg
193639810,Apartamento en Venta 1 dormitorio Garaje sobre Roosevelt Punta del Este,168000.0,1.0,1.0,40.0,40.0,Roosevelt,-34.9263471,-54.9488309,,2.0,False,3,https://www.infocasas.com.uy/apartamento-en-venta-1-dormitorio-garaje-sobre-roosevelt-punta-del-este/193639810,https://cdn2.infocasas.com.uy/repo/img/69e120f844a2e_infocdn__rslurvthcuafsmukngrst79b9ziaetqy3jpvwkunjpg.jpg
191179839,"Exclusivo Apartamento en Primera linea, 3 dormitorios y Dep de Servicio, Playa Brava",430000.0,3.0,2.0,130.0,0.0,Playa Brava,0,0,,,False,4,https://www.infocasas.com.uy/exclusivo-apartamento-en-primera-linea-3-dormitorios-y-dep-de-servicio-playa-brava/191179839,https://cdn1.infocasas.com.uy/repo/img/5226_NLV-7405-TRA_122.jpg
190228524,FRENTE A LA BRAVA VENTA DE DEPARTAMENTO DE DOS DORMITORIOS,310000.0,2.0,2.0,86.0,1.0,Playa Brava,-34.953255719068174,-54.930722763137844,,,False,4,https://www.infocasas.com.uy/frente-a-la-brava-venta-de-departamento-de-dos-dormitorios/190228524,https://cdn1.infocasas.com.uy/repo/img/73429_PMI-9011-TRA_757.jpg
190332668,Apartamento de 3 dormitorios en La Pastora - Punta del Este,665000.0,3.0,2.0,100.0,121.0,Playa Brava,0,0,,,False,4,https://www.infocasas.com.uy/apartamento-de-3-dormitorios-en-la-pastora-punta-del-este/190332668,https://cdn1.infocasas.com.uy/repo/img/173012432_NDM-9772-TRA_493.jpg
193170788,Venta Apto 4 suites en Edificio Imperiale Brava Punta,1040000.0,4.0,4.0,215.0,250.0,Playa Brava,-34.9345765,-54.9029916,,,False,4,https://www.infocasas.com.uy/venta-apto-4-suites-en-edificio-imperiale-brava-punta/193170788,https://cdn1.infocasas.com.uy/repo/img/974465_TRU-471-TRA_857.jpg
192897494,EDFICIO ACQUA - 3 SUITE,3100000.0,3.0,4.0,278.0,456.0,Playa Brava,-34.93320903763326,-54.9022764949707,,,False,4,https://www.infocasas.com.uy/edficio-acqua-3-suite/192897494,https://cdn1.infocasas.com.uy/repo/img/256162_MKT-7619-TRA_295.jpg
192123875,PORTO SANTO - 3 DORMITORIOS,245000.0,3.0,3.0,84.0,105.0,Península,0,0,,,False,4,https://www.infocasas.com.uy/porto-santo-3-dormitorios/192123875,https://cdn1.infocasas.com.uy/repo/img/256162_MKT-4318-TRA_378.jpg
192124058,ROOSEVELT CENTER - 3 DORM,440000.0,3.0,2.0,143.0,155.0,Roosevelt,0,0,,,False,4,https://www.infocasas.com.uy/roosevelt-center-3-dorm/192124058,https://cdn1.infocasas.com.uy/repo/img/256162_MKT-5560-TRA_509.jpg
191633078,"Apartamento en venta en Torre Esmeralda de 3 dormitorios, en Punta del Este",330000.0,2.0,2.0,120.0,140.0,Playa Brava,0,0,,,False,4,https://www.infocasas.com.uy/apartamento-en-venta-en-torre-esmeralda-de-3-dormitorios-en-punta-del-este/191633078,https://cdn1.infocasas.com.uy/repo/img/599524_PAR-10312-TRA_160.jpg
192383615,Venta Apartamento - Puerto  Punta Del Este - 4 Dormitorios,690000.0,4.0,3.0,172.0,172.0,Península,0,0,,,False,4,https://www.infocasas.com.uy/venta-apartamento-puerto-punta-del-este-4-dormitorios/192383615,https://cdn1.infocasas.com.uy/repo/img/175989553_DYT-13784-TRA_450.jpg
192934870,Apartamento en Punta del Este. 2 dormitorios y parrillero,270000.0,2.0,2.0,88.0,62.0,Punta del Este,-34.9281082,-54.8961175,2016.0,3.0,False,3,https://www.infocasas.com.uy/apartamento-en-punta-del-este-2-dormitorios-y-parrillero/192934870,https://cdn1.infocasas.com.uy/web/68df7c935c23b_infocdn.jpg
191074957,"Apartamento en venta de 2 dormitorios, 2 baños en península, Punta del Este",165000.0,2.0,2.0,52.0,52.0,Península,0,0,,,False,3,https://www.infocasas.com.uy/apartamento-en-venta-de-2-dormitorios-2-baños-en-peninsula-punta-del-este/191074957,https://cdn1.infocasas.com.uy/repo/img/599524_PAR-9916-TRA_679.jpg
190558897,Excelente oportunidad en Silente I Punta Del Este,710000.0,3.0,3.0,168.0,227.0,Rincón del Indio,0,0,,,False,3,https://www.infocasas.com.uy/excelente-oportunidad-en-silente-i-punta-del-este/190558897,https://cdn1.infocasas.com.uy/repo/img/173012432_NDM-19234-TRA_885.jpg
190475203,Departamento en venta en Forest Tower II,345000.0,3.0,2.0,100.0,112.0,Playa Mansa,-34.95179598715231,-54.93330490157471,,,False,3,https://www.infocasas.com.uy/departamento-en-venta-en-forest-tower-ii/190475203,https://cdn1.infocasas.com.uy/repo/img/261_GII-564-TRA_475.jpg
188849188,Apartamentos en Pinares,285000.0,2.0,3.0,117.0,77.0,Pinares,-34.90814551431848,-55.01047556598662,,,False,4,https://www.infocasas.com.uy/apartamentos-en-pinares/188849188,https://cdn1.infocasas.com.uy/repo/img/250_385_794.jpg
193166589,Venta espectacular Penthouse Punta Roosevelt 2D con Amenities,320000.0,2.0,2.0,70.0,85.0,Roosevelt,-34.9333546,-54.940614,,,False,3,https://www.infocasas.com.uy/venta-espectacular-penthouse-punta-roosevelt-2d-con-amenities/193166589,https://cdn1.infocasas.com.uy/repo/img/974465_TRU-682-TRA_982.jpg
193507694,PENINSULA EXCELENTE VISTA!! 1 DORMITORIO Y MEDIO,198000.0,1.0,1.0,1.0,1.0,Península,0,0,,,False,4,https://www.infocasas.com.uy/peninsula-excelente-vista-1-dormitorio-y-medio/193507694,https://cdn1.infocasas.com.uy/repo/img/173211400_SPP-16556-TRA_99.jpg
193507764,APARTAMENTO EN VENTA 3 DORMITORIOS - TERRAZA CON PARRILLERO,350000.0,3.0,2.0,83.0,162.0,Playa Mansa,0,0,,,False,4,https://www.infocasas.com.uy/apartamento-en-venta-3-dormitorios-terraza-con-parrillero/193507764,https://cdn1.infocasas.com.uy/repo/img/173211400_SPP-16904-TRA_508.jpg
193574306,APARTAMENTO EN VENTA 3 DORMITORIOS - MANSA INN II,425000.0,3.0,2.0,93.0,113.0,Playa Mansa,0,0,2023.0,,False,4,https://www.infocasas.com.uy/apartamento-en-venta-3-dormitorios-mansa-inn-ii/193574306,https://cdn1.infocasas.com.uy/repo/img/132785_RSP-18261-TRA_71.jpg
193101344,VENDO APARTAMENTO EN PENINSULA,240000.0,2.0,2.0,80.0,80.0,Punta del Este,0,0,,,False,4,https://www.infocasas.com.uy/vendo-apartamento-en-peninsula/193101344,https://cdn1.infocasas.com.uy/repo/img/599524_PAR-11397-TRA_401.jpg
193310416,Tu casa con la seguridad de un edificio!,335000.0,4.0,3.0,138.0,138.0,Playa Mansa,-34.92446989079846,-54.95612219345801,,,False,4,https://www.infocasas.com.uy/tu-casa-con-la-seguridad-de-un-edificio/193310416,https://cdn1.infocasas.com.uy/repo/img/261_GII-3379-TRA_522.jpg
193682797,Apartamento en venta Punta del Este,140000.0,1.0,1.0,48.0,48.0,Roosevelt,0,0,,,False,3,https://www.infocasas.com.uy/apartamento-en-venta-punta-del-este/193682797,https://cdn1.infocasas.com.uy/repo/img/173903975_KCP-21089474-TRA_666.jpg
190930258,Venta apartamento 3 dormitorios con parrillero Rincón del Indio Punta del Este,475000.0,3.0,3.0,151.0,122.0,Rincón del Indio,-34.9253389,-54.8912941,2018.0,,False,4,https://www.infocasas.com.uy/venta-apartamento-3-dormitorios-con-parrillero-rincon-del-indio-punta-del-este/190930258,https://cdn1.infocasas.com.uy/web/68789beb167a8_infocdn.jpg
192203677,"Apartamento de dos dormitorios con parrillero en venta, Punta del Este.",220000.0,2.0,2.0,64.0,77.0,Playa Mansa,0,0,,,False,4,https://www.infocasas.com.uy/apartamento-de-dos-dormitorios-con-parrillero-en-venta-punta-del-este/192203677,https://cdn1.infocasas.com.uy/repo/img/405_CCP-38051-TRA_333.jpg
193672506,Beverly Tower Punta del Este Tres Suites y Dependencia,870000.0,3.0,4.0,157.0,180.0,Playa Mansa,-34.94883243623474,-54.94032507141112,,,False,3,https://www.infocasas.com.uy/beverly-tower-punta-del-este-tres-suites-y-dependencia/193672506,https://cdn1.infocasas.com.uy/repo/img/405_CCP-31816-TRA_1000.jpg
193755613,Venta apartamento frente al mar  Punta del Este,1350000.0,3.0,4.0,223.0,223.0,Playa Brava,-34.9459265,-54.9223078,,2.0,False,3,https://www.infocasas.com.uy/venta-apartamento-frente-al-mar-punta-del-este/193755613,https://cdn2.infocasas.com.uy/repo/img/6a077c2a4848e_infocdn__zjnuxzhxqfdnlmtc4czaqt2xsy1n3ynwx7xe3mzhjpg.jpg
192897977,Apartamento de 3 dormitorios primer linea al mar,310000.0,3.0,2.0,140.0,160.0,Playa Brava,0,0,,,False,4,https://www.infocasas.com.uy/apartamento-de-3-dormitorios-primer-linea-al-mar/192897977,https://cdn1.infocasas.com.uy/repo/img/599524_PAR-11232-TRA_883.jpg
192741257,Excepcional vista en Peninsula,295000.0,3.0,2.0,95.0,95.0,Península,0,0,,,False,4,https://www.infocasas.com.uy/excepcional-vista-en-peninsula/192741257,https://cdn1.infocasas.com.uy/repo/img/277358_OJD-41247-TRA_803.jpg
193638524,Vendo departamento en Punta del Este Primera Linea,520000.0,3.0,3.0,175.0,200.0,Playa Brava,0,0,,,False,4,https://www.infocasas.com.uy/vendo-departamento-en-punta-del-este-primera-linea/193638524,https://cdn1.infocasas.com.uy/repo/img/176836142_ESP-36-TRA_73.jpg
193127323,ONE 1 CENTRAL 3 SUITE,498000.0,3.0,4.0,136.0,166.0,Roosevelt,0,0,,,False,4,https://www.infocasas.com.uy/one-1-central-3-suite/193127323,https://cdn1.infocasas.com.uy/repo/img/256162_MKT-7712-TRA_434.jpg
190706788,"Apartamento en Le Jardin, en venta y alquiler Punta del este",670000.0,3.0,3.0,110.0,123.0,Playa Mansa,0,0,,,False,4,https://www.infocasas.com.uy/apartamento-en-le-jardin-en-venta-y-alquiler-punta-del-este/190706788,https://cdn1.infocasas.com.uy/repo/img/173012432_NDM-1714-TRA_191.jpg
189830932,"Espectacular Penthouse frente al mar de 4 dormitorios en venta, Punta del Este",2880000.0,4.0,3.0,400.0,772.0,Playa Brava,0,0,,,False,3,https://www.infocasas.com.uy/espectacular-penthouse-frente-al-mar-de-4-dormitorios-en-venta-punta-del-este/189830932,https://cdn1.infocasas.com.uy/repo/img/173012432_NDM-2298-TRA_810.jpg
191761137,"Apartamento en venta de 3 dormitorios en Casino Tower, Punta del Este.",490000.0,3.0,3.0,220.0,240.0,Playa Mansa,0,0,,,False,4,https://www.infocasas.com.uy/apartamento-en-venta-de-3-dormitorios-en-casino-tower-punta-del-este/191761137,https://cdn1.infocasas.com.uy/repo/img/599524_PAR-10399-TRA_432.jpg
187305638,DEPARTAMENTO 2 DORMITORIOS EN PISO ALTO,245000.0,2.0,2.0,75.0,90.0,Roosevelt,-34.9333546,-54.940614,,,False,4,https://www.infocasas.com.uy/departamento-2-dormitorios-en-piso-alto/187305638,https://cdn1.infocasas.com.uy/repo/img/599524_PAR-656-TRA_932.jpg#HASTH
193625963,"Playa Mansa, apartamento en venta 4 dormitorios",390000.0,4.0,3.0,116.0,129.0,Playa Mansa,0,0,,,False,2,https://www.infocasas.com.uy/playa-mansa-apartamento-en-venta-4-dormitorios/193625963,https://cdn1.infocasas.com.uy/repo/img/203121_SIP-11385-TRA_401.jpg
193625927,PENINSULA VENTA DE APARTAMENTO DE 2 DORMITORIOS + DEPENDENCIA PUNTA DEL ESTE,320000.0,2.0,2.0,112.0,112.0,Península,0,0,,,False,4,https://www.infocasas.com.uy/peninsula-venta-de-apartamento-de-2-dormitorios-dependencia-punta-del-este/193625927,https://cdn1.infocasas.com.uy/repo/img/5226_NLV-225235-TRA_492.jpg
193175692,"Vende espectacular Apartamento de 2 dormitorios frente al Océano en la Brava, Punta del Este",570000.0,2.0,2.0,127.0,159.0,Playa Brava,0,0,,,False,3,https://www.infocasas.com.uy/vende-espectacular-apartamento-de-2-dormitorios-frente-al-oceano-en-la-brava-punta-del-este/193175692,https://cdn1.infocasas.com.uy/repo/img/176512310_MIL-50-TRA_422.jpg
193343636,Venta apartamento de 1 dormitorio en Punta del Este,160170.0,1.0,1.0,44.0,41.0,Punta del Este,-34.946515,-54.9404302,2026.0,,False,7,https://www.infocasas.com.uy/venta-apartamento-de-1-dormitorio-en-punta-del-este/193343636,https://cdn1.infocasas.com.uy/repo/img/735153_TBR-TBR-5183_804.jpg
193443760,VENTA APARTAMENTO 2 DORMITORIOS Y MEDIO - MARENOSTRUM II,215000.0,2.0,2.0,70.0,85.0,Playa Brava,0,0,,,False,4,https://www.infocasas.com.uy/venta-apartamento-2-dormitorios-y-medio-marenostrum-ii/193443760,https://cdn1.infocasas.com.uy/repo/img/132785_RSP-13025-TRA_399.jpg
192835103,"Apartamento en venta Punta del Este, Roosevelt",180000.0,2.0,2.0,60.0,60.0,Roosevelt,0,0,,,False,4,https://www.infocasas.com.uy/apartamento-en-venta-punta-del-este-roosevelt/192835103,https://cdn1.infocasas.com.uy/repo/img/173255338_EV-3735-TRA_298.jpg
192762139,Vende espectacular apartamento en Brava de 3 dormitorios. - Edificio / Torre Silente Block II - Ref : PBI15121,750000.0,3.0,3.0,180.0,243.0,Playa Brava,0,0,,,False,3,https://www.infocasas.com.uy/vende-espectacular-apartamento-en-brava-de-3-dormitorios-edificio-torre-silente-block-ii-ref-pbi15121/192762139,https://cdn1.infocasas.com.uy/repo/img/148805_PBI-15121-TRA_281.jpg
192649472,Venta apartamento 3 dormitorios con parrillero Rincón del Indio Punta del Este,498000.0,3.0,3.0,170.0,107.0,Rincón del Indio,-34.9253389,-54.8912941,2018.0,,False,4,https://www.infocasas.com.uy/venta-apartamento-3-dormitorios-con-parrillero-rincon-del-indio-punta-del-este/192649472,https://cdn1.infocasas.com.uy/web/68789c1ca24c3_infocdn.jpg
192769651,"Tiburón Terraza - espacialidad, servicio y confort",1780000.0,3.0,3.0,371.0,283.0,Playa Brava,-34.9179339048,-54.8693106944,2016.0,,False,4,https://www.infocasas.com.uy/tiburon-terraza-espacialidad-servicio-y-confort/192769651,https://cdn1.infocasas.com.uy/web/68a56fb748042_infocdn.jpg
193676228,Gala Tower Esquinero En venta Piso Alto,600000.0,3.0,3.0,96.0,106.0,Playa Mansa,-34.918002,-54.9765911,,,False,4,https://www.infocasas.com.uy/gala-tower-esquinero-en-venta-piso-alto/193676228,https://cdn1.infocasas.com.uy/repo/img/405_CCP-40068-TRA_649.jpg
193538922,"Apartamento a estrenar en venta en playa brava, Punta del Este",235000.0,2.0,1.0,59.0,70.0,Playa Brava,-34.952897094998065,-54.93185180632934,,,False,4,https://www.infocasas.com.uy/apartamento-a-estrenar-en-venta-en-playa-brava-punta-del-este/193538922,https://cdn1.infocasas.com.uy/repo/img/176807675_RHS-2297-TRA_951.jpg
193538923,"Importante apartamento en venta en av. Roosevelt, Punta del Este",350000.0,3.0,3.0,119.0,130.0,Roosevelt,-34.922374596920776,-54.952845623092635,,,False,4,https://www.infocasas.com.uy/importante-apartamento-en-venta-en-av-roosevelt-punta-del-este/193538923,https://cdn1.infocasas.com.uy/repo/img/176807675_RHS-2298-TRA_267.jpg
193538829,"Apartamento en Punta del Este, Brava",350000.0,3.0,2.0,99.0,0.0,Playa Brava,-34.947924,-54.92697649999999,,,False,4,https://www.infocasas.com.uy/apartamento-en-punta-del-este-brava/193538829,https://cdn1.infocasas.com.uy/repo/img/176807675_RHS-1133-TRA_274.jpg
192552257,VENTA APARTAMENTO DOS DORMITORIOS PUNTA DEL ESTE EDIFICIO TORRES DEL PLATA,360000.0,2.0,2.0,180.0,180.0,Aidy Grill,-34.954579140006885,-54.934628059463485,,,False,3,https://www.infocasas.com.uy/venta-apartamento-dos-dormitorios-punta-del-este-edificio-torres-del-plata/192552257,https://cdn1.infocasas.com.uy/repo/img/173608396_HAUS-60-TRA_217.jpg
193469926,Apartamento en Punta del Este - Cipriani 9685,1811775.0,2.0,3.0,206.0,203.0,Punta del Este,-34.9446819,-54.9193943,2026.0,,False,7,https://www.infocasas.com.uy/apartamento-en-punta-del-este-cipriani-9685/193469926,https://cdn1.infocasas.com.uy/repo/img/37_CBR-CBR-1217_712.jpg
192129628,EDIFICIO SOPHIA - 2 DORMS,220000.0,2.0,2.0,62.0,82.0,Playa Mansa,0,0,2024.0,,False,1,https://www.infocasas.com.uy/edificio-sophia-2-dorms/192129628,https://cdn1.infocasas.com.uy/repo/img/256162_MKT-6495-TRA_380.jpg
192898021,VENTA DEPARTAMENTO GOLDEN GATE,1050000.0,3.0,5.0,216.0,280.0,Playa Mansa,0,0,,,False,4,https://www.infocasas.com.uy/venta-departamento-golden-gate/192898021,https://cdn1.infocasas.com.uy/repo/img/256162_MKT-7586-TRA_519.jpg
192980733,"VENTA - Punta del Este, Precioso apartamento 3 dorm, 2 baños en ARCOBALENO",215000.0,3.0,2.0,80.0,80.0,Playa Mansa,-34.9266138,-54.9530963,,5.0,False,2,https://www.infocasas.com.uy/venta-punta-del-este-precioso-apartamento-3-dorm-2-baños-en-arcobaleno/192980733,https://cdn2.infocasas.com.uy/repo/img/68eea1d85a3ec_infocdn__xgp1u5waxmine0lsr2pj1nl3ovpfix3hvwrp9vo3jpg.jpg
193075296,Apartamento piso alto sobre la mansa de 2 dormitorios mas dependencia.,730000.0,2.0,4.0,155.0,164.0,Playa Mansa,-34.92776647304645,-54.96127032210693,,,False,4,https://www.infocasas.com.uy/apartamento-piso-alto-sobre-la-mansa-de-2-dormitorios-mas-dependencia/193075296,https://cdn1.infocasas.com.uy/repo/img/176283692_BON-155-TRA_290.jpg
193538679,"Apartamento en Punta del Este, Brava",270000.0,2.0,2.0,70.0,0.0,Playa Brava,0,0,,,False,4,https://www.infocasas.com.uy/apartamento-en-punta-del-este-brava/193538679,https://cdn1.infocasas.com.uy/repo/img/176807675_RHS-387-TRA_103.jpg
193495734,"Apartamento de 2 dormitorios en venta con garaje, parada 10 de la mansa, full equipado.",310000.0,2.0,2.0,65.0,77.0,Playa Mansa,0,0,,,False,3,https://www.infocasas.com.uy/apartamento-de-2-dormitorios-en-venta-con-garaje-parada-10-de-la-mansa-full-equipado/193495734,https://cdn1.infocasas.com.uy/repo/img/37506_PPT-9647-TRA_42.jpg
193505715,CORAL TOWER VENTA DE APARTAMENTO DE 3 SUITES + DEPENENDECNIA PLAYA MANSA PUNTA DEL ESTE,890000.0,3.0,3.0,140.0,170.0,Playa Mansa,0,0,,,False,4,https://www.infocasas.com.uy/coral-tower-venta-de-apartamento-de-3-suites-depenendecnia-playa-mansa-punta-del-este/193505715,https://cdn1.infocasas.com.uy/repo/img/173255338_EV-4305-TRA_561.jpg
193188929,"Apartamento en Venta en Torre Antares, Roosevelt, Punta del Este, 2 Dormitorios.",208000.0,2.0,2.0,65.0,65.0,Roosevelt,0,0,,,False,4,https://www.infocasas.com.uy/apartamento-en-venta-en-torre-antares-roosevelt-punta-del-este-2-dormitorios/193188929,https://cdn1.infocasas.com.uy/repo/img/5226_NLV-1892-TRA_179.jpg
190615502,Departamento de 3 dormitorios con Terraza en Punta del Este,345000.0,3.0,2.0,82.0,0.0,Playa Brava,0,0,,,False,4,https://www.infocasas.com.uy/departamento-de-3-dormitorios-con-terraza-en-punta-del-este/190615502,https://cdn1.infocasas.com.uy/repo/img/173255338_EV-2488-TRA_770.jpg
193244262,Vende apartamento de 1 dormitorio en Punta del Este,165000.0,1.0,1.0,41.0,41.0,Playa Brava,0,0,,,False,4,https://www.infocasas.com.uy/vende-apartamento-de-1-dormitorio-en-punta-del-este/193244262,https://cdn1.infocasas.com.uy/repo/img/261_GII-727-TRA_550.jpg
192639669,Venta Apartamento San Rafael Punta del Este Parrillero Propio,175000.0,1.0,1.0,57.0,47.0,San Rafael,-34.9336843,-54.9234901,2019.0,,False,4,https://www.infocasas.com.uy/venta-apartamento-san-rafael-punta-del-este-parrillero-propio/192639669,https://cdn1.infocasas.com.uy/web/6875f8e6e5e18_infocdn.jpg
192978184,¡Oportunidad! Apartamento 2 y Dep Dormitorios En Edificio Poseidón - Playa Mansa,630000.0,2.0,2.0,93.0,120.0,Playa Mansa,-34.9079724129577,-55.00864886214599,2022.0,,False,3,https://www.infocasas.com.uy/¡oportunidad-apartamento-2-y-dep-dormitorios-en-edificio-poseidon-playa-mansa/192978184,https://cdn1.infocasas.com.uy/repo/img/175659749_EBR-809-TRA_262.jpg
193469927,Apartamento en Punta del Este - Cipriani 9686,3604500.0,4.0,3.0,425.0,405.0,Punta del Este,-34.9446819,-54.9193943,2026.0,,False,7,https://www.infocasas.com.uy/apartamento-en-punta-del-este-cipriani-9686/193469927,https://cdn1.infocasas.com.uy/repo/img/37_CBR-CBR-1218_234.jpg
192645062,TORRE PLAZA 3 DORMITORIOS,350000.0,3.0,2.0,110.0,110.0,Península,0,0,,,False,4,https://www.infocasas.com.uy/torre-plaza-3-dormitorios/192645062,https://cdn1.infocasas.com.uy/repo/img/256162_MKT-7528-TRA_37.jpg
193483193,Draga Inn - Exclusivo apartamento con terraza privada y vista al mar,520000.0,3.0,4.0,178.0,200.0,Playa Brava,0,0,,,False,4,https://www.infocasas.com.uy/draga-inn-exclusivo-apartamento-con-terraza-privada-y-vista-al-mar/193483193,https://cdn1.infocasas.com.uy/repo/img/5226_NLV-224904-TRA_225.jpg
193178562,APARTAMENTO EN VENTA 3 DORMNITORIOS EN TORRE LE PARC IV,1250000.0,3.0,3.0,156.0,182.0,Playa Brava,0,0,,,False,4,https://www.infocasas.com.uy/apartamento-en-venta-3-dormnitorios-en-torre-le-parc-iv/193178562,https://cdn1.infocasas.com.uy/repo/img/132785_RSP-17720-TRA_398.jpg
193564090,Apartamento EN venta 1 DORMITORIO,155000.0,1.0,1.0,50.0,45.0,Punta del Este,-34.9618918,-54.9441118,,,False,7,https://www.infocasas.com.uy/apartamento-en-venta-1-dormitorio/193564090,https://cdn1.infocasas.com.uy/repo/img/330123_JPD-JPD-2139_733.jpg
193106859,TORRE WILSON - 3 DORM Y DEPENDENCIA - ALQUILER DE TEMPORADA,398000.0,3.0,3.0,130.0,130.0,Playa Mansa,0,0,,,False,4,https://www.infocasas.com.uy/torre-wilson-3-dorm-y-dependencia-alquiler-de-temporada/193106859,https://cdn1.infocasas.com.uy/repo/img/173862716_DSA-1164-TRA_630.jpg
193143520,Apartamento en Venta Roosevelt - Punta del Este,189000.0,1.0,2.0,45.0,50.0,Roosevelt,-34.9324265,-54.9418277,,,False,4,https://www.infocasas.com.uy/apartamento-en-venta-roosevelt-punta-del-este/193143520,https://cdn1.infocasas.com.uy/repo/img/599681_FDE-320-TRA_72.jpg
192982246,Excepcional planta en primera linea mansa,750000.0,3.0,4.0,170.0,205.0,Playa Mansa,-34.918002,-54.9765911,,,False,4,https://www.infocasas.com.uy/excepcional-planta-en-primera-linea-mansa/192982246,https://cdn1.infocasas.com.uy/repo/img/197419_ADD-6708-TRA_957.jpg
193469928,Apartamento en Punta del Este - Cipriani 9687,7938000.0,6.0,3.0,869.0,810.0,Punta del Este,-34.9446819,-54.9193943,2026.0,,False,7,https://www.infocasas.com.uy/apartamento-en-punta-del-este-cipriani-9687/193469928,https://cdn1.infocasas.com.uy/repo/img/37_CBR-CBR-1219_190.jpg
193512419,Apartamento en venta con barbacoa propia,200000.0,2.0,2.0,65.0,65.0,Playa Mansa,-34.918002,-54.9765911,,,False,4,https://www.infocasas.com.uy/apartamento-en-venta-con-barbacoa-propia/193512419,https://cdn1.infocasas.com.uy/repo/img/173211400_SPP-16848-TRA_99.jpg
193617517,Departamento en venta en Forest Tower II,369000.0,3.0,2.0,104.0,116.0,Playa Mansa,-34.95179598715231,-54.93330490157471,,,False,3,https://www.infocasas.com.uy/departamento-en-venta-en-forest-tower-ii/193617517,https://cdn1.infocasas.com.uy/repo/img/261_GII-3694-TRA_514.jpg
191941584,VENTA APARTAMENTO RINCON DEL BOSQUE  3 DORMITORIOS,440000.0,3.0,2.0,130.0,130.0,Rincón del Indio,-34.928568464321074,-54.89860062797545,,,False,3,https://www.infocasas.com.uy/venta-apartamento-rincon-del-bosque-3-dormitorios/191941584,https://cdn1.infocasas.com.uy/repo/img/173608396_HAUS-171-TRA_540.jpg
191562015,Apartamento para disfrutar en Península.,104000.0,2.0,1.0,42.0,42.0,Península,0,0,,,False,4,https://www.infocasas.com.uy/apartamento-para-disfrutar-en-peninsula/191562015,https://cdn1.infocasas.com.uy/repo/img/173255338_EV-1900-TRA_334.jpg
193564495,"Surfside. 1 dorm de lujo, garaje y baulera.",380000.0,1.0,1.0,95.0,136.0,Playa Brava,-34.9189289382084,-54.87300786251845,2021.0,,False,3,https://www.infocasas.com.uy/surfside-1-dorm-de-lujo-garaje-y-baulera/193564495,https://cdn1.infocasas.com.uy/repo/img/243_NYP-40203-TRA_521.jpg
193598960,Venta Chiverta Torre Manhattan piso alto,449000.0,3.0,2.0,100.0,130.0,Playa Brava,0,0,,,False,4,https://www.infocasas.com.uy/venta-chiverta-torre-manhattan-piso-alto/193598960,https://cdn1.infocasas.com.uy/repo/img/599524_PAR-11901-TRA_231.jpg
193431047,Punta del Este -  en Venta - San Rafael - 3 dormitorios 2 baños parrilla piscina jardín parrillero,272000.0,3.0,2.0,96.0,96.0,San Rafael,-34.9356751679,-54.9251214274,2018.0,,False,4,https://www.infocasas.com.uy/punta-del-este-en-venta-san-rafael-3-dormitorios-2-baños-parrilla-piscina-jardin-parrillero/193431047,https://cdn1.infocasas.com.uy/web/699dc9613c320_infocdn.jpg
193688184,Vende apartamento de 1 dormitorio y medio en Punta del Este,200000.0,1.0,1.0,49.0,63.0,Playa Brava,0,0,,,False,4,https://www.infocasas.com.uy/vende-apartamento-de-1-dormitorio-y-medio-en-punta-del-este/193688184,https://cdn1.infocasas.com.uy/repo/img/599524_PAR-11957-TRA_571.jpg
193370341,Veramansa 2 dormitorios en venta,430000.0,2.0,2.0,93.0,120.0,Playa Mansa,0,0,,,False,3,https://www.infocasas.com.uy/veramansa-2-dormitorios-en-venta/193370341,https://cdn1.infocasas.com.uy/repo/img/203121_SIP-1995-TRA_522.jpg
193198698,APARTAMENTO VENTA 2 DORMITORIOS - EDIFICIO FONTAINEBLEAU,195000.0,2.0,1.0,48.0,51.0,Roosevelt,0,0,,,False,4,https://www.infocasas.com.uy/apartamento-venta-2-dormitorios-edificio-fontainebleau/193198698,https://cdn1.infocasas.com.uy/repo/img/132785_RSP-17612-TRA_969.jpg
193166251,"Hermoso Penthouse con vista Panoramica, excelente ubicacion. Place Lafayette",480000.0,2.0,2.0,98.0,0.0,Roosevelt,0,0,,,False,3,https://www.infocasas.com.uy/hermoso-penthouse-con-vista-panoramica-excelente-ubicacion-place-lafayette/193166251,https://cdn1.infocasas.com.uy/repo/img/176512310_MIL-79-TRA_558.jpg
193195112,"En venta Elegante apartamento en San Rafael, Punta del Este",600000.0,3.0,3.0,170.0,0.0,San Rafael,0,0,,,False,3,https://www.infocasas.com.uy/en-venta-elegante-apartamento-en-san-rafael-punta-del-este/193195112,https://cdn1.infocasas.com.uy/repo/img/175716718_CHZ-2740-TRA_42.jpg
193188843,APARTAMENTO DE 4 DORMITORIOS EN VENTA TORRE LE PARC III,1250000.0,4.0,4.0,187.0,211.0,Playa Brava,0,0,,,False,3,https://www.infocasas.com.uy/apartamento-de-4-dormitorios-en-venta-torre-le-parc-iii/193188843,https://cdn1.infocasas.com.uy/repo/img/132785_RSP-17725-TRA_76.jpg
192124302,ALTOS DE SAN RAFAEL 1 SUITE PB,320000.0,2.0,2.0,87.0,150.0,San Rafael,0,0,,,False,4,https://www.infocasas.com.uy/altos-de-san-rafael-1-suite-pb/192124302,https://cdn1.infocasas.com.uy/repo/img/256162_MKT-6030-TRA_220.jpg
190727651,Espectacular unidad de 2 dormitorios,255000.0,2.0,2.0,66.0,75.0,Playa Brava,0,0,,,False,4,https://www.infocasas.com.uy/espectacular-unidad-de-2-dormitorios/190727651,https://cdn1.infocasas.com.uy/repo/img/173255338_EV-2394-TRA_390.jpg
192524821,Venta Apartamento 3 Dormitorios playa Brava,590000.0,3.0,3.0,100.0,110.0,Rincón del Indio,0,0,,,False,3,https://www.infocasas.com.uy/venta-apartamento-3-dormitorios-playa-brava/192524821,https://cdn1.infocasas.com.uy/repo/img/175716718_CHZ-1317-TRA_398.jpg
193713669,Apartamento a estrenar en Torres del Este,235000.0,1.0,1.0,49.0,61.0,Playa Mansa,0,0,2026.0,,False,4,https://www.infocasas.com.uy/apartamento-a-estrenar-en-torres-del-este/193713669,https://cdn1.infocasas.com.uy/repo/img/405_CCP-40121-TRA_126.jpg
190484971,"En el edificio Miami Boulevard II, increible oportunidad comodo de departamento",420000.0,2.0,2.0,95.0,95.0,Playa Mansa,0,0,2021.0,,False,3,https://www.infocasas.com.uy/en-el-edificio-miami-boulevard-ii-increible-oportunidad-comodo-de-departamento/190484971,https://cdn1.infocasas.com.uy/repo/img/173012432_NDM-12081-TRA_945.jpg
192041801,"Exclusivo Penthouse de 3 Dormitorios con Vistas panorámicas a Playa Brava, en Venta",780000.0,3.0,4.0,125.0,160.0,Playa Brava,0,0,,,False,3,https://www.infocasas.com.uy/exclusivo-penthouse-de-3-dormitorios-con-vistas-panoramicas-a-playa-brava-en-venta/192041801,https://cdn1.infocasas.com.uy/repo/img/173452776_DPT-2518-TRA_394.jpg
190576890,"Apartamento en venta, dos dormitorios Playa Brava",315000.0,2.0,2.0,66.0,85.0,Playa Brava,0,0,,,False,4,https://www.infocasas.com.uy/apartamento-en-venta-dos-dormitorios-playa-brava/190576890,https://cdn1.infocasas.com.uy/repo/img/203121_SIP-9623-TRA_806.jpg
193496328,Hermoso apartamento de 2 dormitorios en Pinares de la Barra,330000.0,2.0,2.0,80.0,80.0,Playa Brava,0,0,,,False,4,https://www.infocasas.com.uy/hermoso-apartamento-de-2-dormitorios-en-pinares-de-la-barra/193496328,https://cdn1.infocasas.com.uy/repo/img/5226_NLV-224916-TRA_264.jpg
193158724,Apartamento en Brava - Punta del Este,590000.0,4.0,4.0,140.0,160.0,Playa Brava,0,0,,,False,4,https://www.infocasas.com.uy/apartamento-en-brava-punta-del-este/193158724,https://cdn1.infocasas.com.uy/repo/img/5226_NLV-214023-TRA_592.jpg
190930747,Venta Departamento Torre Lobos con vista al mar en Playa Brava Punta del Este.,1500000.0,4.0,3.0,566.0,369.0,Playa Brava,-34.9469,-54.92335,2018.0,,False,3,https://www.infocasas.com.uy/venta-departamento-torre-lobos-con-vista-al-mar-en-playa-brava-punta-del-este/190930747,https://cdn1.infocasas.com.uy/web/66640268c78fe_infocdn.jpg
190857247,"Apartamento de 3 dormitorios en Venta proximo al Mar , Punta del este",550000.0,3.0,3.0,95.0,110.0,Playa Mansa,0,0,,,False,4,https://www.infocasas.com.uy/apartamento-de-3-dormitorios-en-venta-proximo-al-mar-punta-del-este/190857247,https://cdn1.infocasas.com.uy/repo/img/173012432_NDM-8266-TRA_76.jpg
187583501,"Apartamento en Venta, Roosevelt, Punta del Este",125000.0,1.0,1.0,40.0,45.0,Roosevelt,-34.9333546,-54.940614,,,False,4,https://www.infocasas.com.uy/apartamento-en-venta-roosevelt-punta-del-este/187583501,https://cdn1.infocasas.com.uy/repo/img/173012432_NDM-1043-TRA_515.jpg#HASTH
192785261,Primera fila al Mar! Torre con amenities frente a La Olla.,189000.0,1.0,1.0,43.0,43.0,Playa Brava,0,0,,,False,2,https://www.infocasas.com.uy/primera-fila-al-mar-torre-con-amenities-frente-a-la-olla/192785261,https://cdn1.infocasas.com.uy/repo/img/599524_PAR-11162-TRA_991.jpg
192897531,ALEXANDER BOULEVARD ESQUINERO,410000.0,2.0,2.0,88.0,116.0,Playa Mansa,0,0,,,False,3,https://www.infocasas.com.uy/alexander-boulevard-esquinero/192897531,https://cdn1.infocasas.com.uy/repo/img/256162_MKT-7638-TRA_865.jpg
193666343,AIDY GRILL DUPLEX APARTAMENTO EN VENTA DE 2 DORMITORIOS,182000.0,2.0,2.0,66.0,85.0,Aidy Grill,0,0,,,False,4,https://www.infocasas.com.uy/aidy-grill-duplex-apartamento-en-venta-de-2-dormitorios/193666343,https://cdn1.infocasas.com.uy/repo/img/5226_NLV-225285-TRA_605.jpg
193506493,Pent House a una cuadra de la playa mansa con barbacoa propia y tres cocheras,440000.0,4.0,4.0,228.0,0.0,Playa Mansa,0,0,,,False,4,https://www.infocasas.com.uy/pent-house-a-una-cuadra-de-la-playa-mansa-con-barbacoa-propia-y-tres-cocheras/193506493,https://cdn1.infocasas.com.uy/repo/img/173211400_SPP-6982-TRA_514.jpg
193207706,EXCELENTE DEPARTAMENTO EN EDIFICIO DE GRAN CATEGORIA,550000.0,2.0,2.0,0.0,0.0,Playa Brava,-34.944013160624216,-54.9214208622742,,,False,3,https://www.infocasas.com.uy/excelente-departamento-en-edificio-de-gran-categoria/193207706,https://cdn1.infocasas.com.uy/repo/img/73429_PMI-212473-TRA_359.jpg
193538732,"Apartamento en Punta del Este, Punta del Este",530000.0,3.0,5.0,0.0,0.0,Punta del Este,-34.94877371048651,-54.92629351136169,,,False,4,https://www.infocasas.com.uy/apartamento-en-punta-del-este-punta-del-este/193538732,https://cdn1.infocasas.com.uy/repo/img/176807675_RHS-1498-TRA_338.jpg
193564331,VENTA LOCAL PENÍNSULA,75000.0,0.0,1.0,0.0,0.0,Península,0,0,,,False,4,https://www.infocasas.com.uy/venta-local-peninsula/193564331,https://cdn1.infocasas.com.uy/repo/img/173890249_REI-3521-TRA_391.jpg
193335698,"Departamento en Venta de 2 dormitorios + dependencia, en Sunrise Tower, Punta del Este",540000.0,2.0,4.0,0.0,0.0,Playa Mansa,0,0,,,False,4,https://www.infocasas.com.uy/departamento-en-venta-de-2-dormitorios-dependencia-en-sunrise-tower-punta-del-este/193335698,https://cdn1.infocasas.com.uy/repo/img/599524_PAR-11630-TRA_921.jpg
191366373,EXCLUSIVO DEPARTAMENTO DE 3 DORMITORIOS EN SUITE EN EDIFICIO DE CATEGORIA,680000.0,3.0,3.0,0.0,0.0,Playa Brava,-34.9669442,-54.9454996,,,False,3,https://www.infocasas.com.uy/exclusivo-departamento-de-3-dormitorios-en-suite-en-edificio-de-categoria/191366373,https://cdn1.infocasas.com.uy/repo/img/73429_PMI-213328-TRA_938.jpg
193383082,VENTA APARTAMENTO 1 DORMITORIO TRUMP TOWER,670000.0,1.0,2.0,0.0,0.0,Playa Brava,-34.947924,-54.92697649999999,,,False,3,https://www.infocasas.com.uy/venta-apartamento-1-dormitorio-trump-tower/193383082,https://cdn1.infocasas.com.uy/repo/img/173890249_REI-11856-TRA_411.jpg
192853298,Surfside Elleva - Tipología 01,1909770.0,4.0,4.0,0.0,0.0,Playa Brava,0,0,,,False,4,https://www.infocasas.com.uy/surfside-elleva-tipologia-01/192853298,https://cdn1.infocasas.com.uy/repo/img/175955365_LUX-411-TRA_193.jpg
193058687,En venta apartamento de 2 dormitorios en Punta del Este,159900.0,2.0,2.0,0.0,0.0,Punta del Este,0,0,,,False,3,https://www.infocasas.com.uy/en-venta-apartamento-de-2-dormitorios-en-punta-del-este/193058687,https://cdn1.infocasas.com.uy/repo/img/173012432_NDM-27785-TRA_284.jpg
192853327,SLS Punta del Este - Apartamento de 3 Dormitorios,1290000.0,3.0,3.0,0.0,0.0,Playa Brava,0,0,,,False,4,https://www.infocasas.com.uy/sls-punta-del-este-apartamento-de-3-dormitorios/192853327,https://cdn1.infocasas.com.uy/repo/img/175955365_LUX-453-TRA_941.jpg
193533973,Apartamento de 2 dormitorios en venta Punta del Este,280000.0,2.0,2.0,0.0,0.0,Península,-34.961248680441074,-54.94324331481932,,,False,4,https://www.infocasas.com.uy/apartamento-de-2-dormitorios-en-venta-punta-del-este/193533973,https://cdn1.infocasas.com.uy/repo/img/176807675_RHS-2617-TRA_961.jpg
192485185,"Apartamento en venta en Punta del Este, Mansa, 1 dormitorio",115000.0,1.0,1.0,0.0,0.0,Arcobaleno,0,0,,,False,4,https://www.infocasas.com.uy/apartamento-en-venta-en-punta-del-este-mansa-1-dormitorio/192485185,https://cdn1.infocasas.com.uy/repo/img/59163_COL-9282-TRA_71.jpg
190852233,Apartamentos en San Rafael,230000.0,2.0,2.0,0.0,0.0,San Rafael,-34.93429020147724,-54.92369001110075,,,False,4,https://www.infocasas.com.uy/apartamentos-en-san-rafael/190852233,https://cdn1.infocasas.com.uy/repo/img/132_2278_83.jpg
192302565,"Venta  de Apartamento  en Playa Mansa, Punta del Este",365000.0,4.0,4.0,0.0,0.0,Playa Mansa,0,0,,,False,4,https://www.infocasas.com.uy/venta-de-apartamento-en-playa-mansa-punta-del-este/192302565,https://cdn1.infocasas.com.uy/repo/img/277358_OJD-41109-TRA_803.jpg
192693398,Apartamento 3 dormitorios Con vista al mar Playa Mansa - Punta del Este,1100000.0,3.0,3.0,165.0,165.0,Playa Mansa,0,0,,,False,3,https://www.infocasas.com.uy/apartamento-3-dormitorios-con-vista-al-mar-playa-mansa-punta-del-este/192693398,https://cdn1.infocasas.com.uy/repo/img/173104404_VIP-2217-TRA_451.jpg
193244288,Apartamentos en Playa Mansa,110000.0,0.0,1.0,0.0,30.0,Playa Mansa,-34.95285561085697,-54.9397993584442,,,False,4,https://www.infocasas.com.uy/apartamentos-en-playa-mansa/193244288,https://cdn1.infocasas.com.uy/repo/img/250_218_806.jpg
193670853,VENTA DE APARTAMENTO DE 2 DORMITORIOS  EN MANSA PUNTA DEL ESTE EN EDIFICIO MIAMI BOULEVARD II,530000.0,2.0,2.0,76.0,0.0,Playa Mansa,0,0,2021.0,,False,4,https://www.infocasas.com.uy/venta-de-apartamento-de-2-dormitorios-en-mansa-punta-del-este-en-edificio-miami-boulevard-ii/193670853,https://cdn1.infocasas.com.uy/repo/img/132785_RSP-18432-TRA_121.jpg
187578784,DEPARTAMENTO EN EDIFICIO MUY BIEN UBICADO CON SERVICIOS!,100000.0,1.0,1.0,45.0,50.0,Roosevelt,-34.9333546,-54.940614,,,False,4,https://www.infocasas.com.uy/departamento-en-edificio-muy-bien-ubicado-con-servicios/187578784,https://cdn1.infocasas.com.uy/repo/img/599524_PAR-2957-TRA_893.jpg#HASTH
188181614,"Apartamento en el corazón de la península, venta,",178000.0,1.0,2.0,60.0,60.0,Península,-34.9647077,-54.9458554,,0.0,False,7,https://www.infocasas.com.uy/apartamento-en-el-corazon-de-la-peninsula-venta/188181614,https://cdn1.infocasas.com.uy/repo/img/173245601_5076_175.jpg
190794078,Apartamentos en Península,245000.0,3.0,2.0,86.0,0.0,Península,-34.959885799362354,-54.939197202520354,,,False,4,https://www.infocasas.com.uy/apartamentos-en-peninsula/190794078,https://cdn1.infocasas.com.uy/repo/img/132_1910_982.jpg
191905913,"Apartamento en Punta del Este, Pinares",265000.0,2.0,2.0,84.0,0.0,Pinares,0,0,,,False,4,https://www.infocasas.com.uy/apartamento-en-punta-del-este-pinares/191905913,https://cdn1.infocasas.com.uy/repo/img/203121_SIP-11613-TRA_396.jpg
190790718,Apartamentos en Península,600000.0,5.0,3.0,0.0,180.0,Península,-34.96235655416428,-54.9421597023773,,,False,4,https://www.infocasas.com.uy/apartamentos-en-peninsula/190790718,https://cdn1.infocasas.com.uy/repo/img/132_2195_13.jpg
190638113,"Apartamento de 2 dormitorios con vista frente al mar en edificio Samambai, Playa Mansa , Punta del ese",220000.0,2.0,1.0,54.0,0.0,Playa Mansa,0,0,,,False,3,https://www.infocasas.com.uy/apartamento-de-2-dormitorios-con-vista-frente-al-mar-en-edificio-samambai-playa-mansa-punta-del-ese/190638113,https://cdn1.infocasas.com.uy/repo/img/173012432_NDM-19640-TRA_331.jpg
192702402,Apartamento en Punta del Este (Playa Brava) Ref. 4386,400000.0,2.0,3.0,123.0,123.0,Playa Brava,-34.95589911087766,-54.93818235180669,,,False,7,https://www.infocasas.com.uy/apartamento-en-punta-del-este-playa-brava-ref-4386/192702402,https://cdn1.infocasas.com.uy/repo/img/245_4386_563.jpg
192972618,Peninsula parada 1,220000.0,2.0,2.0,58.0,58.0,Península,0,0,,,False,2,https://www.infocasas.com.uy/peninsula-parada-1/192972618,https://cdn1.infocasas.com.uy/repo/img/192_AIXA-1716-TRA_465.jpg
192815125,"Hermoso apartamento para alquiler frente al mar, Torre Venetian",864000.0,2.0,2.0,120.0,140.0,Playa Mansa,0,0,2022.0,,False,4,https://www.infocasas.com.uy/hermoso-apartamento-para-alquiler-frente-al-mar-torre-venetian/192815125,https://cdn1.infocasas.com.uy/repo/img/599524_PAR-10991-TRA_345.jpg
193543218,"Precioso apartamento a metros de la playa, con hermosas vistas, totalmente amueblado.",239000.0,2.0,2.0,75.0,75.0,Punta del Este,-34.9622642,-54.940213,,,False,4,https://www.infocasas.com.uy/precioso-apartamento-a-metros-de-la-playa-con-hermosas-vistas-totalmente-amueblado/193543218,https://cdn2.infocasas.com.uy/repo/img/69bc3f62520ae_infocdn__kezddwe0okqppjavysprhoucms2qxqdmhb2rbo4pjpg.jpg
192631651,Apartamento de dos dormitorios a la venta en Punta del Este ,198000.0,2.0,2.0,71.0,66.0,Playa Brava,-34.9482439846,-54.9304650599,2016.0,,False,3,https://www.infocasas.com.uy/apartamento-de-dos-dormitorios-a-la-venta-en-punta-del-este-/192631651,https://cdn1.infocasas.com.uy/web/68720f839f6d4_infocdn.jpg
190951607,"Apartamento 3 dormitorios, Punta del Este, Roosevelt",250000.0,3.0,3.0,110.0,110.0,Punta del Este,-34.7055536,-56.1651944,,,False,7,https://www.infocasas.com.uy/apartamento-3-dormitorios-punta-del-este-roosevelt/190951607,https://cdn1.infocasas.com.uy/repo/img/202912_2322CK_112.jpg
191595440,"Apartamento en venta en torre Bellagio, Punta del Este.",128000.0,0.0,1.0,40.0,60.0,Roosevelt,0,0,,,False,3,https://www.infocasas.com.uy/apartamento-en-venta-en-torre-bellagio-punta-del-este/191595440,https://cdn1.infocasas.com.uy/repo/img/599524_PAR-10274-TRA_851.jpg
193542956,"Torre YOO - Aidy Grill, Punta del Este",173000.0,1.0,1.0,73.0,0.0,Aidy Grill,-34.937248791971975,-54.93585690998687,,,False,3,https://www.infocasas.com.uy/torre-yoo-aidy-grill-punta-del-este/193542956,https://cdn1.infocasas.com.uy/repo/img/176810136_GYC-1-TRA_336.jpg
192702378,Apartamento en Punta del Este (Península) Ref. 5109,185000.0,2.0,2.0,72.0,72.0,Península,-34.96054135038811,-54.940400996322396,,,False,7,https://www.infocasas.com.uy/apartamento-en-punta-del-este-peninsula-ref-5109/192702378,https://cdn1.infocasas.com.uy/repo/img/245_5109_298.jpg
192702595,Apartamento en Punta del Este (Playa Mansa) Ref. 5805,198000.0,1.0,1.0,42.0,42.0,Playa Mansa,-34.94817605607559,-54.9380173059402,,,False,7,https://www.infocasas.com.uy/apartamento-en-punta-del-este-playa-mansa-ref-5805/192702595,https://cdn1.infocasas.com.uy/repo/img/245_5805_188.jpg
193116923,Apartamento 2 dormitorios y 2 baños. Peninsula,298000.0,2.0,2.0,82.0,90.0,Península,-34.95996053858956,-54.9394935866165,,,False,4,https://www.infocasas.com.uy/apartamento-2-dormitorios-y-2-baños-peninsula/193116923,https://cdn1.infocasas.com.uy/repo/img/201780_SYA-581-TRA_716.jpg
192529894,Departamento de 3 dormitorios en venta,620000.0,3.0,3.0,201.0,0.0,Península,0,0,,,False,3,https://www.infocasas.com.uy/departamento-de-3-dormitorios-en-venta/192529894,https://cdn1.infocasas.com.uy/repo/img/94_CNP-16452-TRA_65.jpg
192702387,Apartamento en Punta del Este (Playa Brava) Ref. 5345,345000.0,3.0,2.0,83.0,83.0,Playa Brava,-34.951910289468834,-54.93335723876953,,,False,7,https://www.infocasas.com.uy/apartamento-en-punta-del-este-playa-brava-ref-5345/192702387,https://cdn1.infocasas.com.uy/repo/img/245_5345_532.jpg
191924489,"Apartamento en venta, Edif Place Lafayette, Punta del Este",270000.0,2.0,2.0,61.0,61.0,Roosevelt,-34.9360588,-54.9378104,,,False,4,https://www.infocasas.com.uy/apartamento-en-venta-edif-place-lafayette-punta-del-este/191924489,https://cdn1.infocasas.com.uy/repo/img/175314062_ERE-20-TRA_993.jpg
193717586,Excelente Apartamento de 3 dormitorios con vista panoramica a Playa Brava,400000.0,2.0,2.0,110.0,110.0,Aidy Grill,-34.9495131,-54.9294495,,,False,0,https://www.infocasas.com.uy/excelente-apartamento-de-3-dormitorios-con-vista-panoramica-a-playa-brava/193717586,https://cdn2.infocasas.com.uy/repo/img/69fbf9af10e21_infocdn__pjdtjnfmjnu7jpjwdougk3drpkyliuuorvkga0zkjpg.jpg
192687570,"Apartamento en Venta y Alquiler, Peninsula, Punta del Este, 3 Dormitorios.",770000.0,3.0,3.0,130.0,140.0,Península,0,0,,,False,3,https://www.infocasas.com.uy/apartamento-en-venta-y-alquiler-peninsula-punta-del-este-3-dormitorios/192687570,https://cdn1.infocasas.com.uy/repo/img/173255338_EV-3628-TRA_498.jpg
192675563,CALETA DE LOBOS - PLAYA BRAVA PH DUPLEX,520000.0,3.0,2.0,129.0,200.0,Rincón del Indio,0,0,,,False,4,https://www.infocasas.com.uy/caleta-de-lobos-playa-brava-ph-duplex/192675563,https://cdn1.infocasas.com.uy/repo/img/256162_MKT-7531-TRA_472.jpg
192537753,Apartamento exclusivo en Edificio de Categoria en la Brava - ACQUA LIBRE TEMPORADA,3500000.0,3.0,1.0,338.0,482.0,Playa Brava,0,0,,,False,4,https://www.infocasas.com.uy/apartamento-exclusivo-en-edificio-de-categoria-en-la-brava-acqua-libre-temporada/192537753,https://cdn1.infocasas.com.uy/repo/img/173898037_BYH-2303-TRA_6.jpg
192561575,"Apartamento en Venta, Brava, Punta del Este, 4 Dormitorios.",380000.0,4.0,4.0,496.0,496.0,Península,0,0,,,False,4,https://www.infocasas.com.uy/apartamento-en-venta-brava-punta-del-este-4-dormitorios/192561575,https://cdn1.infocasas.com.uy/repo/img/5226_NLV-2921-TRA_734.jpg
193713659,Apartamento en venta 2 dormitorios en Gala Tower Playa mansa,380000.0,2.0,2.0,69.0,86.0,Playa Mansa,0,0,,,,4,https://www.infocasas.com.uy/apartamento-en-venta-2-dormitorios-en-gala-tower-playa-mansa/193713659,https://cdn1.infocasas.com.uy/repo/img/405_CCP-40110-TRA_360.jpg
191840102,Apartamento en venta - 2 dormitorios - Veramansa - Punta del Este,435000.0,2.0,2.0,139.0,112.0,Playa Mansa,-34.9360588,-54.9378104,2017.0,,False,3,https://www.infocasas.com.uy/apartamento-en-venta-2-dormitorios-veramansa-punta-del-este/191840102,https://cdn1.infocasas.com.uy/web/677788efaa0a5_infocdn.jpg
192702396,Apartamento en Punta del Este (Playa Mansa) Ref. 4977,340000.0,2.0,2.0,82.0,82.0,Playa Mansa,-34.94303150401753,-54.94314289736471,,,False,7,https://www.infocasas.com.uy/apartamento-en-punta-del-este-playa-mansa-ref-4977/192702396,https://cdn1.infocasas.com.uy/repo/img/245_4977_958.jpg
190992420,Apartamento en Venta de Tres Dormitorios en Laguna del Diario Punta del Este,480000.0,3.0,2.0,95.0,105.0,Playa Mansa,0,0,,,False,4,https://www.infocasas.com.uy/apartamento-en-venta-de-tres-dormitorios-en-laguna-del-diario-punta-del-este/190992420,https://cdn1.infocasas.com.uy/repo/img/405_CCP-36205-TRA_607.jpg
193390954,APARTAMENTO EN VENTA 2 DORMITORIOS EN TORRE WASHINGTON,280000.0,2.0,2.0,93.0,93.0,Playa Mansa,0,0,,,False,4,https://www.infocasas.com.uy/apartamento-en-venta-2-dormitorios-en-torre-washington/193390954,https://cdn1.infocasas.com.uy/repo/img/132785_RSP-17055-TRA_12.jpg
193521025,Venta apartamento 2 Dormitorios Playa Brava,410000.0,2.0,2.0,91.0,105.0,Playa Brava,-34.94499814509392,-54.92770796020506,,,False,3,https://www.infocasas.com.uy/venta-apartamento-2-dormitorios-playa-brava/193521025,https://cdn1.infocasas.com.uy/repo/img/192_AIXA-1256-TRA_921.jpg
192825826,"¡Oportunidad única en Parada 3 de la Brava, Punta del Este! Apartamento 2 dormitorios y medio",230000.0,2.0,3.0,76.0,76.0,Playa Brava,0,0,,,False,4,https://www.infocasas.com.uy/¡oportunidad-unica-en-parada-3-de-la-brava-punta-del-este-apartamento-2-dormitorios-y-medio/192825826,https://cdn1.infocasas.com.uy/repo/img/175955365_LUX-445-TRA_688.jpg
192130188,DEPARTAMENTO EN PUNTA DEL ESTE,270000.0,2.0,1.0,56.0,87.0,Playa Mansa,0,0,2023.0,,False,4,https://www.infocasas.com.uy/departamento-en-punta-del-este/192130188,https://cdn1.infocasas.com.uy/repo/img/256162_MKT-7172-TRA_974.jpg
189547092,VENTA APARTAMENTO CALLE 29 Y 20 2 DORMITORIOS,145000.0,2.0,2.0,56.0,56.0,Península,-34.9628767,-54.9415836,,,False,7,https://www.infocasas.com.uy/venta-apartamento-calle-29-y-20-2-dormitorios/189547092,https://cdn1.infocasas.com.uy/repo/img/208555_nai_278_321_292.jpg
192124203,PENT HOUSE DÚPLEX  - 1 DORM,350000.0,1.0,1.0,74.0,120.0,Playa Mansa,0,0,,,False,4,https://www.infocasas.com.uy/pent-house-duplex-1-dorm/192124203,https://cdn1.infocasas.com.uy/repo/img/256162_MKT-5921-TRA_398.jpg
193545396,DEPARTAMENTO EN EDIFICIO ACQUA 2 DORMS,2500000.0,2.0,4.0,224.0,381.0,Playa Brava,-34.93320903763326,-54.9022764949707,,,False,4,https://www.infocasas.com.uy/departamento-en-edificio-acqua-2-dorms/193545396,https://cdn1.infocasas.com.uy/repo/img/256162_MKT-5018-TRA_449.jpg
193395019,VENTA APARTAMENTO EN TORRE ONE DE 1 DORMITORIO AMPLIO Y MODERNO,205000.0,1.0,2.0,67.0,67.0,Aidy Grill,-34.94554694826485,-54.92677921796874,2022.0,,False,3,https://www.infocasas.com.uy/venta-apartamento-en-torre-one-de-1-dormitorio-amplio-y-moderno/193395019,https://cdn1.infocasas.com.uy/repo/img/176389669_TEK-9423-TRA_454.jpg
192687572,"Apartamento en venta, Peninsula, Punta del Este, 3 Dormitorios.",680000.0,3.0,4.0,140.0,180.0,Península,0,0,,,False,3,https://www.infocasas.com.uy/apartamento-en-venta-peninsula-punta-del-este-3-dormitorios/192687572,https://cdn1.infocasas.com.uy/repo/img/173255338_EV-3625-TRA_312.jpg
192665547,Venta 3 dormitorios,350000.0,3.0,2.0,80.0,95.0,Playa Mansa,0,0,2017.0,,False,3,https://www.infocasas.com.uy/venta-3-dormitorios/192665547,https://cdn1.infocasas.com.uy/repo/img/173255338_EV-2338-TRA_718.jpg
193675175,Apartamento en venta mansa 2 dormitorios Punta del Este,275000.0,2.0,1.0,69.0,75.0,Playa Mansa,-34.95737101393775,-54.941076678820785,,,False,4,https://www.infocasas.com.uy/apartamento-en-venta-mansa-2-dormitorios-punta-del-este/193675175,https://cdn1.infocasas.com.uy/repo/img/147015_IPD-8861-TRA_383.jpg
193550388,Venta departamento tres dormitorios en suite Playa Mansa Punta del Este,550000.0,3.0,4.0,107.0,130.0,Playa Mansa,0,0,,,False,4,https://www.infocasas.com.uy/venta-departamento-tres-dormitorios-en-suite-playa-mansa-punta-del-este/193550388,https://cdn1.infocasas.com.uy/repo/img/405_CCP-32497-TRA_384.jpg
191089127,VENTA APARTAMENTO TRES DORMITORIOS PUNTA DEL ESTE EDIFICIO GALA TOWER,430000.0,3.0,3.0,123.0,183.0,Playa Mansa,0,0,,,False,4,https://www.infocasas.com.uy/venta-apartamento-tres-dormitorios-punta-del-este-edificio-gala-tower/191089127,https://cdn1.infocasas.com.uy/repo/img/173608396_HAUS-2150-TRA_846.jpg
187306356,DEPARTAMENTO EN COMPLEJO CON TODOS LOS SERVICIOS!!,235000.0,3.0,2.0,85.0,78.0,Playa Mansa,-34.918002,-54.9765911,,,False,4,https://www.infocasas.com.uy/departamento-en-complejo-con-todos-los-servicios/187306356,https://cdn1.infocasas.com.uy/repo/img/599524_PAR-2572-TRA_827.jpg#HASTH
193121221,"Venta de Penthouse duplex en edificio de alta gama a 300 metros del mar, Playa Brava, Punta del Este. Uruguay",520000.0,2.0,4.0,271.0,286.0,San Rafael,-34.931865661318994,-54.90372169463194,2019.0,,False,3,https://www.infocasas.com.uy/venta-de-penthouse-duplex-en-edificio-de-alta-gama-a-300-metros-del-mar-playa-brava-punta-del-este-uruguay/193121221,https://cdn1.infocasas.com.uy/repo/img/176389669_TEK-800-TRA_329.jpg
193549418,Apartamento de 3 dormitorios en zona club de tenis cantegril,305000.0,3.0,2.0,105.0,105.0,Cantegril,0,0,2016.0,,False,4,https://www.infocasas.com.uy/apartamento-de-3-dormitorios-en-zona-club-de-tenis-cantegril/193549418,https://cdn1.infocasas.com.uy/repo/img/197419_ADD-1772-TRA_123.jpg
192829202,Apartamento en zona Puerto,380000.0,2.0,2.0,70.0,78.0,Península,0,0,,,False,3,https://www.infocasas.com.uy/apartamento-en-zona-puerto/192829202,https://cdn1.infocasas.com.uy/repo/img/277358_OJD-41267-TRA_438.jpg
192583790,TORRE ESMERALDA - 2 DORM + DEP,342000.0,2.0,3.0,90.0,120.0,Aidy Grill,0,0,2018.0,,False,4,https://www.infocasas.com.uy/torre-esmeralda-2-dorm-dep/192583790,https://cdn1.infocasas.com.uy/repo/img/256162_MKT-7473-TRA_110.jpg
189782366,Apartamento  3 dormitorios  Playa Mansa con parrillero propio,310000.0,3.0,2.0,97.0,97.0,Playa Mansa,-34.92383508205649,-54.96219148536376,,,False,3,https://www.infocasas.com.uy/apartamento-3-dormitorios-playa-mansa-con-parrillero-propio/189782366,https://cdn1.infocasas.com.uy/repo/img/13039_BYD-1253-TRA_343.jpg
193549845,VENTA APARTAMENTO 1 DORMITORIO PLAYA BRAVA PUNTA DEL ESTE,135000.0,1.0,1.0,36.0,36.0,Playa Brava,0,0,,,False,4,https://www.infocasas.com.uy/venta-apartamento-1-dormitorio-playa-brava-punta-del-este/193549845,https://cdn1.infocasas.com.uy/repo/img/132785_RSP-18134-TRA_262.jpg
193325664,Monoambiente en venta 1 dormitorio Playa Mansa,147000.0,0.0,1.0,30.0,40.0,Playa Mansa,0,0,,,False,2,https://www.infocasas.com.uy/monoambiente-en-venta-1-dormitorio-playa-mansa/193325664,https://cdn1.infocasas.com.uy/repo/img/203121_SIP-6084-TRA_307.jpg
193639051,Apartamento tres dormitorios,290000.0,3.0,2.0,84.0,92.0,Punta del Este,-34.92542659119769,-54.96261062142334,,,False,4,https://www.infocasas.com.uy/apartamento-tres-dormitorios/193639051,https://cdn1.infocasas.com.uy/repo/img/176836142_ESP-3538-TRA_818.jpg
190762137,Apartamentos en Península,500000.0,4.0,3.0,0.0,188.0,Península,-34.96009462938518,-54.93959819276808,,,False,4,https://www.infocasas.com.uy/apartamentos-en-peninsula/190762137,https://cdn1.infocasas.com.uy/repo/img/132_1796_373.jpg
193515662,"Apartamento en Mansa , Vistas al Mar",395000.0,2.0,2.0,80.0,80.0,Playa Mansa,-34.94804823134079,-54.93895434310302,,,False,3,https://www.infocasas.com.uy/apartamento-en-mansa-vistas-al-mar/193515662,https://cdn1.infocasas.com.uy/repo/img/176804441_NFP-7-TRA_670.jpg
193055184,"Apartamento en Venta de 2 dormitorios en Punta del este , Playa Brava , Torre Imperiale",410000.0,2.0,2.0,94.0,121.0,Playa Brava,0,0,,,False,4,https://www.infocasas.com.uy/apartamento-en-venta-de-2-dormitorios-en-punta-del-este-playa-brava-torre-imperiale/193055184,https://cdn1.infocasas.com.uy/repo/img/59163_COL-10038-TRA_701.jpg
193448700,"Paramount Tower de dos dormitorios frente al mar en Venta, Playa Mansa Punta del este",680000.0,2.0,2.0,82.0,90.0,Playa Mansa,-34.9423846197398,-54.94465135505065,2021.0,,False,3,https://www.infocasas.com.uy/paramount-tower-de-dos-dormitorios-frente-al-mar-en-venta-playa-mansa-punta-del-este/193448700,https://cdn1.infocasas.com.uy/repo/img/405_CCP-37058-TRA_676.jpg
191845385,"Vende apartamento con vista al mar de 3 suites, en Mansa- Punta del Este.",650000.0,3.0,3.0,103.0,139.0,Playa Mansa,0,0,2021.0,,False,3,https://www.infocasas.com.uy/vende-apartamento-con-vista-al-mar-de-3-suites-en-mansa-punta-del-este/191845385,https://cdn1.infocasas.com.uy/repo/img/173255338_EV-3358-TRA_311.jpg
192707614,Apartamento  de 2 dormitorios en venta en  Punta del Este,184000.0,2.0,2.0,71.0,75.0,Roosevelt,0,0,,,False,4,https://www.infocasas.com.uy/apartamento-de-2-dormitorios-en-venta-en-punta-del-este/192707614,https://cdn1.infocasas.com.uy/repo/img/173325609_MCH-13231-TRA_377.jpg
192491159,Alquiler y Venta  de apartamento de 3 dormitorios en Punta del Este,390000.0,3.0,3.0,105.0,0.0,Península,0,0,,,False,4,https://www.infocasas.com.uy/alquiler-y-venta-de-apartamento-de-3-dormitorios-en-punta-del-este/192491159,https://cdn1.infocasas.com.uy/repo/img/203121_SIP-10209-TRA_113.jpg
191193474,Departamento - Playa Brava,680000.0,4.0,3.0,224.0,142.0,Playa Brava,-34.9451124622,-54.9266812238,2016.0,,False,4,https://www.infocasas.com.uy/departamento-playa-brava/191193474,https://cdn1.infocasas.com.uy/web/66af258057874_infocdn.jpg
190509283,"Apartamento en venta de 2 dormitorios a metros de la playa, Punta del Este.",180000.0,2.0,2.0,100.0,120.0,Península,0,0,,,False,3,https://www.infocasas.com.uy/apartamento-en-venta-de-2-dormitorios-a-metros-de-la-playa-punta-del-este/190509283,https://cdn1.infocasas.com.uy/repo/img/599524_PAR-8648-TRA_356.jpg
193689454,Mansa. Edificio Horizonte Penthouse. Oportunidad Mayo 2026,520000.0,3.0,4.0,205.0,205.0,Playa Mansa,-34.9245413,-54.9651309,,,False,3,https://www.infocasas.com.uy/mansa-edificio-horizonte-penthouse-oportunidad-mayo-2026/193689454,https://cdn2.infocasas.com.uy/repo/img/69f22d56272a5_infocdn__pjb0cfcgjshiioustpesedotpvwoygvk11icyogvjpg.jpg
189791708,Venta apartamento de dos dormitorios a pasos de Gorlero - Península,195000.0,2.0,1.0,48.0,58.0,Península,0,0,,,False,4,https://www.infocasas.com.uy/venta-apartamento-de-dos-dormitorios-a-pasos-de-gorlero-peninsula/189791708,https://cdn1.infocasas.com.uy/repo/img/203121_SIP-3484-TRA_99.jpg
191605530,3 dormitorios playa mansa cerca del mar,270000.0,3.0,2.0,95.0,120.0,Playa Mansa,-34.9385141,-54.9462115,,,False,4,https://www.infocasas.com.uy/3-dormitorios-playa-mansa-cerca-del-mar/191605530,https://cdn1.infocasas.com.uy/repo/img/173224178_ARE-1385-TRA_321.jpg
192702583,Apartamento en Punta del Este (Península) Ref. 5766,230000.0,3.0,2.0,84.0,84.0,Península,-34.9649942854341,-54.94633108377457,,,False,7,https://www.infocasas.com.uy/apartamento-en-punta-del-este-peninsula-ref-5766/192702583,https://cdn1.infocasas.com.uy/repo/img/245_5766_872.jpg
192842280,VENTA APARTAMENTO 4 SUITES LE PARC 3 PLAYA BRAVA PUNTA DEL ESTE,1450000.0,4.0,4.0,227.0,242.0,Playa Brava,-34.94534032416781,-54.92123432858886,,,False,3,https://www.infocasas.com.uy/venta-apartamento-4-suites-le-parc-3-playa-brava-punta-del-este/192842280,https://cdn1.infocasas.com.uy/repo/img/175664160_ASZ-2398-TRA_284.jpg
193677278,APARTAMENTO DE 3 DORMITORIOS EN VENTA EN GALA VISTA,420000.0,3.0,3.0,103.0,95.0,Roosevelt,0,0,,,False,3,https://www.infocasas.com.uy/apartamento-de-3-dormitorios-en-venta-en-gala-vista/193677278,https://cdn1.infocasas.com.uy/repo/img/132785_RSP-18411-TRA_21.jpg
191513593,Unidad en obra en Punta del Este - inversión financiada con alto potencial de valorización,240000.0,2.0,2.0,95.0,85.0,Roosevelt,0,0,2025.0,,False,4,https://www.infocasas.com.uy/unidad-en-obra-en-punta-del-este-inversion-financiada-con-alto-potencial-de-valorizacion/191513593,https://cdn1.infocasas.com.uy/repo/img/175322336_PGO-566-TRA_156.jpg
190962023,"Venta apartamento 3 dormitorios con balcón con vista al mar, Punta del Este",262000.0,3.0,2.0,100.0,80.0,Punta del Este,-34.9368789,-54.9281496,2016.0,,False,4,https://www.infocasas.com.uy/venta-apartamento-3-dormitorios-con-balcon-con-vista-al-mar-punta-del-este/190962023,https://cdn1.infocasas.com.uy/web/661d540d7c3d9_infocdn.jpg
190443768,Imperiale Apartamento Punta del Este Tres Dormitorios en Suite,735000.0,3.0,3.0,143.0,170.0,Playa Brava,0,0,,,False,4,https://www.infocasas.com.uy/imperiale-apartamento-punta-del-este-tres-dormitorios-en-suite/190443768,https://cdn1.infocasas.com.uy/repo/img/173012432_NDM-8452-TRA_792.jpg
193459151,Venta - Penthouse Dúplex en Cap Ferrat,220000.0,2.0,2.0,95.0,0.0,Aidy Grill,-34.95186107893913,-54.93684286619262,,,False,4,https://www.infocasas.com.uy/venta-penthouse-duplex-en-cap-ferrat/193459151,https://cdn1.infocasas.com.uy/repo/img/176775602_ANF-68-TRA_426.jpg
191037389,Apartamentos en Playa Brava,290000.0,2.0,2.0,0.0,0.0,Playa Brava,-34.91465167498022,-54.871188451843246,,,False,4,https://www.infocasas.com.uy/apartamentos-en-playa-brava/191037389,https://cdn1.infocasas.com.uy/repo/img/132_2320_401.jpg
193042655,"Apartamento en Punta del Este, Península",140000.0,2.0,2.0,0.0,0.0,Península,0,0,,,False,4,https://www.infocasas.com.uy/apartamento-en-punta-del-este-peninsula/193042655,https://cdn1.infocasas.com.uy/repo/img/173842840_TTN-1454-TRA_446.jpg
191198547,APARTAMENTO PUNTA DEL ESTE FRENTE PLAYA BRAVA,170000.0,0.0,1.0,44.0,44.0,Punta del Este,-34.95581686272839,-54.93491640533341,,,False,3,https://www.infocasas.com.uy/apartamento-punta-del-este-frente-playa-brava/191198547,https://cdn1.infocasas.com.uy/repo/img/4122fbdb9f45fbf3919179f679550a998d6de358.jpeg
191937870,"Arcobaleno, Edif. Alfil, Apto. 1 Dorm., Muy Lindo, Piscina",113000.0,1.0,1.0,42.0,42.0,Punta del Este,0,0,,,False,4,https://www.infocasas.com.uy/arcobaleno-edif-alfil-apto-1-dorm-muy-lindo-piscina/191937870,https://cdn1.infocasas.com.uy/web/63b6e7368ca96_infocdn__d_794282-mlu47298709621_082021-f.jpg
192404180,Apto 2d  2b Frente A Playa Mansa  Pda1 Con Amplia Terraza Y Espectacular Vista ,350000.0,2.0,2.0,70.0,70.0,Puerto,-34.95690534775348,-54.94207290258153,,,False,4,https://www.infocasas.com.uy/apto-2d-2b-frente-a-playa-mansa-pda1-con-amplia-terraza-y-espectacular-vista-/192404180,https://cdn1.infocasas.com.uy/repo/img/682887c084ad7_img_20230906_103103.jpg
192211470, Dueño Vende ¡oportunidad única En Punta Del Este! ,190000.0,2.0,1.0,67.0,67.0,Aidy Grill,-34.95018379758095,-54.927432778385445,,,False,3,https://www.infocasas.com.uy/-dueño-vende-¡oportunidad-unica-en-punta-del-este-/192211470,https://cdn1.infocasas.com.uy/repo/img/4a351c839d74ffeea8ec7ca8ec2239c0596666e3.jpg
192660528,Apartamento Duplex Primera Linea En La 14 De La Mansa,515000.0,4.0,3.0,228.0,228.0,Cantegril,-34.9347804,-54.95260419999999,,,False,3,https://www.infocasas.com.uy/apartamento-duplex-primera-linea-en-la-14-de-la-mansa/192660528,https://cdn1.infocasas.com.uy/repo/img/0f75ff3b012538ee1398d75b61542e51e4952c86.jpg
193652858,Dueño Vende! Un Dormitorio Con Garaje En Piso 18 Torre Ocean Drive Country Pde,174900.0,1.0,1.0,36.0,36.0,Roosevelt,-34.92633419272327,-54.94837760925294,2021.0,,False,3,https://www.infocasas.com.uy/dueño-vende-un-dormitorio-con-garaje-en-piso-18-torre-ocean-drive-country-pde/193652858,https://cdn1.infocasas.com.uy/repo/img/5fb0549a2ea68c7a56b8e0a1ca6204d85d91474d.jpeg
190233034, Venta  Penthouse Con Terraza Parrillero Y Jacuzzi Propio,215000.0,1.0,1.0,55.0,55.0,Roosevelt,-34.938556658423934,-54.93545005606689,,,False,3,https://www.infocasas.com.uy/-venta-penthouse-con-terraza-parrillero-y-jacuzzi-propio/190233034,https://cdn1.infocasas.com.uy/repo/img/0bd2f7cc4ad896c8b12b2974a5de625cfb15a045.jpg
192773558,"Venta Con Alquileres Apto 3 Dorm, 3 Baños, Balcón Y Garage Doble En Playa Brava",315000.0,3.0,3.0,95.0,95.0,Aidy Grill,-34.9490631,-54.9299413,2017.0,,False,3,https://www.infocasas.com.uy/venta-con-alquileres-apto-3-dorm-3-baños-balcon-y-garage-doble-en-playa-brava/192773558,https://cdn1.infocasas.com.uy/repo/img/e6a2808bd9079018989164db875b9bdd4668b69e.jpg
189632877,PUNTA DEL ESTE- RAMBLA- PLAYA EMIR- FRENTE AL MAR-PISO ALTO-DUEÑA VENDE,229000.0,2.0,2.0,70.0,70.0,Península,-34.963573174876785,-54.94187892481216,,,False,3,https://www.infocasas.com.uy/punta-del-este-rambla-playa-emir-frente-al-marpiso-altodueña-vende/189632877,https://cdn1.infocasas.com.uy/repo/img/afe074349a7b99dbbd2308880bccba9d9c89c3ff.jpeg#HASTH
189246389,Dueña Vende Apto En Punta Del Este,165000.0,1.0,1.0,47.0,47.0,Cantegril,-34.9287419,-54.9459003,,,False,3,https://www.infocasas.com.uy/dueña-vende-apto-en-punta-del-este/189246389,https://cdn1.infocasas.com.uy/repo/img/97c1be36ffca9989ef820239888bccc1ae63d420.jpeg#HASTH
191609438,¡¡fabuloso Apartamento En Punta Del Este Playa Mansa!!,265000.0,2.0,2.0,80.0,80.0,Roosevelt,-34.9360588,-54.9378104,2020.0,,False,3,https://www.infocasas.com.uy/¡¡fabuloso-apartamento-en-punta-del-este-playa-mansa/191609438,https://cdn1.infocasas.com.uy/repo/img/0f97a904bdd6af6e5b919a1df65b0c7cf37371d7.jpeg
191930821,"Arcobaleno, Edificio Alfil, Apto. 1 Dormitorio, Impecable.",108000.0,1.0,1.0,40.0,40.0,Punta del Este,0,0,,,False,4,https://www.infocasas.com.uy/arcobaleno-edificio-alfil-apto-1-dormitorio-impecable/191930821,https://cdn1.infocasas.com.uy/web/61e9a7624524d_infocdn__d_971115-mlu25201671229_122016-o.jpg#HASTH
193559502,MONOAMBIENTE EN VENTA AIDY GRILL,115000.0,0.0,1.0,32.0,0.0,Aidy Grill,-32.522779,-55.765835,,,False,4,https://www.infocasas.com.uy/monoambiente-en-venta-aidy-grill/193559502,https://cdn1.infocasas.com.uy/repo/img/241439_SUE-4608-TRA_759.jpg
193521152,"Apartamento de 2 dormitorios ,2 baños, en Roosevelt",285000.0,2.0,2.0,70.0,81.0,Roosevelt,0,0,2016.0,,False,3,https://www.infocasas.com.uy/apartamento-de-2-dormitorios-2-baños-en-roosevelt/193521152,https://cdn1.infocasas.com.uy/repo/img/175322336_PGO-7600-TRA_920.jpg
193574065,???? PISO ALTO — Apartamento 2 dormitorios en Wind Tower,360000.0,2.0,2.0,72.0,100.0,Playa Brava,-34.94796357360937,-54.92828541799925,,,False,3,https://www.infocasas.com.uy/-piso-alto-—-apartamento-2-dormitorios-en-wind-tower/193574065,https://cdn1.infocasas.com.uy/repo/img/176537518_GRO-178-TRA_881.jpg
193585854,"Departamento de 3 dormitorios y dependencia  en venta en Torre Lejardin, vstas panorámicas",1190000.0,3.0,3.0,153.0,180.0,Playa Mansa,0,0,,,False,4,https://www.infocasas.com.uy/departamento-de-3-dormitorios-y-dependencia-en-venta-en-torre-lejardin-vstas-panoramicas/193585854,https://cdn1.infocasas.com.uy/repo/img/241439_SUE-4639-TRA_655.jpg
193574431,Penthouse a pocas cuadras del mar ideal para vivir todo el año - Consulte!!!!,375000.0,3.0,2.0,90.0,240.0,Playa Mansa,0,0,,,False,4,https://www.infocasas.com.uy/penthouse-a-pocas-cuadras-del-mar-ideal-para-vivir-todo-el-año-consulte/193574431,https://cdn1.infocasas.com.uy/repo/img/201060_NGP-31288-TRA_67.jpg
193574455,ALQUILER Y VENTA APARTAMENTO 2 DORM EN PLAYA MANSA,220000.0,2.0,2.0,82.0,0.0,Playa Mansa,-34.9416768,-54.9470949,,,False,4,https://www.infocasas.com.uy/alquiler-y-venta-apartamento-2-dorm-en-playa-mansa/193574455,https://cdn1.infocasas.com.uy/repo/img/173608396_HAUS-3908-TRA_204.jpg
193609113,"Venta departamento 2 dormitorios, Brava, Punta del Este",250000.0,2.0,2.0,69.0,0.0,Roosevelt,-34.879366,-56.030832,,,False,4,https://www.infocasas.com.uy/venta-departamento-2-dormitorios-brava-punta-del-este/193609113,https://cdn1.infocasas.com.uy/repo/img/173612388_WRW-4970-TRA_974.jpg
192679697,Muy lindo departamento la Peninsula,250000.0,2.0,2.0,72.0,0.0,Península,0,0,,,False,4,https://www.infocasas.com.uy/muy-lindo-departamento-la-peninsula/192679697,https://cdn1.infocasas.com.uy/repo/img/175664160_ASZ-2132-TRA_505.jpg
192697970,Apartamento de 3 dormitorios mas servicio primera linea playa brava,885000.0,3.0,4.0,156.0,156.0,Playa Brava,-34.9559572120915,-54.937495174096675,,,False,3,https://www.infocasas.com.uy/apartamento-de-3-dormitorios-mas-servicio-primera-linea-playa-brava/192697970,https://cdn1.infocasas.com.uy/repo/img/173608395_ASR-4343-TRA_475.jpg
192697976,2 dormitorios y servicio vista al mar APARTAMENTO EN LA BRAVA,320000.0,2.0,2.0,1.0,1.0,Playa Brava,0,0,,,False,4,https://www.infocasas.com.uy/2-dormitorios-y-servicio-vista-al-mar-apartamento-en-la-brava/192697976,https://cdn1.infocasas.com.uy/repo/img/173224178_ARE-4960-TRA_313.jpg
193028174,Gran departamento de 1 dormitorio en venta,167000.0,1.0,1.0,48.0,50.0,Península,0,0,,,False,3,https://www.infocasas.com.uy/gran-departamento-de-1-dormitorio-en-venta/193028174,https://cdn1.infocasas.com.uy/repo/img/175572099_CBR-1083-TRA_513.jpg
192994964,Buena ubicación a pasos de playa brava y mansa .,170000.0,2.0,1.0,54.0,0.0,Aidy Grill,0,0,,,False,4,https://www.infocasas.com.uy/buena-ubicacion-a-pasos-de-playa-brava-y-mansa-/192994964,https://cdn1.infocasas.com.uy/repo/img/320098_AGP-5138-TRA_111.jpg
192736491,Venta Apartamento en Primera Línea Punta del Este 2 dormitorios,405000.0,2.0,2.0,56.0,56.0,Playa Mansa,0,0,,,False,4,https://www.infocasas.com.uy/venta-apartamento-en-primera-linea-punta-del-este-2-dormitorios/192736491,https://cdn1.infocasas.com.uy/repo/img/320098_AGP-4762-TRA_593.jpg
192718721,En Exclusividad!!!!,440000.0,4.0,3.0,160.0,170.0,Península,0,0,,,False,4,https://www.infocasas.com.uy/en-exclusividad/192718721,https://cdn1.infocasas.com.uy/repo/img/59163_COL-7091-TRA_699.jpg
192702659,Apartamento en Punta del Este (Península) Ref. 5458,230000.0,2.0,2.0,63.0,63.0,Península,-34.96029461537025,-54.94126401863041,,,False,7,https://www.infocasas.com.uy/apartamento-en-punta-del-este-peninsula-ref-5458/192702659,https://cdn1.infocasas.com.uy/repo/img/245_5458_916.jpg
192815201,Loft monoambiente reciclado frente al mar con terraza y cochera Playa Mansa Punta del Este,170000.0,0.0,1.0,42.0,42.0,Playa Mansa,-34.93165587706226,-54.95616888006209,,,False,4,https://www.infocasas.com.uy/loft-monoambiente-reciclado-frente-al-mar-con-terraza-y-cochera-playa-mansa-punta-del-este/192815201,https://cdn1.infocasas.com.uy/repo/img/173608395_ASR-4371-TRA_787.jpg
193291771,Departamento en Punta del Este 2 Dormitorios,330000.0,2.0,2.0,75.0,90.0,Aidy Grill,0,0,2022.0,,False,4,https://www.infocasas.com.uy/departamento-en-punta-del-este-2-dormitorios/193291771,https://cdn1.infocasas.com.uy/repo/img/320098_AGP-9346-TRA_48.jpg
193291767,"PORTO MARE , PUERTO , Penthouse duplex de 3 dormitorios en venta. Departamento con parrillero.",350000.0,3.0,2.0,110.0,130.0,Península,0,0,,,False,4,https://www.infocasas.com.uy/porto-mare-puerto-penthouse-duplex-de-3-dormitorios-en-venta-departamento-con-parrillero/193291767,https://cdn1.infocasas.com.uy/repo/img/320098_AGP-9343-TRA_245.jpg
193260351,"En venta apartamento de 3 dormitorios en Punta del Este, a solo metros del mar",540000.0,3.0,2.0,108.0,146.0,Playa Brava,0,0,,,False,3,https://www.infocasas.com.uy/en-venta-apartamento-de-3-dormitorios-en-punta-del-este-a-solo-metros-del-mar/193260351,https://cdn1.infocasas.com.uy/repo/img/173012432_NDM-28305-TRA_156.jpg
193322743,Punta del este. Roosevelt,295000.0,3.0,3.0,132.0,0.0,Roosevelt,0,0,,,False,2,https://www.infocasas.com.uy/punta-del-este-roosevelt/193322743,https://cdn1.infocasas.com.uy/repo/img/176651596_VDS-360-TRA_669.jpg
193496217,Apartamento EN venta 2 DORMITORIOS,350000.0,2.0,1.0,70.0,58.0,Punta del Este,-34.9546819,-54.9395539,,,False,7,https://www.infocasas.com.uy/apartamento-en-venta-2-dormitorios/193496217,https://cdn1.infocasas.com.uy/repo/img/173660399_FRO-FRO-1291_763.jpg
193319929,Exclusivo Penthouse en torre de Categoria,3890000.0,4.0,6.0,408.0,734.0,Rincón del Indio,0,0,,,False,3,https://www.infocasas.com.uy/exclusivo-penthouse-en-torre-de-categoria/193319929,https://cdn1.infocasas.com.uy/repo/img/173012432_NDM-5286-TRA_663.jpg
193593690,"Estupendo apartamento a una cuadra de Playa Brava, totalmente equipado, muy nuevo y con muchos amenities y comodidades.",345000.0,3.0,3.0,115.0,115.0,Aidy Grill,-34.9496432,-54.9307692,,3.0,False,3,https://www.infocasas.com.uy/estupendo-apartamento-a-una-cuadra-de-playa-brava-totalmente-equipado-muy-nuevo-y-con-muchos-amenities-y-comodidades/193593690,https://cdn2.infocasas.com.uy/repo/img/69d2c8d4e4a83_infocdn__ecisblybouuyxfrv4krbj5r6lng20booclrr6ncnjpg.jpg
193240245,1 Dormitorio de lujo Frente Punta a Shopping servicio Playa,169000.0,1.0,1.0,60.0,60.0,Roosevelt,0,0,,,False,3,https://www.infocasas.com.uy/1-dormitorio-de-lujo-frente-punta-a-shopping-servicio-playa/193240245,https://cdn1.infocasas.com.uy/repo/img/173898037_BYH-6244-TRA_828.jpg
193321919,Torre Esmeralda,350000.0,3.0,3.0,135.0,143.0,Playa Brava,0,0,,,False,4,https://www.infocasas.com.uy/torre-esmeralda/193321919,https://cdn1.infocasas.com.uy/repo/img/173012432_NDM-24736-TRA_343.jpg
193259951,Venta Apartamento en Punta del Este en Península Excelente,168000.0,1.0,1.0,41.0,41.0,Península,0,0,,,False,4,https://www.infocasas.com.uy/venta-apartamento-en-punta-del-este-en-peninsula-excelente/193259951,https://cdn1.infocasas.com.uy/repo/img/320098_AGP-9325-TRA_451.jpg
193325996,"En venta apartamento con excelente vista, de 3 dormitorios en Roosevelt.",310000.0,3.0,2.0,99.0,105.0,Roosevelt,0,0,,,False,3,https://www.infocasas.com.uy/en-venta-apartamento-con-excelente-vista-de-3-dormitorios-en-roosevelt/193325996,https://cdn1.infocasas.com.uy/repo/img/176651596_VDS-4395-TRA_384.jpg
193326316,Apartamento de 3 dormitorios en venta en Punta del Este,240000.0,3.0,2.0,125.0,130.0,Roosevelt,0,0,,,False,4,https://www.infocasas.com.uy/apartamento-de-3-dormitorios-en-venta-en-punta-del-este/193326316,https://cdn1.infocasas.com.uy/repo/img/176651596_VDS-3584-TRA_987.jpg
193378423,"Vende hermoso depto de 2 dormitorios en Look Brava, Punta del Este",460000.0,2.0,3.0,90.0,105.0,Playa Brava,0,0,,,False,3,https://www.infocasas.com.uy/vende-hermoso-depto-de-2-dormitorios-en-look-brava-punta-del-este/193378423,https://cdn1.infocasas.com.uy/repo/img/175955365_LUX-21098870-TRA_421.jpg
193513324,Venta Apartamento en Punta del Este Torre Fragata en Mansa,290000.0,3.0,2.0,95.0,95.0,Playa Mansa,0,0,,,False,4,https://www.infocasas.com.uy/venta-apartamento-en-punta-del-este-torre-fragata-en-mansa/193513324,https://cdn1.infocasas.com.uy/repo/img/173211400_SPP-15987-TRA_128.jpg
192957228,Apartamento en Peninsula,260000.0,3.0,2.0,100.0,120.0,Península,0,0,,,False,4,https://www.infocasas.com.uy/apartamento-en-peninsula/192957228,https://cdn1.infocasas.com.uy/repo/img/883204_EADM-2048-TRA_348.jpg
193582213,Departamento de 2 dormitorios en alquiler en Torre Imperiale,378000.0,2.0,2.0,95.0,108.0,Playa Brava,0,0,,,False,4,https://www.infocasas.com.uy/departamento-de-2-dormitorios-en-alquiler-en-torre-imperiale/193582213,https://cdn1.infocasas.com.uy/repo/img/175664160_ASZ-4207-TRA_8.jpg
192961102,APARTAMENTO PREMIUM VENTA  3 DORMITORIOS IMPECABLE RINCON DEL INDIO PUNTA DEL ESTE,750000.0,3.0,3.0,180.0,243.0,Playa Brava,0,0,,,False,4,https://www.infocasas.com.uy/apartamento-premium-venta-3-dormitorios-impecable-rincon-del-indio-punta-del-este/192961102,https://cdn1.infocasas.com.uy/repo/img/201060_NGP-30787-TRA_558.jpg
193576497,OPORTUNIDAD! - 2 DORMITORIOS ...,169000.0,2.0,2.0,55.0,55.0,Península,0,0,,,False,3,https://www.infocasas.com.uy/oportunidad-2-dormitorios-/193576497,https://cdn1.infocasas.com.uy/repo/img/173255338_EV-4378-TRA_232.jpg
193555368,"Mansa, edificio Boutique, 3 dorm, recién equipado.",750000.0,3.0,3.0,127.0,167.0,Playa Mansa,-34.9262223,-54.9583605,2025.0,,False,3,https://www.infocasas.com.uy/mansa-edificio-boutique-3-dorm-recien-equipado/193555368,https://cdn1.infocasas.com.uy/repo/img/243_NYP-39116-TRA_798.jpg
192933311,"Apartamento de 2 dormitorios y medio en Forest ll, Chiverta Punta del Este.",379000.0,2.0,2.0,100.0,120.0,Playa Mansa,0,0,,,False,4,https://www.infocasas.com.uy/apartamento-de-2-dormitorios-y-medio-en-forest-ll-chiverta-punta-del-este/192933311,https://cdn1.infocasas.com.uy/repo/img/599524_PAR-10416-TRA_106.jpg
192886710,APARTAMENTO EN PUNTA DEL ESTE,935000.0,3.0,5.0,288.0,288.0,Playa Brava,-34.9474229,-54.9215347,,,False,3,https://www.infocasas.com.uy/apartamento-en-punta-del-este/192886710,https://cdn1.infocasas.com.uy/repo/img/175989553_DYT-10386-TRA_579.jpg
193576304,Impresionante vista!! Apartamento reciclado en el Puerto,450000.0,3.0,2.0,94.0,0.0,Península,-34.966032440683676,-54.94772687469481,,,False,2,https://www.infocasas.com.uy/impresionante-vista-apartamento-reciclado-en-el-puerto/193576304,https://cdn1.infocasas.com.uy/repo/img/173158962_AVP-1327-TRA_688.jpg
193460484,Edificio Matsunoya - A nuevo y con renta - San Rafael,168000.0,1.0,1.0,45.0,60.0,San Rafael,0,0,,,False,2,https://www.infocasas.com.uy/edificio-matsunoya-a-nuevo-y-con-renta-san-rafael/193460484,https://cdn1.infocasas.com.uy/repo/img/175664160_ASZ-3981-TRA_182.jpg
193093356,"Apartamento en venta y alquiler anual playa Mansa, Punta del Este",580000.0,3.0,3.0,146.0,178.0,Playa Mansa,-34.951829617543886,-54.93888997008666,,,False,4,https://www.infocasas.com.uy/apartamento-en-venta-y-alquiler-anual-playa-mansa-punta-del-este/193093356,https://cdn1.infocasas.com.uy/repo/img/173903975_KCP-21096667-TRA_98.jpg
193210866,"Venta apartamento Punta del Este a pasos del mar, 2 dormito",283500.0,2.0,2.0,65.0,65.0,Península,-34.953019,-54.932681,2025.0,,False,4,https://www.infocasas.com.uy/venta-apartamento-punta-del-este-a-pasos-del-mar-2-dormito/193210866,https://cdn1.infocasas.com.uy/repo/img/329_CW238247_317.jpg
193144412,Torre Imperiale de 3 dormitorios en venta y alquiler,620000.0,3.0,3.0,140.0,176.0,Playa Brava,0,0,,,False,3,https://www.infocasas.com.uy/torre-imperiale-de-3-dormitorios-en-venta-y-alquiler/193144412,https://cdn1.infocasas.com.uy/repo/img/173012432_NDM-9386-TRA_642.jpg
193555044,"Apartamento en venta de 2 dormitorios y 2 baños, Punta del Este - Ref : EQP8072",250000.0,2.0,2.0,65.0,0.0,Roosevelt,0,0,,,False,4,https://www.infocasas.com.uy/apartamento-en-venta-de-2-dormitorios-y-2-baños-punta-del-este-ref-eqp8072/193555044,https://cdn1.infocasas.com.uy/repo/img/176001116_EQP-8072-TRA_164.jpg
193014669,Imperiale torre I,890000.0,3.0,4.0,214.0,214.0,Playa Brava,0,0,,,False,4,https://www.infocasas.com.uy/imperiale-torre-i/193014669,https://cdn1.infocasas.com.uy/repo/img/175716718_CHZ-2124-TRA_844.jpg
193153938,"Sólido apartamento en venta, Península, Punta del Este, 3 Dormitorios.",680000.0,3.0,3.0,140.0,180.0,Península,0,0,,,False,3,https://www.infocasas.com.uy/solido-apartamento-en-venta-peninsula-punta-del-este-3-dormitorios/193153938,https://cdn1.infocasas.com.uy/repo/img/59163_COL-10032-TRA_877.jpg
193474847,Departamento de tres dormitorios en venta con excelente ubicación,340000.0,3.0,3.0,91.0,115.0,Playa Brava,0,0,,,False,3,https://www.infocasas.com.uy/departamento-de-tres-dormitorios-en-venta-con-excelente-ubicacion/193474847,https://cdn1.infocasas.com.uy/repo/img/94_CNP-17227-TRA_120.jpg
193465666,Apartamento de un dormitorio en venta en Playa Mansa - 1003,141829.0,1.0,1.0,47.0,43.0,Playa Mansa,-34.918002,-54.9765911,2027.0,,False,8,https://www.infocasas.com.uy/apartamento-de-un-dormitorio-en-venta-en-playa-mansa-1003/193465666,https://cdn1.infocasas.com.uy/web/69a92acc6ac82_infocdn.jpg
193078231,EXCELENTE OPORTUNIDAD! Apartamento de 3 dormitorios frente al mar. CONSÚLTENOS!,390000.0,3.0,3.0,95.0,95.0,Península,0,0,,,False,3,https://www.infocasas.com.uy/excelente-oportunidad-apartamento-de-3-dormitorios-frente-al-mar-consultenos/193078231,https://cdn1.infocasas.com.uy/repo/img/59163_COL-10052-TRA_154.jpg
193084658,APARTAMENTO NUEVO con todos los servicios,289000.0,2.0,2.0,69.0,75.0,Playa Brava,0,0,,,False,4,https://www.infocasas.com.uy/apartamento-nuevo-con-todos-los-servicios/193084658,https://cdn1.infocasas.com.uy/repo/img/175716718_CHZ-2720-TRA_441.jpg
193045076,"Apartamento penthouse en alquiler, Le parc , Playa brava",3000000.0,4.0,6.0,370.0,400.0,Roosevelt,0,0,,,False,4,https://www.infocasas.com.uy/apartamento-penthouse-en-alquiler-le-parc-playa-brava/193045076,https://cdn1.infocasas.com.uy/repo/img/173012432_NDM-27714-TRA_407.jpg
192996848,"En venta 2 Dormitorios con garaje en Aidy Grill, Punta del Este",195000.0,2.0,2.0,57.0,67.0,Aidy Grill,-34.9471864,-54.9333539,,,False,2,https://www.infocasas.com.uy/en-venta-2-dormitorios-con-garaje-en-aidy-grill-punta-del-este/192996848,https://cdn1.infocasas.com.uy/repo/img/1189_MYT-5002-TRA_220.jpg
193514314,Apartamento en venta - Roosevelt,230000.0,2.0,2.0,67.0,67.0,Roosevelt,0,0,,,False,4,https://www.infocasas.com.uy/apartamento-en-venta-roosevelt/193514314,https://cdn1.infocasas.com.uy/repo/img/173211400_SPP-7290-TRA_250.jpg
192403868,"Venta apartamento en Playa brava, parada 10 a 100 mts del mar",160000.0,3.0,3.0,65.0,0.0,San Rafael,0,0,,,False,4,https://www.infocasas.com.uy/venta-apartamento-en-playa-brava-parada-10-a-100-mts-del-mar/192403868,https://cdn1.infocasas.com.uy/repo/img/694874_DMC-14834-TRA_826.jpg
192393621,Mansa Parada 9 Apartamento reciclado. - Ref : EQP3555,335000.0,2.0,2.0,80.0,86.0,Playa Mansa,0,0,,,False,3,https://www.infocasas.com.uy/mansa-parada-9-apartamento-reciclado-ref-eqp3555/192393621,https://cdn1.infocasas.com.uy/repo/img/176001116_EQP-3555-TRA_703.jpg
192379316,"Departamento de 3 dormitorios en Tiburón 1, Punta del Este - Ref : EQP2072",410000.0,3.0,3.0,139.0,166.0,Playa Brava,0,0,,,False,4,https://www.infocasas.com.uy/departamento-de-3-dormitorios-en-tiburon-1-punta-del-este-ref-eqp2072/192379316,https://cdn1.infocasas.com.uy/repo/img/176001116_EQP-2072-TRA_251.jpg
192381218,"Departamento Miami Boulevard II, a pasos del mar con hermosa vista - Ref : EQP5027",875000.0,3.0,4.0,175.0,242.0,Playa Mansa,0,0,,,False,3,https://www.infocasas.com.uy/departamento-miami-boulevard-ii-a-pasos-del-mar-con-hermosa-vista-ref-eqp5027/192381218,https://cdn1.infocasas.com.uy/repo/img/176001116_EQP-5027-TRA_970.jpg
192432040,Alexander Boulevard de 2 dorm 2 baños en venta,355000.0,2.0,2.0,127.0,127.0,Playa Mansa,-34.95034499717783,-54.937106420593246,,,False,4,https://www.infocasas.com.uy/alexander-boulevard-de-2-dorm-2-baños-en-venta/192432040,https://cdn1.infocasas.com.uy/repo/img/175322336_PGO-1495-TRA_63.jpg
192380206,VENTA APARTAMENTO 1 DORMITORIO CON GARAGE ROOSEVELT - Ref : EQP3237,150000.0,1.0,1.0,51.0,63.0,Roosevelt,0,0,,,False,4,https://www.infocasas.com.uy/venta-apartamento-1-dormitorio-con-garage-roosevelt-ref-eqp3237/192380206,https://cdn1.infocasas.com.uy/repo/img/176001116_EQP-3237-TRA_324.jpg
192323641,Excelente Pent-house totalmente teciclado y una vista espectacular,967200.0,2.0,2.0,134.0,200.0,Península,-34.96353064390229,-54.945892951589975,,,False,2,https://www.infocasas.com.uy/excelente-penthouse-totalmente-teciclado-y-una-vista-espectacular/192323641,https://cdn1.infocasas.com.uy/repo/img/638_WYN-929-TRA_131.jpg
192378963,torre con servicio en parada 5 de avenida roosevelt - Ref : EQP1770,240000.0,2.0,2.0,65.0,65.0,Roosevelt,0,0,,,False,4,https://www.infocasas.com.uy/torre-con-servicio-en-parada-5-de-avenida-roosevelt-ref-eqp1770/192378963,https://cdn1.infocasas.com.uy/repo/img/176001116_EQP-1770-TRA_724.jpg
192600472,Apartamento en Veramansa 2 dormitorios en venta,580000.0,2.0,2.0,95.0,134.0,Playa Mansa,0,0,,,False,4,https://www.infocasas.com.uy/apartamento-en-veramansa-2-dormitorios-en-venta/192600472,https://cdn1.infocasas.com.uy/repo/img/203121_SIP-188-TRA_422.jpg
193701021,"Apartamento Frente al Mar en Emir, Peninsula",375000.0,3.0,3.0,95.0,95.0,Península,-34.962691240456145,-54.94110724722138,,,False,3,https://www.infocasas.com.uy/apartamento-frente-al-mar-en-emir-peninsula/193701021,https://cdn1.infocasas.com.uy/repo/img/176804441_NFP-17-TRA_852.jpg
193752532,"Apartamento Penthouse en Peninsula, 4 dormitorios *",2000000.0,4.0,4.0,206.0,310.0,Península,0,0,,,False,4,https://www.infocasas.com.uy/apartamento-penthouse-en-peninsula-4-dormitorios-/193752532,https://cdn1.infocasas.com.uy/repo/img/694874_DMC-16988-TRA_513.jpg
193709569,Apartamentode 2 dormitorios en venta en Punta del Este Playa Brava,300000.0,2.0,2.0,64.0,0.0,Playa Brava,0,0,,,False,2,https://www.infocasas.com.uy/apartamentode-2-dormitorios-en-venta-en-punta-del-este-playa-brava/193709569,https://cdn1.infocasas.com.uy/repo/img/173012432_NDM-19965-TRA_328.jpg
193677257,Monoambiente en Bellagio!,145000.0,0.0,1.0,33.0,33.0,Roosevelt,0,0,,,False,4,https://www.infocasas.com.uy/monoambiente-en-bellagio/193677257,https://cdn1.infocasas.com.uy/repo/img/261_GII-3762-TRA_476.jpg
193754118,APARTAMENTO EN VENTA 2 DORMITORIOS -PLACE LAFAYETTE,260000.0,2.0,2.0,60.0,85.0,Roosevelt,0,0,2016.0,,False,4,https://www.infocasas.com.uy/apartamento-en-venta-2-dormitorios-place-lafayette/193754118,https://cdn1.infocasas.com.uy/repo/img/694874_DMC-17009-TRA_412.jpg
193754125,"Venta apartamento 3 dormitorios. Playa brava, Punta del Este",580000.0,3.0,2.0,120.0,150.0,Playa Brava,0,0,,,False,4,https://www.infocasas.com.uy/venta-apartamento-3-dormitorios-playa-brava-punta-del-este/193754125,https://cdn1.infocasas.com.uy/repo/img/694874_DMC-17013-TRA_57.jpg
193720640,Penthouse Punta del Este Península Venta De Apartamento 4 Dormitorios 3 baños estufa a leña 2 garajes vistas espectaculares gran terraza,248000.0,4.0,3.0,81.0,81.0,Península,-34.9623321,-54.9420216,,,False,0,https://www.infocasas.com.uy/penthouse-punta-del-este-peninsula-venta-de-apartamento-4-dormitorios-3-baños-estufa-a-leña-2-garajes-vistas-espectaculares-gran-terraza/193720640,https://cdn2.infocasas.com.uy/repo/img/69fce9444db47_infocdn__gpamai8rba22pdojmut6fs6rrfmjzfkvn1pcoouujpg.jpg
193633012,Departamento en venta en Punta del Este - Ref : EQP8126,210000.0,2.0,2.0,59.0,0.0,Cantegril,0,0,,,False,4,https://www.infocasas.com.uy/departamento-en-venta-en-punta-del-este-ref-eqp8126/193633012,https://cdn1.infocasas.com.uy/repo/img/176001116_EQP-8126-TRA_244.jpg
193172056,Apto.  en Primera Fila frente al Mar!!,285000.0,2.0,2.0,105.0,0.0,Playa Brava,0,0,,,False,4,https://www.infocasas.com.uy/apto-en-primera-fila-frente-al-mar/193172056,https://cdn1.infocasas.com.uy/repo/img/694874_DMC-3656-TRA_872.jpg
193171421,"Venta apartamento Imperiale, 3 dormitorios esquinero Punta del Este",890000.0,4.0,4.0,212.0,230.0,Playa Brava,-34.95755126330202,-54.934676339225796,,,False,4,https://www.infocasas.com.uy/venta-apartamento-imperiale-3-dormitorios-esquinero-punta-del-este/193171421,https://cdn1.infocasas.com.uy/repo/img/694874_DMC-1735-TRA_241.jpg
193171476,Apartamento en Venta de un dormitorio en excelente ubicación en edificio con todos los servicios +amenities +renta +oportunidad,139000.0,1.0,1.0,45.0,45.0,Roosevelt,0,0,,,False,4,https://www.infocasas.com.uy/apartamento-en-venta-de-un-dormitorio-en-excelente-ubicacion-en-edificio-con-todos-los-servicios-amenities-renta-oportunidad/193171476,https://cdn1.infocasas.com.uy/repo/img/694874_DMC-2967-TRA_471.jpg
193179818,En venta apartamento monoambiente en Punta del Este,105000.0,0.0,1.0,28.0,28.0,Aidy Grill,0,0,,,False,3,https://www.infocasas.com.uy/en-venta-apartamento-monoambiente-en-punta-del-este/193179818,https://cdn1.infocasas.com.uy/repo/img/173012432_NDM-28073-TRA_558.jpg
193167203,(BPV-BPV-6593)  Apartamento EN venta 1 DORMITORIO,200000.0,1.0,1.0,50.0,50.0,Cantegril,-34.9358237,-54.9510394,2026.0,,False,3,https://www.infocasas.com.uy/bpvbpv6593-apartamento-en-venta-1-dormitorio/193167203,https://cdn1.infocasas.com.uy/repo/img/279_BPV-BPV-6593_872.jpg
193171739,"Imperiale II, apartamento con inmejorable vista",950000.0,4.0,4.0,212.0,230.0,Playa Brava,0,0,,,False,3,https://www.infocasas.com.uy/imperiale-ii-apartamento-con-inmejorable-vista/193171739,https://cdn1.infocasas.com.uy/repo/img/694874_DMC-3061-TRA_241.jpg
193463722,YOO PUNTA DEL ESTE. Un dormitorio y medio,180000.0,2.0,1.0,68.0,68.0,Roosevelt,-34.9371457,-54.9358567,,3.0,False,3,https://www.infocasas.com.uy/yoo-punta-del-este-un-dormitorio-y-medio/193463722,https://cdn2.infocasas.com.uy/repo/img/69a88bc8366c6_infocdn__f3ltmnzidn7cc473kd2gjvedzuva4o8uhoxy9jrfjpg.jpg
193178619,Apartamento en venta - 2 dormitorios + ½ | 2 baños | cochera techada,280000.0,2.0,2.0,66.0,75.0,Playa Brava,0,0,,,False,4,https://www.infocasas.com.uy/apartamento-en-venta-2-dormitorios-½-2-baños-cochera-techada/193178619,https://cdn1.infocasas.com.uy/repo/img/694874_DMC-15482-TRA_599.jpg
193194929,MANSA INN BEACH,300000.0,2.0,2.0,83.0,90.0,Playa Mansa,0,0,,,False,4,https://www.infocasas.com.uy/mansa-inn-beach/193194929,https://cdn1.infocasas.com.uy/repo/img/175716718_CHZ-1758-TRA_377.jpg
193184779,Apartamento en venta en Aidy Grill,145000.0,0.0,1.0,33.0,30.0,Aidy Grill,-34.946692000215315,-54.93504972201246,2024.0,,False,4,https://www.infocasas.com.uy/apartamento-en-venta-en-aidy-grill/193184779,https://cdn1.infocasas.com.uy/repo/img/173628908_77468_177.jpg
193179084,Venta apartamento 3 dormitorios. Península Punta del Este.,260000.0,3.0,2.0,100.0,120.0,Península,0,0,,,False,4,https://www.infocasas.com.uy/venta-apartamento-3-dormitorios-peninsula-punta-del-este/193179084,https://cdn1.infocasas.com.uy/repo/img/694874_DMC-15832-TRA_216.jpg
193170762,Gran oportunidad de inversion!,340000.0,2.0,2.0,114.0,137.0,Playa Mansa,-34.90858103407482,-55.013023664550765,2022.0,,False,3,https://www.infocasas.com.uy/gran-oportunidad-de-inversion/193170762,https://cdn1.infocasas.com.uy/repo/img/694874_DMC-8496-TRA_900.jpg
193251346,"Apartamento en venta, Punta del este, frente a playa de los Ingleses",163000.0,2.0,2.0,48.0,50.0,Península,0,0,,,False,2,https://www.infocasas.com.uy/apartamento-en-venta-punta-del-este-frente-a-playa-de-los-ingleses/193251346,https://cdn1.infocasas.com.uy/repo/img/201060_NGP-30354-TRA_264.jpg
193268475,Apartamento en Brava - Punta del Este,530000.0,3.0,3.0,173.0,0.0,Playa Brava,0,0,,,False,4,https://www.infocasas.com.uy/apartamento-en-brava-punta-del-este/193268475,https://cdn1.infocasas.com.uy/repo/img/173012432_NDM-17571-TRA_244.jpg
193202186,Venta Apartamento en Punta del Este Torre Verona Península,220000.0,2.0,1.0,71.0,71.0,Península,0,0,,,False,2,https://www.infocasas.com.uy/venta-apartamento-en-punta-del-este-torre-verona-peninsula/193202186,https://cdn1.infocasas.com.uy/repo/img/173255338_EV-3885-TRA_366.jpg
193234539,"Departamento en venta de 4 Suites en Playa Brava, Punta del Este",680000.0,4.0,4.0,195.0,195.0,Playa Brava,0,0,,,False,4,https://www.infocasas.com.uy/departamento-en-venta-de-4-suites-en-playa-brava-punta-del-este/193234539,https://cdn1.infocasas.com.uy/repo/img/261_GII-3145-TRA_522.jpg
193687840,"En Edificio Unique, te ofrecemos departamento de 2 dormitorios.",189000.0,1.0,1.0,60.0,60.0,San Rafael,0,0,,,False,3,https://www.infocasas.com.uy/en-edificio-unique-te-ofrecemos-departamento-de-2-dormitorios/193687840,https://cdn1.infocasas.com.uy/repo/img/147022_IVP-9333-TRA_538.jpg
193684628,Apartamento en venta Playa Mansa 3 dormitorios,370000.0,3.0,3.0,92.0,0.0,Playa Mansa,-34.930103386145,-54.95510995388,2016.0,,False,7,https://www.infocasas.com.uy/apartamento-en-venta-playa-mansa-3-dormitorios/193684628,https://cdn1.infocasas.com.uy/repo/img/13651_UY.42.1.147.77.V15_394.jpg
193744610,"Apartamento en Aidy Grill, 3 dormitorios , parrillero propio",300000.0,3.0,2.0,110.0,0.0,Aidy Grill,-34.95326671102444,-54.93328963716505,,,False,4,https://www.infocasas.com.uy/apartamento-en-aidy-grill-3-dormitorios-parrillero-propio/193744610,https://cdn1.infocasas.com.uy/repo/img/202911_TDP-7421-TRA_713.jpg
193748445,Venta departamento punta del este,330000.0,2.0,2.0,75.0,0.0,Playa Brava,0,0,,,False,4,https://www.infocasas.com.uy/venta-departamento-punta-del-este/193748445,https://cdn1.infocasas.com.uy/repo/img/175572099_CBR-2428-TRA_262.jpg
193722456,Apartamento en venta playa Mansa de 4 dormitorios y amplia terraza con parrillero propio,340000.0,4.0,2.0,115.0,137.0,Playa Mansa,0,0,,,False,3,https://www.infocasas.com.uy/apartamento-en-venta-playa-mansa-de-4-dormitorios-y-amplia-terraza-con-parrillero-propio/193722456,https://cdn1.infocasas.com.uy/repo/img/173452776_DPT-3144-TRA_442.jpg
193732434,"En venta apartamento de 4 dormitorios en Rincon del Indio, con excelente vista",2200000.0,4.0,4.0,246.0,342.0,Rincón del Indio,0,0,,,False,3,https://www.infocasas.com.uy/en-venta-apartamento-de-4-dormitorios-en-rincon-del-indio-con-excelente-vista/193732434,https://cdn1.infocasas.com.uy/repo/img/173012432_NDM-30026-TRA_913.jpg
193702317,PENTHOUSE A METROS DE LA BRAVA,500000.0,4.0,5.0,128.0,225.0,Playa Brava,0,0,,,False,4,https://www.infocasas.com.uy/penthouse-a-metros-de-la-brava/193702317,https://cdn1.infocasas.com.uy/repo/img/895572_PUC-2818-TRA_582.jpg
193688262,"Venta Departamento en Surfside, 3 En Suite + Den",1483000.0,3.0,3.0,262.0,177.0,Playa Brava,-34.9191773,-54.8712534,2026.0,,False,4,https://www.infocasas.com.uy/venta-departamento-en-surfside-3-en-suite-den/193688262,https://cdn1.infocasas.com.uy/repo/img/175500891_88857_732.jpg
193737590,EXCLUSIVO SEMIPISO PRIMERA LINEA MANSA PARADA 10,549000.0,3.0,3.0,117.0,0.0,Playa Mansa,-34.938511977266,-54.948902779832,2025.0,,False,7,https://www.infocasas.com.uy/exclusivo-semipiso-primera-linea-mansa-parada-10/193737590,https://cdn1.infocasas.com.uy/repo/img/13651_UY.42.1.154.47.V18_234.jpg
193759837,Venta apartamento 2 dormitorios,570000.0,2.0,2.0,87.0,110.0,Playa Mansa,0,0,,,False,3,https://www.infocasas.com.uy/venta-apartamento-2-dormitorios/193759837,https://cdn1.infocasas.com.uy/repo/img/173224178_ARE-5962-TRA_816.jpg
193737207,En alquiler anual departamento de 2 dormitorios y 1 baño Punta del Este,260000.0,2.0,1.0,80.0,80.0,Roosevelt,0,0,,,False,3,https://www.infocasas.com.uy/en-alquiler-anual-departamento-de-2-dormitorios-y-1-baño-punta-del-este/193737207,https://cdn1.infocasas.com.uy/repo/img/203121_SIP-13955-TRA_116.jpg
193577887,Apartamento Pent House Mansa 2 dorm.,345000.0,2.0,2.0,75.0,120.0,Playa Brava,0,0,,,False,4,https://www.infocasas.com.uy/apartamento-pent-house-mansa-2-dorm/193577887,https://cdn1.infocasas.com.uy/repo/img/173325609_MCH-10569-TRA_292.jpg
193672175,"Apartamento en venta  Edificio Pinheiros  Pinares, Parada 25",140000.0,0.0,1.0,32.0,49.0,Pinares,0,0,2022.0,,False,4,https://www.infocasas.com.uy/apartamento-en-venta-edificio-pinheiros-pinares-parada-25/193672175,https://cdn1.infocasas.com.uy/repo/img/694874_DMC-16908-TRA_742.jpg
193574657,Departamento de 2 dormitorios en venta en Punta del Este,225000.0,2.0,1.0,58.0,0.0,Aidy Grill,0,0,,,False,4,https://www.infocasas.com.uy/departamento-de-2-dormitorios-en-venta-en-punta-del-este/193574657,https://cdn1.infocasas.com.uy/repo/img/173012432_NDM-29445-TRA_32.jpg
193657232,Apartamento de dos dormitorios en venta en Punta del Este.-,240000.0,2.0,1.0,48.0,0.0,Aidy Grill,0,0,,,False,4,https://www.infocasas.com.uy/apartamento-de-dos-dormitorios-en-venta-en-punta-del-este/193657232,https://cdn1.infocasas.com.uy/repo/img/173255338_EV-4443-TRA_530.jpg
193169198,"Departamento Frente al Mar, Playa Mansa en Venta Dos Dormitorios y Parrillero",390000.0,2.0,2.0,100.0,60.0,Las Delicias,0,0,,,False,4,https://www.infocasas.com.uy/departamento-frente-al-mar-playa-mansa-en-venta-dos-dormitorios-y-parrillero/193169198,https://cdn1.infocasas.com.uy/repo/img/694874_DMC-3686-TRA_472.jpg
193101750,Apartamento en mansa,485000.0,3.0,4.0,114.0,0.0,Playa Mansa,0,0,,,False,4,https://www.infocasas.com.uy/apartamento-en-mansa/193101750,https://cdn1.infocasas.com.uy/repo/img/59163_COL-10097-TRA_760.jpg
193189024,PARAMOUNT - PISO ALTO - 3 DORM,920000.0,3.0,3.0,134.0,170.0,Playa Mansa,-34.918002,-54.9765911,,,False,3,https://www.infocasas.com.uy/paramount-piso-alto-3-dorm/193189024,https://cdn1.infocasas.com.uy/repo/img/256162_MKT-7666-TRA_65.jpg
193062717,Apartamento de 2 dormitorios en Edificio Look,480000.0,2.0,2.0,100.0,0.0,Playa Brava,-34.944775638312336,-54.92071085974119,,,False,4,https://www.infocasas.com.uy/apartamento-de-2-dormitorios-en-edificio-look/193062717,https://cdn1.infocasas.com.uy/repo/img/176453386_VIS-21-TRA_871.jpg
193181796,"Apartamento 2 dormitorios en Península, con vista al mar!",275000.0,2.0,2.0,70.0,70.0,Península,0,0,,,False,4,https://www.infocasas.com.uy/apartamento-2-dormitorios-en-peninsula-con-vista-al-mar/193181796,https://cdn1.infocasas.com.uy/repo/img/173012432_NDM-12591-TRA_728.jpg
193456204,"View Brava, invierta con firnanciacion, apartamento de 3 dormitorios en venta",454410.0,3.0,3.0,122.0,181.0,Playa Brava,0,0,,,False,3,https://www.infocasas.com.uy/view-brava-invierta-con-firnanciacion-apartamento-de-3-dormitorios-en-venta/193456204,https://cdn1.infocasas.com.uy/repo/img/173012432_NDM-28947-TRA_704.jpg
193127237,Venta Apartamento 3 dormitorios en Playa Mansa,730000.0,3.0,3.0,100.0,100.0,Playa Mansa,-34.93898978304306,-54.94622849395141,,,False,4,https://www.infocasas.com.uy/venta-apartamento-3-dormitorios-en-playa-mansa/193127237,https://cdn1.infocasas.com.uy/repo/img/173903975_KCP-21096766-TRA_169.jpg
193103548,precioso edificio en  mansa con todos los servicios disponible desde 9 de enero,780000.0,3.0,3.0,100.0,125.0,Playa Mansa,0,0,,,False,4,https://www.infocasas.com.uy/precioso-edificio-en-mansa-con-todos-los-servicios-disponible-desde-9-de-enero/193103548,https://cdn1.infocasas.com.uy/repo/img/59163_COL-8122-TRA_256.jpg
193085669,"En venta apartamento de 4 dormitorios, playa Mansa",850000.0,4.0,3.0,220.0,220.0,Playa Mansa,0,0,,,False,4,https://www.infocasas.com.uy/en-venta-apartamento-de-4-dormitorios-playa-mansa/193085669,https://cdn1.infocasas.com.uy/repo/img/176030818_CDV-60-TRA_74.jpg
192975512,"Apartamento en venta de 4 dormitorios en Aguas azules, Punta del Este.",690000.0,4.0,4.0,250.0,260.0,Playa Brava,0,0,,,False,3,https://www.infocasas.com.uy/apartamento-en-venta-de-4-dormitorios-en-aguas-azules-punta-del-este/192975512,https://cdn1.infocasas.com.uy/repo/img/599524_PAR-7906-TRA_123.jpg
193287506,Apartamento de 3 dormitorios a la venta en playa Mansa Punta del Este,250000.0,3.0,2.0,80.0,105.0,Playa Mansa,0,0,,,False,4,https://www.infocasas.com.uy/apartamento-de-3-dormitorios-a-la-venta-en-playa-mansa-punta-del-este/193287506,https://cdn1.infocasas.com.uy/repo/img/173012432_NDM-28504-TRA_449.jpg
193287508,APARTAMENTO EN TORRE TRUMP DE 1 DORMITORIO Y 2 BAÑOS,670000.0,1.0,2.0,112.0,0.0,Playa Brava,0,0,,,False,3,https://www.infocasas.com.uy/apartamento-en-torre-trump-de-1-dormitorio-y-2-baños/193287508,https://cdn1.infocasas.com.uy/repo/img/173012432_NDM-28510-TRA_345.jpg
193450427,Apartamento 2 dormitorios con garage Península excelente ubicación,220000.0,2.0,2.0,65.0,0.0,Península,-34.964365378567194,-54.94419632484989,,,False,4,https://www.infocasas.com.uy/apartamento-2-dormitorios-con-garage-peninsula-excelente-ubicacion/193450427,https://cdn1.infocasas.com.uy/repo/img/173608395_ASR-2590-TRA_646.jpg
193435179,Departamento - Playa Mansa -  2 dormitorios - balcón - cochera - piscina,240000.0,2.0,2.0,93.0,69.0,Playa Mansa,-34.908659336,-55.0052892198,2023.0,,False,3,https://www.infocasas.com.uy/departamento-playa-mansa-2-dormitorios-balcon-cochera-piscina/193435179,https://cdn1.infocasas.com.uy/web/699eeddb50275_infocdn.jpg
193650510,"En venta, 1 dormitorio en Península - Punta del Este - Ref : EQP8033",154000.0,1.0,1.0,36.0,40.0,Península,0,0,,,False,4,https://www.infocasas.com.uy/en-venta-1-dormitorio-en-peninsula-punta-del-este-ref-eqp8033/193650510,https://cdn1.infocasas.com.uy/repo/img/176001116_EQP-8033-TRA_151.jpg
193512774,Apartamento de 3 dormitorios 2 baños en excelente ubicación - vende en exclusividad,245000.0,3.0,2.0,74.0,80.0,Roosevelt,0,0,,,False,4,https://www.infocasas.com.uy/apartamento-de-3-dormitorios-2-baños-en-excelente-ubicacion-vende-en-exclusividad/193512774,https://cdn1.infocasas.com.uy/repo/img/173211400_SPP-13251-TRA_382.jpg
193512516,APARTAMENTO 3 DORMITORIO EN PENINSULA,230000.0,3.0,2.0,86.0,0.0,Península,0,0,,,False,4,https://www.infocasas.com.uy/apartamento-3-dormitorio-en-peninsula/193512516,https://cdn1.infocasas.com.uy/repo/img/173211400_SPP-16462-TRA_289.jpg
193444352,Departamento en venta de 4 dormitorios Punta Del Este,2000000.0,4.0,1.0,502.0,581.0,Playa Brava,0,0,,,False,4,https://www.infocasas.com.uy/departamento-en-venta-de-4-dormitorios-punta-del-este/193444352,https://cdn1.infocasas.com.uy/repo/img/173012432_NDM-5280-TRA_162.jpg
193450654,MIAMI BOULEVARD PENT HOUSE,950000.0,2.0,3.0,330.0,195.0,Playa Mansa,-34.94653562802242,-54.93852518966064,2022.0,,False,4,https://www.infocasas.com.uy/miami-boulevard-pent-house/193450654,https://cdn1.infocasas.com.uy/repo/img/256162_MKT-7982-TRA_27.jpg
193379981,Apartamento en venta de 1 dormitorio y medio en Punta del este buen sol y vista al mar.,159000.0,1.0,1.0,50.0,60.0,Península,0,0,,,False,4,https://www.infocasas.com.uy/apartamento-en-venta-de-1-dormitorio-y-medio-en-punta-del-este-buen-sol-y-vista-al-mar/193379981,https://cdn1.infocasas.com.uy/repo/img/176713292_ALX-793-TRA_310.jpg
193494361,Venta - Amplio apartamento frente al mar en Isla de Gorriti,180000.0,1.0,1.0,52.0,52.0,Playa Mansa,-34.93877870047312,-54.948545922540276,,,False,2,https://www.infocasas.com.uy/venta-amplio-apartamento-frente-al-mar-en-isla-de-gorriti/193494361,https://cdn1.infocasas.com.uy/repo/img/176775602_ANF-108-TRA_683.jpg
193439172,MIAMI BOULEVARD VENTA DE APARTAMENTO DE 3 DORMITORIOS PUNTA DEL ESTE,735000.0,3.0,3.0,130.0,159.0,Playa Mansa,0,0,,,False,4,https://www.infocasas.com.uy/miami-boulevard-venta-de-apartamento-de-3-dormitorios-punta-del-este/193439172,https://cdn1.infocasas.com.uy/repo/img/5226_NLV-224761-TRA_831.jpg
193383089,VENTA APARTAMENTO 4 DORMITORIOS + DEPENDECIA Y GYM PROPIO PLAYA BRAVA,2900000.0,4.0,5.0,160.0,0.0,Playa Brava,-34.955711,-54.9344911,,,False,3,https://www.infocasas.com.uy/venta-apartamento-4-dormitorios-dependecia-y-gym-propio-playa-brava/193383089,https://cdn1.infocasas.com.uy/repo/img/173890249_REI-11858-TRA_467.jpg
193423918,"Venta Apartamento en Península, 2 dormitorios Punta del Este",250000.0,2.0,2.0,59.0,80.0,Península,0,0,,,False,4,https://www.infocasas.com.uy/venta-apartamento-en-peninsula-2-dormitorios-punta-del-este/193423918,https://cdn1.infocasas.com.uy/repo/img/320098_AGP-391-TRA_334.jpg
193512223,a pocos metros del mar!,340000.0,2.0,2.0,65.0,70.0,Playa Mansa,0,0,,,False,4,https://www.infocasas.com.uy/a-pocos-metros-del-mar/193512223,https://cdn1.infocasas.com.uy/repo/img/173211400_SPP-8100-TRA_808.jpg
193101223,Apartamento en mansa,700000.0,3.0,5.0,123.0,0.0,Playa Mansa,0,0,,,False,4,https://www.infocasas.com.uy/apartamento-en-mansa/193101223,https://cdn1.infocasas.com.uy/repo/img/59163_COL-10098-TRA_591.jpg
193169527,"Venta pent-house, primera línea, playa mansa",1150000.0,3.0,2.0,190.0,240.0,Playa Mansa,0,0,,,False,4,https://www.infocasas.com.uy/venta-penthouse-primera-linea-playa-mansa/193169527,https://cdn1.infocasas.com.uy/repo/img/694874_DMC-15233-TRA_269.jpg
193170052,"Venta apartamento 4 dormitorios. Playa brava, Punta del Este",1000000.0,4.0,4.0,212.0,230.0,Playa Brava,0,0,,,False,4,https://www.infocasas.com.uy/venta-apartamento-4-dormitorios-playa-brava-punta-del-este/193170052,https://cdn1.infocasas.com.uy/repo/img/694874_DMC-796-TRA_41.jpg
193170170,Pent-house de lujo sobre el mar en península de Punta del Este,580000.0,3.0,3.0,163.0,163.0,Península,0,0,,,False,3,https://www.infocasas.com.uy/penthouse-de-lujo-sobre-el-mar-en-peninsula-de-punta-del-este/193170170,https://cdn1.infocasas.com.uy/repo/img/694874_DMC-2238-TRA_519.jpg
193416046,Le Parc 4 - Central,1250770.0,3.0,4.0,183.0,183.0,Playa Brava,-34.94496911653927,-54.92101663156889,,,False,4,https://www.infocasas.com.uy/le-parc-4-central/193416046,https://cdn1.infocasas.com.uy/repo/img/175955365_LUX-21099001-TRA_603.jpg
193185381,Increible departamento en edificio Imperiale II brava-punta del este,889000.0,3.0,3.0,120.0,140.0,Playa Brava,0,0,,,False,3,https://www.infocasas.com.uy/increible-departamento-en-edificio-imperiale-ii-bravapunta-del-este/193185381,https://cdn1.infocasas.com.uy/repo/img/599524_PAR-11468-TRA_524.jpg
193505722,Oportunidad 3 dormitorios + servicio y gran terraza con parrillero propio en Playa Brava Punta del Este,310000.0,3.0,3.0,94.0,94.0,Península,-34.96325119999999,-54.9465001,,,False,6,https://www.infocasas.com.uy/oportunidad-3-dormitorios-servicio-y-gran-terraza-con-parrillero-propio-en-playa-brava-punta-del-este/193505722,https://cdn1.infocasas.com.uy/repo/img/173608395_ASR-4565-TRA_690.jpg
193386370,Torre Imperiale | Apartamento de 2 dormitorios con excelente vista al mar.,410000.0,2.0,2.0,95.0,108.0,Playa Brava,0,0,,,False,4,https://www.infocasas.com.uy/torre-imperiale-apartamento-de-2-dormitorios-con-excelente-vista-al-mar/193386370,https://cdn1.infocasas.com.uy/repo/img/176713292_ALX-1479-TRA_596.jpg
193325154,Playa mansa amplia terraza,980000.0,3.0,3.0,217.0,250.0,Playa Mansa,0,0,,,False,4,https://www.infocasas.com.uy/playa-mansa-amplia-terraza/193325154,https://cdn1.infocasas.com.uy/repo/img/176651596_VDS-4622-TRA_806.jpg
193386991,Ocean Drive en venta 3 dormitorios,420000.0,3.0,4.0,155.0,155.0,Playa Brava,0,0,,,False,4,https://www.infocasas.com.uy/ocean-drive-en-venta-3-dormitorios/193386991,https://cdn1.infocasas.com.uy/repo/img/173608396_HAUS-736-TRA_739.jpg
193339501,Apartamento en venta 3 dormitorios en Roosevelt Center,360000.0,3.0,2.0,143.0,157.0,Playa Mansa,0,0,,,False,2,https://www.infocasas.com.uy/apartamento-en-venta-3-dormitorios-en-roosevelt-center/193339501,https://cdn1.infocasas.com.uy/repo/img/638_WYN-6148-TRA_606.jpg
193366431,Apartamento en venta de 3 dormitorios y dependencia de servicio en Punta del Este,220000.0,3.0,2.0,115.0,136.0,Península,0,0,,,False,4,https://www.infocasas.com.uy/apartamento-en-venta-de-3-dormitorios-y-dependencia-de-servicio-en-punta-del-este/193366431,https://cdn1.infocasas.com.uy/repo/img/175572099_CBR-2234-TRA_563.jpg
193505309,Apartamento en primera línea de Playa Mansa - Edificio Ilha Bella,310000.0,3.0,3.0,93.0,113.0,Playa Mansa,-34.934917552611765,-54.95270334651336,,,False,2,https://www.infocasas.com.uy/apartamento-en-primera-linea-de-playa-mansa-edificio-ilha-bella/193505309,https://cdn1.infocasas.com.uy/repo/img/176537518_GRO-137-TRA_449.jpg
193397215,Venta Apartamento Ville Le Parc,120000.0,1.0,1.0,40.0,40.0,Roosevelt,-34.9537918,-54.9300759,,,False,4,https://www.infocasas.com.uy/venta-apartamento-ville-le-parc/193397215,https://cdn1.infocasas.com.uy/repo/img/5226_NLV-214953-TRA_849.jpg
193386788,Apartamento de 3 dormitorios en Playa Mansa | Punta del Este,520000.0,3.0,2.0,106.0,128.0,Playa Mansa,0,0,,,False,3,https://www.infocasas.com.uy/apartamento-de-3-dormitorios-en-playa-mansa-punta-del-este/193386788,https://cdn1.infocasas.com.uy/repo/img/176713292_ALX-1400-TRA_681.jpg
193386800,Apartamento en venta en Playa Mansa | Primera línea | Punta del Este,535000.0,4.0,3.0,228.0,228.0,Playa Mansa,0,0,,,False,4,https://www.infocasas.com.uy/apartamento-en-venta-en-playa-mansa-primera-linea-punta-del-este/193386800,https://cdn1.infocasas.com.uy/repo/img/176713292_ALX-1406-TRA_559.jpg
193402639,"CASA DEL MAR, RINCON DEL INDIO, PRIMERA LINEA PLAYA BRAVA",570000.0,3.0,3.0,135.0,135.0,Rincón del Indio,0,0,,,False,2,https://www.infocasas.com.uy/casa-del-mar-rincon-del-indio-primera-linea-playa-brava/193402639,https://cdn1.infocasas.com.uy/repo/img/173012432_NDM-14596-TRA_414.jpg
193443662,"Apartamento en Alquiler de 2 dormitorio frente al Mar en Edificio Cruceros, Punta del este , Playa Mansa",360000.0,2.0,3.0,73.0,95.0,Playa Mansa,0,0,,,False,4,https://www.infocasas.com.uy/apartamento-en-alquiler-de-2-dormitorio-frente-al-mar-en-edificio-cruceros-punta-del-este-playa-mansa/193443662,https://cdn1.infocasas.com.uy/repo/img/173255338_EV-4240-TRA_957.jpg
